ticker,trade_date,expiry,dte,option_type,strike,mid,bid,ask,spot,volume,open_interest,iv,rate,div_yield
SPY,2026-05-25,2026-05-26,1,call,525.0,221.01999999999998,219.62,222.42,745.6400146484375,7,7,1.701173369140625,0.04,0.013
SPY,2026-05-25,2026-05-26,1,call,580.0,166.025,164.62,167.43,745.6400146484375,0,2,1.2675817871093749,0.04,0.013
SPY,2026-05-25,2026-05-26,1,call,600.0,146.02499999999998,144.63,147.42,745.6400146484375,1,11,1.1167036352539061,0.04,0.013
SPY,2026-05-25,2026-05-26,1,call,620.0,126.03999999999999,124.63,127.45,745.6400146484375,1,1,0.9741213525390625,0.04,0.013
SPY,2026-05-25,2026-05-26,1,call,640.0,106.035,104.63,107.44,745.6400146484375,0,2,0.8261736132812498,0.04,0.013
SPY,2026-05-25,2026-05-26,1,call,645.0,101.03,99.63,102.43,745.6400146484375,0,1,0.788088056640625,0.04,0.013
SPY,2026-05-25,2026-05-26,1,call,650.0,96.035,94.64,97.43,745.6400146484375,0,3,0.7539087109375,0.04,0.013
SPY,2026-05-25,2026-05-26,1,call,655.0,91.05,89.64,92.46,745.6400146484375,2,0,0.7221707470703125,0.04,0.013
SPY,2026-05-25,2026-05-26,1,call,660.0,86.05,84.64,87.46,745.6400146484375,10,2,0.6860382958984376,0.04,0.013
SPY,2026-05-25,2026-05-26,1,call,670.0,76.03999999999999,74.64,77.44,745.6400146484375,19,10,0.6113320117187502,0.04,0.013
SPY,2026-05-25,2026-05-26,1,call,675.0,71.06,69.65,72.47,745.6400146484375,5,1,0.5800823242187501,0.04,0.013
SPY,2026-05-25,2026-05-26,1,call,680.0,66.055,64.65,67.46,745.6400146484375,6,3,0.5424850439453126,0.04,0.013
SPY,2026-05-25,2026-05-26,1,call,685.0,61.055,59.66,62.45,745.6400146484375,27,3,0.5063525927734375,0.04,0.013
SPY,2026-05-25,2026-05-26,1,call,690.0,56.06,54.66,57.46,745.6400146484375,65,15,0.646365841064453,0.04,0.013
SPY,2026-05-25,2026-05-26,1,call,691.0,55.065,53.66,56.47,745.6400146484375,0,4,0.6381872119140625,0.04,0.013
SPY,2026-05-25,2026-05-26,1,call,692.0,54.065,52.66,55.47,745.6400146484375,1,3,0.6291540991210938,0.04,0.013
SPY,2026-05-25,2026-05-26,1,call,693.0,53.045,51.66,54.43,745.6400146484375,1,4,0.6164589135742189,0.04,0.013
SPY,2026-05-25,2026-05-26,1,call,694.0,52.065,50.67,53.46,745.6400146484375,1,3,0.6099892517089844,0.04,0.013
SPY,2026-05-25,2026-05-26,1,call,695.0,51.065,49.67,52.46,745.6400146484375,5,24,0.6008340698242189,0.04,0.013
SPY,2026-05-25,2026-05-26,1,call,696.0,50.08,48.67,51.49,745.6400146484375,0,1,0.5943644079589845,0.04,0.013
SPY,2026-05-25,2026-05-26,1,call,697.0,49.075,47.67,50.48,745.6400146484375,5,2,0.5843547424316407,0.04,0.013
SPY,2026-05-25,2026-05-26,1,call,698.0,48.075,46.67,49.48,745.6400146484375,4,4,0.5751995605468749,0.04,0.013
SPY,2026-05-25,2026-05-26,1,call,700.0,46.07,44.67,47.47,745.6400146484375,212,36,0.5559126440429689,0.04,0.013
SPY,2026-05-25,2026-05-26,1,call,701.0,45.075,43.68,46.47,745.6400146484375,1,1,0.5467574621582032,0.04,0.013
SPY,2026-05-25,2026-05-26,1,call,702.0,44.085,42.68,45.49,745.6400146484375,5,7,0.5390671093750001,0.04,0.013
SPY,2026-05-25,2026-05-26,1,call,703.0,43.09,41.68,44.5,745.6400146484375,2,3,0.5306443420410156,0.04,0.013
SPY,2026-05-25,2026-05-26,1,call,704.0,42.085,40.68,43.49,745.6400146484375,3,26,0.5205126074218749,0.04,0.013
SPY,2026-05-25,2026-05-26,1,call,705.0,41.085,39.68,42.49,745.6400146484375,10,16,0.5112353564453125,0.04,0.013
SPY,2026-05-25,2026-05-26,1,call,706.0,40.084999999999994,38.69,41.48,745.6400146484375,7,2,0.501103621826172,0.04,0.013
SPY,2026-05-25,2026-05-26,1,call,707.0,39.084999999999994,37.69,40.48,745.6400146484375,1,0,0.49170430175781255,0.04,0.013
SPY,2026-05-25,2026-05-26,1,call,708.0,38.09,36.69,39.49,745.6400146484375,6,7,0.4831594653320313,0.04,0.013
SPY,2026-05-25,2026-05-26,1,call,709.0,37.095,35.69,38.5,745.6400146484375,1,89,0.47437049072265625,0.04,0.013
SPY,2026-05-25,2026-05-26,1,call,710.0,36.09,34.69,37.49,745.6400146484375,14,403,0.4642387561035156,0.04,0.013
SPY,2026-05-25,2026-05-26,1,call,711.0,35.095,33.7,36.49,745.6400146484375,1,123,0.4547173669433594,0.04,0.013
SPY,2026-05-25,2026-05-26,1,call,712.0,34.105000000000004,32.7,35.51,745.6400146484375,1,184,0.4466608068847656,0.04,0.013
SPY,2026-05-25,2026-05-26,1,call,713.0,32.895,31.95,33.84,745.6400146484375,1,394,0.38477177734374995,0.04,0.013
SPY,2026-05-25,2026-05-26,1,call,714.0,32.105000000000004,30.71,33.5,745.6400146484375,20,551,0.42676354492187507,0.04,0.013
SPY,2026-05-25,2026-05-26,1,call,715.0,31.105,30.36,31.85,745.6400146484375,126,184,0.3676821044921875,0.04,0.013
SPY,2026-05-25,2026-05-26,1,call,716.0,29.91,28.96,30.86,745.6400146484375,2,264,0.35962554443359374,0.04,0.013
SPY,2026-05-25,2026-05-26,1,call,717.0,28.915,27.97,29.86,745.6400146484375,5,162,0.3505924316406249,0.04,0.013
SPY,2026-05-25,2026-05-26,1,call,718.0,27.91,26.96,28.86,745.6400146484375,7,152,0.3415593188476562,0.04,0.013
SPY,2026-05-25,2026-05-26,1,call,719.0,26.92,25.97,27.87,745.6400146484375,39,696,0.3332586206054688,0.04,0.013
SPY,2026-05-25,2026-05-26,1,call,720.0,25.924999999999997,24.97,26.88,745.6400146484375,721,808,0.32471378417968744,0.04,0.013
SPY,2026-05-25,2026-05-26,1,call,721.0,24.85,23.98,25.72,745.6400146484375,75,603,0.30322962402343745,0.04,0.013
SPY,2026-05-25,2026-05-26,1,call,722.0,23.939999999999998,22.98,24.9,745.6400146484375,10,259,0.30774618041992186,0.04,0.013
SPY,2026-05-25,2026-05-26,1,call,723.0,22.955,22.0,23.91,745.6400146484375,3,130,0.2990792749023437,0.04,0.013
SPY,2026-05-25,2026-05-26,1,call,724.0,21.92,21.0,22.84,745.6400146484375,76,166,0.2846751220703124,0.04,0.013
SPY,2026-05-25,2026-05-26,1,call,725.0,20.98,20.45,21.51,745.6400146484375,338,226,0.25049577636718745,0.04,0.013
SPY,2026-05-25,2026-05-26,1,call,726.0,19.78,19.04,20.52,745.6400146484375,1445,372,0.24231714721679687,0.04,0.013
SPY,2026-05-25,2026-05-26,1,call,727.0,19.08,18.71,19.45,745.6400146484375,3375,512,0.22779092529296874,0.04,0.013
SPY,2026-05-25,2026-05-26,1,call,728.0,18.15,17.54,18.76,745.6400146484375,2671,625,0.24134059448242187,0.04,0.013
SPY,2026-05-25,2026-05-26,1,call,729.0,17.09,16.23,17.95,745.6400146484375,1662,140,0.24414818359375,0.04,0.013
SPY,2026-05-25,2026-05-26,1,call,730.0,16.12,15.62,16.62,745.6400146484375,1054,1081,0.21289849609375,0.04,0.013
SPY,2026-05-25,2026-05-26,1,call,731.0,15.075,14.59,15.56,745.6400146484375,6,112,0.1992267578125,0.04,0.013
SPY,2026-05-25,2026-05-26,1,call,732.0,14.155,13.7,14.61,745.6400146484375,832,264,0.19312330322265625,0.04,0.013
SPY,2026-05-25,2026-05-26,1,call,733.0,13.275,12.91,13.64,745.6400146484375,396,361,0.18531088134765622,0.04,0.013
SPY,2026-05-25,2026-05-26,1,call,734.0,12.350000000000001,12.06,12.64,745.6400146484375,692,792,0.17542328491210937,0.04,0.013
SPY,2026-05-25,2026-05-26,1,call,735.0,11.535,11.36,11.71,745.6400146484375,2522,911,0.1694418994140625,0.04,0.013
SPY,2026-05-25,2026-05-26,1,call,736.0,10.69,10.62,10.76,745.6400146484375,818,585,0.16187361572265624,0.04,0.013
SPY,2026-05-25,2026-05-26,1,call,737.0,9.785,9.72,9.85,745.6400146484375,425,909,0.15613636840820314,0.04,0.013
SPY,2026-05-25,2026-05-26,1,call,738.0,8.895,8.83,8.96,745.6400146484375,1260,1319,0.1506432592773438,0.04,0.013
SPY,2026-05-25,2026-05-26,1,call,739.0,8.025,7.96,8.09,745.6400146484375,2785,1300,0.14539428833007811,0.04,0.013
SPY,2026-05-25,2026-05-26,1,call,740.0,7.175000000000001,7.11,7.24,745.6400146484375,1884,2567,0.14020635192871095,0.04,0.013
SPY,2026-05-25,2026-05-26,1,call,741.0,6.355,6.29,6.42,745.6400146484375,1655,1339,0.13538462280273442,0.04,0.013
SPY,2026-05-25,2026-05-26,1,call,742.0,5.5600000000000005,5.5,5.62,745.6400146484375,3397,2078,0.13019668640136717,0.04,0.013
SPY,2026-05-25,2026-05-26,1,call,743.0,4.8100000000000005,4.75,4.87,745.6400146484375,3906,2731,0.1258021990966797,0.04,0.013
SPY,2026-05-25,2026-05-26,1,call,744.0,4.09,4.04,4.14,745.6400146484375,6680,3089,0.12079736633300782,0.04,0.013
SPY,2026-05-25,2026-05-26,1,call,745.0,3.425,3.38,3.47,745.6400146484375,18072,7284,0.11646391357421876,0.04,0.013
SPY,2026-05-25,2026-05-26,1,call,746.0,2.835,2.83,2.84,745.6400146484375,32510,1483,0.11182528808593749,0.04,0.013
SPY,2026-05-25,2026-05-26,1,call,747.0,2.315,2.3,2.33,745.6400146484375,60149,1837,0.10962804443359375,0.04,0.013
SPY,2026-05-25,2026-05-26,1,call,748.0,1.85,1.84,1.86,745.6400146484375,59362,1217,0.1069425244140625,0.04,0.013
SPY,2026-05-25,2026-05-26,1,call,749.0,1.4449999999999998,1.44,1.45,745.6400146484375,29986,4350,0.10419596984863279,0.04,0.013
SPY,2026-05-25,2026-05-26,1,call,750.0,1.12,1.11,1.13,745.6400146484375,65468,8094,0.10291424438476562,0.04,0.013
SPY,2026-05-25,2026-05-26,1,call,751.0,0.855,0.85,0.86,745.6400146484375,17750,1516,0.10151044982910155,0.04,0.013
SPY,2026-05-25,2026-05-26,1,call,752.0,0.64,0.63,0.65,745.6400146484375,17384,6096,0.10071700073242187,0.04,0.013
SPY,2026-05-25,2026-05-26,1,call,753.0,0.475,0.47,0.48,745.6400146484375,12133,1989,0.09986251708984376,0.04,0.013
SPY,2026-05-25,2026-05-26,1,call,754.0,0.355,0.35,0.36,745.6400146484375,12563,1129,0.1001066552734375,0.04,0.013
SPY,2026-05-25,2026-05-26,1,call,755.0,0.265,0.26,0.27,745.6400146484375,19919,2530,0.100594931640625,0.04,0.013
SPY,2026-05-25,2026-05-26,1,call,756.0,0.20500000000000002,0.2,0.21,745.6400146484375,8406,1911,0.10230389892578123,0.04,0.013
SPY,2026-05-25,2026-05-26,1,call,757.0,0.155,0.15,0.16,745.6400146484375,7737,1981,0.10352458984374999,0.04,0.013
SPY,2026-05-25,2026-05-26,1,call,758.0,0.125,0.12,0.13,745.6400146484375,8072,1048,0.10621010986328125,0.04,0.013
SPY,2026-05-25,2026-05-26,1,call,759.0,0.10500000000000001,0.1,0.11,745.6400146484375,10698,1240,0.10938390625,0.04,0.013
SPY,2026-05-25,2026-05-26,1,call,760.0,0.095,0.09,0.1,745.6400146484375,14995,3149,0.11426666992187501,0.04,0.013
SPY,2026-05-25,2026-05-26,1,call,761.0,0.07500000000000001,0.07,0.08,745.6400146484375,3121,1803,0.116219775390625,0.04,0.013
SPY,2026-05-25,2026-05-26,1,call,762.0,0.065,0.06,0.07,745.6400146484375,4468,1381,0.11963770996093749,0.04,0.013
SPY,2026-05-25,2026-05-26,1,call,763.0,0.055,0.05,0.06,745.6400146484375,927,1769,0.12305564453125001,0.04,0.013
SPY,2026-05-25,2026-05-26,1,call,764.0,0.055,0.05,0.06,745.6400146484375,3490,599,0.1289149609375,0.04,0.013
SPY,2026-05-25,2026-05-26,1,call,765.0,0.045,0.04,0.05,745.6400146484375,1669,1172,0.1313563427734375,0.04,0.013
SPY,2026-05-25,2026-05-26,1,call,766.0,0.045,0.04,0.05,745.6400146484375,1446,1365,0.13672738281250002,0.04,0.013
SPY,2026-05-25,2026-05-26,1,call,767.0,0.035,0.03,0.04,745.6400146484375,1342,807,0.13868048828125001,0.04,0.013
SPY,2026-05-25,2026-05-26,1,call,768.0,0.035,0.03,0.04,745.6400146484375,1217,295,0.143563251953125,0.04,0.013
SPY,2026-05-25,2026-05-26,1,call,769.0,0.035,0.03,0.04,745.6400146484375,754,504,0.149422568359375,0.04,0.013
SPY,2026-05-25,2026-05-26,1,call,770.0,0.025,0.02,0.03,745.6400146484375,1156,961,0.149422568359375,0.04,0.013
SPY,2026-05-25,2026-05-26,1,call,771.0,0.025,0.02,0.03,745.6400146484375,773,137,0.15430533203125002,0.04,0.013
SPY,2026-05-25,2026-05-26,1,call,772.0,0.025,0.02,0.03,745.6400146484375,84,630,0.1601646484375,0.04,0.013
SPY,2026-05-25,2026-05-26,1,call,773.0,0.025,0.02,0.03,745.6400146484375,408,970,0.165047412109375,0.04,0.013
SPY,2026-05-25,2026-05-26,1,call,774.0,0.025,0.02,0.03,745.6400146484375,375,909,0.16993017578125003,0.04,0.013
SPY,2026-05-25,2026-05-26,1,call,775.0,0.025,0.02,0.03,745.6400146484375,148,1046,0.1757894921875,0.04,0.013
SPY,2026-05-25,2026-05-26,1,call,780.0,0.015,0.01,0.02,745.6400146484375,787,1785,0.1914143359375,0.04,0.013
SPY,2026-05-25,2026-05-26,1,call,785.0,0.015,0.01,0.02,745.6400146484375,689,504,0.2148516015625,0.04,0.013
SPY,2026-05-25,2026-05-26,1,call,815.0,0.02,0.0,0.01,745.6400146484375,18,18,0.32813171874999997,0.04,0.013
SPY,2026-05-25,2026-05-27,1,call,505.0,241.075,239.68,242.47,745.6400146484375,0,10,1.6474627001953124,0.04,0.013
SPY,2026-05-25,2026-05-27,1,call,595.0,151.07999999999998,149.7,152.46,745.6400146484375,0,1,1.0190478735351562,0.04,0.013
SPY,2026-05-25,2026-05-27,1,call,645.0,101.11500000000001,99.72,102.51,745.6400146484375,0,5,0.7041045214843751,0.04,0.013
SPY,2026-05-25,2026-05-27,1,call,650.0,96.13,94.72,97.54,745.6400146484375,1,3,0.6757844921875001,0.04,0.013
SPY,2026-05-25,2026-05-27,1,call,660.0,86.14,84.73,87.55,745.6400146484375,1,5,0.6137733935546876,0.04,0.013
SPY,2026-05-25,2026-05-27,1,call,665.0,81.13,79.73,82.53,745.6400146484375,1,1,0.5795940478515625,0.04,0.013
SPY,2026-05-25,2026-05-27,1,call,670.0,76.15,74.74,77.56,745.6400146484375,1,6,0.5515181567382813,0.04,0.013
SPY,2026-05-25,2026-05-27,1,call,675.0,71.14,69.74,72.54,745.6400146484375,0,1,0.51758294921875,0.04,0.013
SPY,2026-05-25,2026-05-27,1,call,680.0,66.16,64.75,67.57,745.6400146484375,1,2,0.6472203247070312,0.04,0.013
SPY,2026-05-25,2026-05-27,1,call,685.0,61.15,59.75,62.55,745.6400146484375,0,19,0.6062051098632814,0.04,0.013
SPY,2026-05-25,2026-05-27,1,call,690.0,56.16,54.76,57.56,745.6400146484375,2,14,0.5676312768554688,0.04,0.013
SPY,2026-05-25,2026-05-27,1,call,692.0,54.16,52.76,55.56,745.6400146484375,6,0,0.551762294921875,0.04,0.013
SPY,2026-05-25,2026-05-27,1,call,693.0,53.18000000000001,51.77,54.59,745.6400146484375,0,1,0.5461471166992189,0.04,0.013
SPY,2026-05-25,2026-05-27,1,call,694.0,52.17,50.77,53.57,745.6400146484375,1,2,0.5366257275390626,0.04,0.013
SPY,2026-05-25,2026-05-27,1,call,695.0,51.17,49.77,52.57,745.6400146484375,0,3,0.5286912365722658,0.04,0.013
SPY,2026-05-25,2026-05-27,1,call,698.0,48.19,46.78,49.6,745.6400146484375,2,1,0.506840869140625,0.04,0.013
SPY,2026-05-25,2026-05-27,1,call,699.0,47.18,45.78,48.58,745.6400146484375,1,0,0.4974415490722657,0.04,0.013
SPY,2026-05-25,2026-05-27,1,call,700.0,46.18,44.78,47.58,745.6400146484375,20,12,0.489384989013672,0.04,0.013
SPY,2026-05-25,2026-05-27,1,call,701.0,45.2,43.79,46.61,745.6400146484375,0,9,0.48340360351562506,0.04,0.013
SPY,2026-05-25,2026-05-27,1,call,702.0,44.19,42.79,45.59,745.6400146484375,19,46,0.4738822143554688,0.04,0.013
SPY,2026-05-25,2026-05-27,1,call,703.0,43.19,41.79,44.59,745.6400146484375,0,1,0.46582565429687506,0.04,0.013
SPY,2026-05-25,2026-05-27,1,call,704.0,42.209999999999994,40.8,43.62,745.6400146484375,1,2,0.45972219970703126,0.04,0.013
SPY,2026-05-25,2026-05-27,1,call,705.0,41.2,39.8,42.6,745.6400146484375,12,13,0.450200810546875,0.04,0.013
SPY,2026-05-25,2026-05-27,1,call,706.0,40.22,38.81,41.63,745.6400146484375,0,5,0.44397528686523435,0.04,0.013
SPY,2026-05-25,2026-05-27,1,call,707.0,39.21,37.81,40.61,745.6400146484375,1,0,0.43445389770507814,0.04,0.013
SPY,2026-05-25,2026-05-27,1,call,708.0,38.230000000000004,36.82,39.64,745.6400146484375,1,1,0.4282283740234375,0.04,0.013
SPY,2026-05-25,2026-05-27,1,call,709.0,37.22,35.82,38.62,745.6400146484375,0,8,0.4185849157714844,0.04,0.013
SPY,2026-05-25,2026-05-27,1,call,710.0,36.235,34.83,37.64,745.6400146484375,4,30,0.4116269775390625,0.04,0.013
SPY,2026-05-25,2026-05-27,1,call,711.0,35.239999999999995,33.83,36.65,745.6400146484375,0,11,0.4039366247558594,0.04,0.013
SPY,2026-05-25,2026-05-27,1,call,712.0,34.24,32.85,35.63,745.6400146484375,2,27,0.3942931665039063,0.04,0.013
SPY,2026-05-25,2026-05-27,1,call,713.0,33.25,31.86,34.64,745.6400146484375,2,28,0.3864807446289062,0.04,0.013
SPY,2026-05-25,2026-05-27,1,call,714.0,32.254999999999995,30.86,33.65,745.6400146484375,0,17,0.3786683227539062,0.04,0.013
SPY,2026-05-25,2026-05-27,1,call,715.0,31.269999999999996,29.88,32.66,745.6400146484375,86,33,0.37085590087890624,0.04,0.013
SPY,2026-05-25,2026-05-27,1,call,716.0,30.28,28.89,31.67,745.6400146484375,10,15,0.3629214099121094,0.04,0.013
SPY,2026-05-25,2026-05-27,1,call,717.0,29.305,27.9,30.71,745.6400146484375,1634,59,0.3566348516845703,0.04,0.013
SPY,2026-05-25,2026-05-27,1,call,718.0,28.25,27.97,28.53,745.6400146484375,2133,15,0.27149166015625,0.04,0.013
SPY,2026-05-25,2026-05-27,1,call,719.0,27.225,26.9,27.55,745.6400146484375,3133,17,0.2655102746582031,0.04,0.013
SPY,2026-05-25,2026-05-27,1,call,720.0,26.245,25.92,26.57,745.6400146484375,9140,19,0.25952888916015626,0.04,0.013
SPY,2026-05-25,2026-05-27,1,call,721.0,25.259999999999998,24.94,25.58,745.6400146484375,2870,2,0.25269302001953126,0.04,0.013
SPY,2026-05-25,2026-05-27,1,call,722.0,24.285,23.96,24.61,745.6400146484375,2307,16,0.247077841796875,0.04,0.013
SPY,2026-05-25,2026-05-27,1,call,723.0,23.305,22.98,23.63,745.6400146484375,5236,8,0.24073024902343748,0.04,0.013
SPY,2026-05-25,2026-05-27,1,call,724.0,22.335,22.01,22.66,745.6400146484375,2468,63,0.23499300170898438,0.04,0.013
SPY,2026-05-25,2026-05-27,1,call,725.0,21.365000000000002,21.04,21.69,745.6400146484375,3431,95,0.22901161621093752,0.04,0.013
SPY,2026-05-25,2026-05-27,1,call,726.0,20.4,20.08,20.72,745.6400146484375,3296,6,0.22290816162109373,0.04,0.013
SPY,2026-05-25,2026-05-27,1,call,727.0,19.48,19.2,19.76,745.6400146484375,6098,66,0.2172929833984375,0.04,0.013
SPY,2026-05-25,2026-05-27,1,call,728.0,18.515,18.23,18.8,745.6400146484375,397,19,0.21143366699218746,0.04,0.013
SPY,2026-05-25,2026-05-27,1,call,729.0,17.549999999999997,17.27,17.83,745.6400146484375,3972,28,0.20471986694335934,0.04,0.013
SPY,2026-05-25,2026-05-27,1,call,730.0,16.58,16.26,16.9,745.6400146484375,3927,230,0.20014227600097656,0.04,0.013
SPY,2026-05-25,2026-05-27,1,call,731.0,15.685,15.41,15.96,745.6400146484375,321,104,0.1947102014160156,0.04,0.013
SPY,2026-05-25,2026-05-27,1,call,732.0,14.71,14.41,15.01,745.6400146484375,225,553,0.18842364318847654,0.04,0.013
SPY,2026-05-25,2026-05-27,1,call,733.0,13.835,13.58,14.09,745.6400146484375,34,370,0.18335777587890623,0.04,0.013
SPY,2026-05-25,2026-05-27,1,call,734.0,12.899999999999999,12.62,13.18,745.6400146484375,47,484,0.1783529431152344,0.04,0.013
SPY,2026-05-25,2026-05-27,1,call,735.0,12.035,11.81,12.26,745.6400146484375,57,629,0.1724936267089844,0.04,0.013
SPY,2026-05-25,2026-05-27,1,call,736.0,11.115,10.88,11.35,745.6400146484375,360,276,0.1667563793945313,0.04,0.013
SPY,2026-05-25,2026-05-27,1,call,737.0,10.254999999999999,10.03,10.48,745.6400146484375,297,854,0.16217878845214845,0.04,0.013
SPY,2026-05-25,2026-05-27,1,call,738.0,9.39,9.19,9.59,745.6400146484375,127,1225,0.1562584375,0.04,0.013
SPY,2026-05-25,2026-05-27,1,call,739.0,8.61,8.42,8.8,745.6400146484375,97,1842,0.15357291748046875,0.04,0.013
SPY,2026-05-25,2026-05-27,1,call,740.0,7.785,7.58,7.99,745.6400146484375,437,2002,0.14936153381347655,0.04,0.013
SPY,2026-05-25,2026-05-27,1,call,741.0,7.02,6.88,7.16,745.6400146484375,243,1356,0.14368532104492188,0.04,0.013
SPY,2026-05-25,2026-05-27,1,call,742.0,6.26,6.16,6.36,745.6400146484375,394,1272,0.13831428100585938,0.04,0.013
SPY,2026-05-25,2026-05-27,1,call,743.0,5.545,5.45,5.64,745.6400146484375,758,1267,0.13471324279785157,0.04,0.013
SPY,2026-05-25,2026-05-27,1,call,744.0,4.859999999999999,4.76,4.96,745.6400146484375,1164,850,0.13141737731933595,0.04,0.013
SPY,2026-05-25,2026-05-27,1,call,745.0,4.23,4.16,4.3,745.6400146484375,3590,1173,0.12757220092773439,0.04,0.013
SPY,2026-05-25,2026-05-27,1,call,746.0,3.665,3.65,3.68,745.6400146484375,5877,880,0.12384909362792969,0.04,0.013
SPY,2026-05-25,2026-05-27,1,call,747.0,3.115,3.1,3.13,745.6400146484375,12176,4471,0.12098046997070314,0.04,0.013
SPY,2026-05-25,2026-05-27,1,call,748.0,2.62,2.61,2.63,745.6400146484375,9580,846,0.11829494995117187,0.04,0.013
SPY,2026-05-25,2026-05-27,1,call,749.0,2.1799999999999997,2.17,2.19,745.6400146484375,4219,1221,0.11615874084472656,0.04,0.013
SPY,2026-05-25,2026-05-27,1,call,750.0,1.79,1.78,1.8,745.6400146484375,8587,1749,0.11408356628417969,0.04,0.013
SPY,2026-05-25,2026-05-27,1,call,751.0,1.455,1.44,1.47,745.6400146484375,3352,1050,0.11261873718261718,0.04,0.013
SPY,2026-05-25,2026-05-27,1,call,752.0,1.165,1.15,1.18,745.6400146484375,5591,4811,0.1110318389892578,0.04,0.013
SPY,2026-05-25,2026-05-27,1,call,753.0,0.92,0.91,0.93,745.6400146484375,1440,914,0.10938390625,0.04,0.013
SPY,2026-05-25,2026-05-27,1,call,754.0,0.72,0.71,0.73,745.6400146484375,2104,459,0.10828528442382812,0.04,0.013
SPY,2026-05-25,2026-05-27,1,call,755.0,0.555,0.55,0.56,745.6400146484375,2948,3092,0.1069425244140625,0.04,0.013
SPY,2026-05-25,2026-05-27,1,call,756.0,0.43,0.42,0.44,745.6400146484375,4829,664,0.10682045532226564,0.04,0.013
SPY,2026-05-25,2026-05-27,1,call,757.0,0.325,0.32,0.33,745.6400146484375,1618,1078,0.10584390258789061,0.04,0.013
SPY,2026-05-25,2026-05-27,1,call,758.0,0.25,0.24,0.26,745.6400146484375,2066,658,0.106454248046875,0.04,0.013
SPY,2026-05-25,2026-05-27,1,call,759.0,0.195,0.19,0.2,745.6400146484375,947,1141,0.10669838623046876,0.04,0.013
SPY,2026-05-25,2026-05-27,1,call,760.0,0.155,0.15,0.16,745.6400146484375,2291,1099,0.1079190771484375,0.04,0.013
SPY,2026-05-25,2026-05-27,1,call,761.0,0.125,0.12,0.13,745.6400146484375,956,1306,0.10938390625,0.04,0.013
SPY,2026-05-25,2026-05-27,1,call,762.0,0.10500000000000001,0.1,0.11,745.6400146484375,861,979,0.11182528808593749,0.04,0.013
SPY,2026-05-25,2026-05-27,1,call,763.0,0.08499999999999999,0.08,0.09,745.6400146484375,1180,280,0.11353425537109374,0.04,0.013
SPY,2026-05-25,2026-05-27,1,call,764.0,0.07500000000000001,0.07,0.08,745.6400146484375,2637,673,0.1167080517578125,0.04,0.013
SPY,2026-05-25,2026-05-27,1,call,765.0,0.065,0.06,0.07,745.6400146484375,1648,1417,0.11963770996093749,0.04,0.013
SPY,2026-05-25,2026-05-27,1,call,766.0,0.055,0.05,0.06,745.6400146484375,260,644,0.1215908154296875,0.04,0.013
SPY,2026-05-25,2026-05-27,1,call,767.0,0.055,0.05,0.06,745.6400146484375,396,638,0.12696185546875,0.04,0.013
SPY,2026-05-25,2026-05-27,1,call,768.0,0.045,0.04,0.05,745.6400146484375,340,338,0.12842668457031248,0.04,0.013
SPY,2026-05-25,2026-05-27,1,call,769.0,0.045,0.04,0.05,745.6400146484375,227,403,0.1333094482421875,0.04,0.013
SPY,2026-05-25,2026-05-27,1,call,770.0,0.035,0.03,0.04,745.6400146484375,1988,908,0.133797724609375,0.04,0.013
SPY,2026-05-25,2026-05-27,1,call,771.0,0.035,0.03,0.04,745.6400146484375,229,316,0.13868048828125001,0.04,0.013
SPY,2026-05-25,2026-05-27,1,call,772.0,0.035,0.03,0.04,745.6400146484375,9,180,0.143563251953125,0.04,0.013
SPY,2026-05-25,2026-05-27,1,call,773.0,0.025,0.02,0.03,745.6400146484375,62,197,0.14258669921875,0.04,0.013
SPY,2026-05-25,2026-05-27,1,call,774.0,0.025,0.02,0.03,745.6400146484375,44,202,0.147469462890625,0.04,0.013
SPY,2026-05-25,2026-05-27,1,call,775.0,0.025,0.02,0.03,745.6400146484375,126,1143,0.15235222656250003,0.04,0.013
SPY,2026-05-25,2026-05-27,1,call,780.0,0.025,0.02,0.03,745.6400146484375,805,1448,0.17383638671875,0.04,0.013
SPY,2026-05-25,2026-05-27,1,call,785.0,0.015,0.01,0.02,745.6400146484375,779,173,0.187508125,0.04,0.013
SPY,2026-05-25,2026-05-27,1,call,790.0,0.015,0.01,0.02,745.6400146484375,396,480,0.20703917968749996,0.04,0.013
SPY,2026-05-25,2026-05-27,1,call,795.0,0.015,0.01,0.02,745.6400146484375,1,600,0.22657023437499998,0.04,0.013
SPY,2026-05-25,2026-05-27,1,call,800.0,0.015,0.01,0.02,745.6400146484375,5,172,0.2461012890625,0.04,0.013
SPY,2026-05-25,2026-05-27,1,call,810.0,0.02,0.0,0.01,745.6400146484375,3,7,0.2695385546875,0.04,0.013
SPY,2026-05-25,2026-05-28,2,call,525.0,221.14,219.74,222.54,745.6400146484375,0,2,1.3671906640625,0.04,0.013
SPY,2026-05-25,2026-05-28,2,call,575.0,171.16,169.76,172.56,745.6400146484375,0,1,1.0561570629882815,0.04,0.013
SPY,2026-05-25,2026-05-28,2,call,615.0,131.175,129.78,132.57,745.6400146484375,0,1,0.8183611914062499,0.04,0.013
SPY,2026-05-25,2026-05-28,2,call,630.0,116.185,114.79,117.58,745.6400146484375,1,2,0.7319362744140624,0.04,0.013
SPY,2026-05-25,2026-05-28,2,call,645.0,101.195,99.8,102.59,745.6400146484375,0,5,0.6459996337890624,0.04,0.013
SPY,2026-05-25,2026-05-28,2,call,660.0,86.225,84.82,87.63,745.6400146484375,0,1,0.5639692041015626,0.04,0.013
SPY,2026-05-25,2026-05-28,2,call,665.0,81.22,79.82,82.62,745.6400146484375,1,1,0.5336960693359375,0.04,0.013
SPY,2026-05-25,2026-05-28,2,call,670.0,76.24000000000001,74.83,77.65,745.6400146484375,0,6,0.507817421875,0.04,0.013
SPY,2026-05-25,2026-05-28,2,call,675.0,71.25,69.84,72.66,745.6400146484375,8,4,0.6208534008789064,0.04,0.013
SPY,2026-05-25,2026-05-28,2,call,680.0,66.25999999999999,64.85,67.67,745.6400146484375,6,2,0.5863078479003907,0.04,0.013
SPY,2026-05-25,2026-05-28,2,call,685.0,61.269999999999996,59.86,62.68,745.6400146484375,28,7,0.5516402258300781,0.04,0.013
SPY,2026-05-25,2026-05-28,2,call,690.0,56.269999999999996,54.87,57.67,745.6400146484375,15,14,0.5152636364746093,0.04,0.013
SPY,2026-05-25,2026-05-28,2,call,695.0,51.29,49.89,52.69,745.6400146484375,3,1,0.48071808349609374,0.04,0.013
SPY,2026-05-25,2026-05-28,2,call,697.0,49.3,47.9,50.7,745.6400146484375,0,2,0.4669242761230469,0.04,0.013
SPY,2026-05-25,2026-05-28,2,call,698.0,48.305,46.9,49.71,745.6400146484375,0,1,0.4603325451660156,0.04,0.013
SPY,2026-05-25,2026-05-28,2,call,699.0,47.305,45.91,48.7,745.6400146484375,0,1,0.45252012329101565,0.04,0.013
SPY,2026-05-25,2026-05-28,2,call,700.0,46.315,44.91,47.72,745.6400146484375,3,23,0.4464166687011719,0.04,0.013
SPY,2026-05-25,2026-05-28,2,call,702.0,44.32,42.92,45.72,745.6400146484375,6,6,0.4317683776855469,0.04,0.013
SPY,2026-05-25,2026-05-28,2,call,703.0,43.33,41.93,44.73,745.6400146484375,0,10,0.4250545776367188,0.04,0.013
SPY,2026-05-25,2026-05-28,2,call,704.0,42.334999999999994,40.94,43.73,745.6400146484375,0,1,0.4177304321289062,0.04,0.013
SPY,2026-05-25,2026-05-28,2,call,705.0,41.34,39.94,42.74,745.6400146484375,6,0,0.41089456298828125,0.04,0.013
SPY,2026-05-25,2026-05-28,2,call,706.0,40.355000000000004,38.95,41.76,745.6400146484375,6,2,0.4046690393066406,0.04,0.013
SPY,2026-05-25,2026-05-28,2,call,707.0,39.365,37.96,40.77,745.6400146484375,0,2,0.3978331701660156,0.04,0.013
SPY,2026-05-25,2026-05-28,2,call,708.0,38.370000000000005,36.97,39.77,745.6400146484375,37,2,0.39038695556640624,0.04,0.013
SPY,2026-05-25,2026-05-28,2,call,709.0,37.379999999999995,35.98,38.78,745.6400146484375,4,42,0.3834290173339844,0.04,0.013
SPY,2026-05-25,2026-05-28,2,call,710.0,36.394999999999996,34.99,37.8,745.6400146484375,6,8,0.37695935546875,0.04,0.013
SPY,2026-05-25,2026-05-28,2,call,711.0,35.4,34.0,36.8,745.6400146484375,8,7,0.36939107177734376,0.04,0.013
SPY,2026-05-25,2026-05-28,2,call,712.0,34.415000000000006,33.02,35.81,745.6400146484375,47,45,0.3624331335449219,0.04,0.013
SPY,2026-05-25,2026-05-28,2,call,713.0,33.435,32.03,34.84,745.6400146484375,0,16,0.35632967895507806,0.04,0.013
SPY,2026-05-25,2026-05-28,2,call,714.0,32.44,31.04,33.84,745.6400146484375,2,9,0.348639326171875,0.04,0.013
SPY,2026-05-25,2026-05-28,2,call,715.0,31.465,30.07,32.86,745.6400146484375,20,20,0.34204759521484374,0.04,0.013
SPY,2026-05-25,2026-05-28,2,call,716.0,30.479999999999997,29.08,31.88,745.6400146484375,1,10,0.3352727606201171,0.04,0.013
SPY,2026-05-25,2026-05-28,2,call,717.0,29.5,28.1,30.9,745.6400146484375,6,18,0.3284979260253906,0.04,0.013
SPY,2026-05-25,2026-05-28,2,call,718.0,28.525,27.13,29.92,745.6400146484375,2,14,0.3216010223388671,0.04,0.013
SPY,2026-05-25,2026-05-28,2,call,719.0,27.545,26.15,28.94,745.6400146484375,5,26,0.3147041186523437,0.04,0.013
SPY,2026-05-25,2026-05-28,2,call,720.0,26.575,25.18,27.97,745.6400146484375,60,56,0.30811238769531246,0.04,0.013
SPY,2026-05-25,2026-05-28,2,call,721.0,25.525,25.21,25.84,745.6400146484375,16,206,0.2420730090332031,0.04,0.013
SPY,2026-05-25,2026-05-28,2,call,722.0,24.64,23.24,26.04,745.6400146484375,8,51,0.29529513305664057,0.04,0.013
SPY,2026-05-25,2026-05-28,2,call,723.0,23.59,23.28,23.9,745.6400146484375,4,159,0.2310867907714844,0.04,0.013
SPY,2026-05-25,2026-05-28,2,call,724.0,22.630000000000003,22.32,22.94,745.6400146484375,461,16,0.2260819580078125,0.04,0.013
SPY,2026-05-25,2026-05-28,2,call,725.0,21.715,21.44,21.99,745.6400146484375,17,54,0.22132126342773437,0.04,0.013
SPY,2026-05-25,2026-05-28,2,call,726.0,20.755000000000003,20.48,21.03,745.6400146484375,11,81,0.215828154296875,0.04,0.013
SPY,2026-05-25,2026-05-28,2,call,727.0,19.805,19.53,20.08,745.6400146484375,6,46,0.2108233215332031,0.04,0.013
SPY,2026-05-25,2026-05-28,2,call,728.0,18.88,18.61,19.15,745.6400146484375,6,23,0.20642883422851557,0.04,0.013
SPY,2026-05-25,2026-05-28,2,call,729.0,17.950000000000003,17.69,18.21,745.6400146484375,362,303,0.20142400146484374,0.04,0.013
SPY,2026-05-25,2026-05-28,2,call,730.0,17.005000000000003,16.75,17.26,745.6400146484375,313,385,0.19568675415039063,0.04,0.013
SPY,2026-05-25,2026-05-28,2,call,731.0,16.07,15.81,16.33,745.6400146484375,2,127,0.19068192138671874,0.04,0.013
SPY,2026-05-25,2026-05-28,2,call,732.0,15.190000000000001,14.97,15.41,745.6400146484375,748,303,0.18579915771484373,0.04,0.013
SPY,2026-05-25,2026-05-28,2,call,733.0,14.27,14.04,14.5,745.6400146484375,85,413,0.1810384631347656,0.04,0.013
SPY,2026-05-25,2026-05-28,2,call,734.0,13.42,13.22,13.62,745.6400146484375,5,272,0.17707121765136719,0.04,0.013
SPY,2026-05-25,2026-05-28,2,call,735.0,12.555,12.37,12.74,745.6400146484375,40,437,0.17273776489257814,0.04,0.013
SPY,2026-05-25,2026-05-28,2,call,736.0,11.7,11.51,11.89,745.6400146484375,62,431,0.1690756921386719,0.04,0.013
SPY,2026-05-25,2026-05-28,2,call,737.0,10.855,10.68,11.03,745.6400146484375,130,434,0.16462017028808595,0.04,0.013
SPY,2026-05-25,2026-05-28,2,call,738.0,10.02,9.86,10.18,745.6400146484375,62,339,0.1599815447998047,0.04,0.013
SPY,2026-05-25,2026-05-28,2,call,739.0,9.21,9.03,9.39,745.6400146484375,111,695,0.1568687829589844,0.04,0.013
SPY,2026-05-25,2026-05-28,2,call,740.0,8.415,8.27,8.56,745.6400146484375,5238,1229,0.15180291564941406,0.04,0.013
SPY,2026-05-25,2026-05-28,2,call,741.0,7.665,7.55,7.78,745.6400146484375,402,1012,0.14777463562011722,0.04,0.013
SPY,2026-05-25,2026-05-28,2,call,742.0,6.9350000000000005,6.82,7.05,745.6400146484375,421,737,0.1445398046875,0.04,0.013
SPY,2026-05-25,2026-05-28,2,call,743.0,6.24,6.13,6.35,745.6400146484375,341,856,0.14148807739257813,0.04,0.013
SPY,2026-05-25,2026-05-28,2,call,744.0,5.575,5.46,5.69,745.6400146484375,304,548,0.13874152282714847,0.04,0.013
SPY,2026-05-25,2026-05-28,2,call,745.0,4.984999999999999,4.97,5.0,745.6400146484375,1288,862,0.13428600097656251,0.04,0.013
SPY,2026-05-25,2026-05-28,2,call,746.0,4.395,4.38,4.41,745.6400146484375,2988,3156,0.13172255004882813,0.04,0.013
SPY,2026-05-25,2026-05-28,2,call,747.0,3.8449999999999998,3.83,3.86,745.6400146484375,3380,868,0.12934220275878905,0.04,0.013
SPY,2026-05-25,2026-05-28,2,call,748.0,3.335,3.32,3.35,745.6400146484375,4673,752,0.12702289001464845,0.04,0.013
SPY,2026-05-25,2026-05-28,2,call,749.0,2.865,2.85,2.88,745.6400146484375,2660,621,0.12482564636230468,0.04,0.013
SPY,2026-05-25,2026-05-28,2,call,750.0,2.4450000000000003,2.43,2.46,745.6400146484375,3108,1452,0.12293357543945313,0.04,0.013
SPY,2026-05-25,2026-05-28,2,call,751.0,2.065,2.05,2.08,745.6400146484375,1232,2819,0.1211025390625,0.04,0.013
SPY,2026-05-25,2026-05-28,2,call,752.0,1.73,1.72,1.74,745.6400146484375,822,720,0.11927150268554687,0.04,0.013
SPY,2026-05-25,2026-05-28,2,call,753.0,1.44,1.43,1.45,745.6400146484375,1874,713,0.11792874267578124,0.04,0.013
SPY,2026-05-25,2026-05-28,2,call,754.0,1.18,1.17,1.19,745.6400146484375,864,743,0.11646391357421876,0.04,0.013
SPY,2026-05-25,2026-05-28,2,call,755.0,0.96,0.95,0.97,745.6400146484375,1826,1021,0.11518218811035157,0.04,0.013
SPY,2026-05-25,2026-05-28,2,call,756.0,0.78,0.77,0.79,745.6400146484375,497,460,0.11438873901367189,0.04,0.013
SPY,2026-05-25,2026-05-28,2,call,757.0,0.62,0.61,0.63,745.6400146484375,415,599,0.1132901171875,0.04,0.013
SPY,2026-05-25,2026-05-28,2,call,758.0,0.495,0.49,0.5,745.6400146484375,488,994,0.11231356445312499,0.04,0.013
SPY,2026-05-25,2026-05-28,2,call,759.0,0.39,0.38,0.4,745.6400146484375,1330,558,0.11206942626953123,0.04,0.013
SPY,2026-05-25,2026-05-28,2,call,760.0,0.305,0.3,0.31,745.6400146484375,9817,723,0.11109287353515623,0.04,0.013
SPY,2026-05-25,2026-05-28,2,call,761.0,0.24,0.23,0.25,745.6400146484375,262,1448,0.11158114990234375,0.04,0.013
SPY,2026-05-25,2026-05-28,2,call,762.0,0.19,0.18,0.2,745.6400146484375,581,248,0.11182528808593749,0.04,0.013
SPY,2026-05-25,2026-05-28,2,call,763.0,0.155,0.15,0.16,745.6400146484375,258,827,0.11231356445312499,0.04,0.013
SPY,2026-05-25,2026-05-28,2,call,764.0,0.125,0.12,0.13,745.6400146484375,1080,387,0.1132901171875,0.04,0.013
SPY,2026-05-25,2026-05-28,2,call,765.0,0.10500000000000001,0.1,0.11,745.6400146484375,633,646,0.1147549462890625,0.04,0.013
SPY,2026-05-25,2026-05-28,2,call,766.0,0.08499999999999999,0.08,0.09,745.6400146484375,324,510,0.1157314990234375,0.04,0.013
SPY,2026-05-25,2026-05-28,2,call,767.0,0.07500000000000001,0.07,0.08,745.6400146484375,66,248,0.118172880859375,0.04,0.013
SPY,2026-05-25,2026-05-28,2,call,768.0,0.065,0.06,0.07,745.6400146484375,215,275,0.1206142626953125,0.04,0.013
SPY,2026-05-25,2026-05-28,2,call,769.0,0.055,0.05,0.06,745.6400146484375,138,368,0.12207909179687501,0.04,0.013
SPY,2026-05-25,2026-05-28,2,call,770.0,0.045,0.04,0.05,745.6400146484375,715,1114,0.1235439208984375,0.04,0.013
SPY,2026-05-25,2026-05-28,2,call,771.0,0.045,0.04,0.05,745.6400146484375,93,1033,0.127938408203125,0.04,0.013
SPY,2026-05-25,2026-05-28,2,call,772.0,0.035,0.03,0.04,745.6400146484375,73,287,0.127938408203125,0.04,0.013
SPY,2026-05-25,2026-05-28,2,call,773.0,0.035,0.03,0.04,745.6400146484375,29,425,0.132821171875,0.04,0.013
SPY,2026-05-25,2026-05-28,2,call,774.0,0.035,0.03,0.04,745.6400146484375,29,129,0.13672738281250002,0.04,0.013
SPY,2026-05-25,2026-05-28,2,call,775.0,0.035,0.03,0.04,745.6400146484375,165,569,0.14063359375,0.04,0.013
SPY,2026-05-25,2026-05-28,2,call,780.0,0.025,0.02,0.03,745.6400146484375,47,257,0.15528188476562502,0.04,0.013
SPY,2026-05-25,2026-05-28,2,call,785.0,0.015,0.01,0.02,745.6400146484375,73,131,0.16797707031250003,0.04,0.013
SPY,2026-05-25,2026-05-28,2,call,790.0,0.015,0.01,0.02,745.6400146484375,357,239,0.18555501953124998,0.04,0.013
SPY,2026-05-25,2026-05-28,2,call,795.0,0.015,0.01,0.02,745.6400146484375,52,423,0.20313296874999998,0.04,0.013
SPY,2026-05-25,2026-05-28,2,call,800.0,0.015,0.01,0.02,745.6400146484375,84,629,0.22071091796874998,0.04,0.013
SPY,2026-05-25,2026-05-28,2,call,805.0,0.015,0.01,0.02,745.6400146484375,15,89,0.23828886718749998,0.04,0.013
SPY,2026-05-25,2026-05-28,2,call,810.0,0.03,0.0,0.01,745.6400146484375,0,2,0.23828886718749998,0.04,0.013
SPY,2026-05-25,2026-05-28,2,call,815.0,0.02,0.0,0.01,745.6400146484375,1,1,0.257819921875,0.04,0.013
SPY,2026-05-25,2026-05-28,2,call,830.0,0.02,0.0,0.01,745.6400146484375,0,5,0.304694453125,0.04,0.013
SPY,2026-05-25,2026-05-29,3,call,435.0,311.255,309.85,312.66,745.6400146484375,3,27,1.8847662011718749,0.04,0.013
SPY,2026-05-25,2026-05-29,3,call,450.0,296.27,294.87,297.67,745.6400146484375,199,206,1.7836924877929685,0.04,0.013
SPY,2026-05-25,2026-05-29,3,call,455.0,199.0,0.0,0.0,745.6400146484375,1,0,1.0000000000000003e-05,0.04,0.013
SPY,2026-05-25,2026-05-29,3,call,460.0,286.275,284.87,287.68,745.6400146484375,1,24,1.7158217333984376,0.04,0.013
SPY,2026-05-25,2026-05-29,3,call,470.0,242.88,241.48,244.28,745.6400146484375,60,60,1.0000000000000003e-05,0.04,0.013
SPY,2026-05-25,2026-05-29,3,call,475.0,205.01,0.0,0.0,745.6400146484375,1,0,1.0000000000000003e-05,0.04,0.013
SPY,2026-05-25,2026-05-29,3,call,480.0,266.28499999999997,264.89,267.68,745.6400146484375,1,28,1.583498176269531,0.04,0.013
SPY,2026-05-25,2026-05-29,3,call,485.0,261.28499999999997,259.89,262.68,745.6400146484375,3,2,1.5502952172851558,0.04,0.013
SPY,2026-05-25,2026-05-29,3,call,490.0,256.3,254.9,257.7,745.6400146484375,1,2,1.5224633251953121,0.04,0.013
SPY,2026-05-25,2026-05-29,3,call,495.0,251.29000000000002,249.9,252.68,745.6400146484375,1,3,1.486330693359375,0.04,0.013
SPY,2026-05-25,2026-05-29,3,call,500.0,246.31,244.9,247.72,745.6400146484375,1,31,1.4599636376953122,0.04,0.013
SPY,2026-05-25,2026-05-29,3,call,505.0,241.335,239.96,242.71,745.6400146484375,1,22,1.435549697265625,0.04,0.013
SPY,2026-05-25,2026-05-29,3,call,510.0,236.305,234.91,237.7,745.6400146484375,31,61,1.39453427734375,0.04,0.013
SPY,2026-05-25,2026-05-29,3,call,515.0,231.32,229.92,232.72,745.6400146484375,1,6,1.3671906640625,0.04,0.013
SPY,2026-05-25,2026-05-29,3,call,520.0,226.315,224.92,227.71,745.6400146484375,2,19,1.3339877050781246,0.04,0.013
SPY,2026-05-25,2026-05-29,3,call,525.0,221.315,219.92,222.71,745.6400146484375,3,6,1.3032261401367182,0.04,0.013
SPY,2026-05-25,2026-05-29,3,call,530.0,216.32999999999998,214.93,217.73,745.6400146484375,1,51,1.2763708056640621,0.04,0.013
SPY,2026-05-25,2026-05-29,3,call,535.0,211.32999999999998,209.94,212.72,745.6400146484375,1,12,1.2451209619140622,0.04,0.013
SPY,2026-05-25,2026-05-29,3,call,540.0,206.335,204.93,207.74,745.6400146484375,1,26,1.2158242333984375,0.04,0.013
SPY,2026-05-25,2026-05-29,3,call,545.0,201.33499999999998,199.94,202.73,745.6400146484375,3,6,1.185550947265625,0.04,0.013
SPY,2026-05-25,2026-05-29,3,call,550.0,196.33499999999998,194.94,197.73,745.6400146484375,3,70,1.1552776611328124,0.04,0.013
SPY,2026-05-25,2026-05-29,3,call,555.0,191.35,189.95,192.75,745.6400146484375,1,16,1.12891060546875,0.04,0.013
SPY,2026-05-25,2026-05-29,3,call,560.0,186.35000000000002,184.96,187.74,745.6400146484375,3,178,1.0991255981445316,0.04,0.013
SPY,2026-05-25,2026-05-29,3,call,565.0,181.355,179.95,182.76,745.6400146484375,1,167,1.070805427246094,0.04,0.013
SPY,2026-05-25,2026-05-29,3,call,570.0,176.35500000000002,174.96,177.75,745.6400146484375,1,1427,1.0410204199218753,0.04,0.013
SPY,2026-05-25,2026-05-29,3,call,575.0,171.365,169.96,172.77,745.6400146484375,1,153,1.0141650854492186,0.04,0.013
SPY,2026-05-25,2026-05-29,3,call,580.0,166.37,164.97,167.77,745.6400146484375,1,191,0.9858399853515626,0.04,0.013
SPY,2026-05-25,2026-05-29,3,call,585.0,161.365,159.97,162.76,745.6400146484375,2,31,0.9558109887695312,0.04,0.013
SPY,2026-05-25,2026-05-29,3,call,588.0,158.37,156.97,159.77,745.6400146484375,4,138,0.93945373046875,0.04,0.013
SPY,2026-05-25,2026-05-29,3,call,589.0,157.38,155.98,158.78,745.6400146484375,1,5,0.9357916577148437,0.04,0.013
SPY,2026-05-25,2026-05-29,3,call,590.0,156.38,154.98,157.78,745.6400146484375,1,97,0.9301764794921875,0.04,0.013
SPY,2026-05-25,2026-05-29,3,call,591.0,155.38,153.98,156.78,745.6400146484375,2,76,0.9243171630859376,0.04,0.013
SPY,2026-05-25,2026-05-29,3,call,592.0,154.375,152.98,155.77,745.6400146484375,23,76,0.9174812939453125,0.04,0.013
SPY,2026-05-25,2026-05-29,3,call,593.0,72.74,0.0,0.0,745.6400146484375,2,0,1.0000000000000003e-05,0.04,0.013
SPY,2026-05-25,2026-05-29,3,call,594.0,120.135,118.73,121.54,745.6400146484375,16,1,1.0000000000000003e-05,0.04,0.013
SPY,2026-05-25,2026-05-29,3,call,595.0,151.385,149.98,152.79,745.6400146484375,1,292,0.9023447265625,0.04,0.013
SPY,2026-05-25,2026-05-29,3,call,596.0,150.375,148.98,151.77,745.6400146484375,1,2,0.8945323046874999,0.04,0.013
SPY,2026-05-25,2026-05-29,3,call,597.0,98.94,0.0,0.0,745.6400146484375,1,0,1.0000000000000003e-05,0.04,0.013
SPY,2026-05-25,2026-05-29,3,call,598.0,148.38,146.98,149.78,745.6400146484375,1,1,0.883790224609375,0.04,0.013
SPY,2026-05-25,2026-05-29,3,call,599.0,115.22999999999999,113.83,116.63,745.6400146484375,1,3,1.0000000000000003e-05,0.04,0.013
SPY,2026-05-25,2026-05-29,3,call,600.0,146.39,144.99,147.79,745.6400146484375,4,15597,0.8745129736328124,0.04,0.013
SPY,2026-05-25,2026-05-29,3,call,601.0,145.39,143.99,146.79,745.6400146484375,1,0,0.8686536572265625,0.04,0.013
SPY,2026-05-25,2026-05-29,3,call,602.0,144.39,142.99,145.79,745.6400146484375,1,3,0.8630384790039063,0.04,0.013
SPY,2026-05-25,2026-05-29,3,call,603.0,143.385,141.99,144.78,745.6400146484375,2,2,0.8564467480468749,0.04,0.013
SPY,2026-05-25,2026-05-29,3,call,604.0,100.215,99.9,100.53,745.6400146484375,0,1,1.0000000000000003e-05,0.04,0.013
SPY,2026-05-25,2026-05-29,3,call,605.0,141.385,139.99,142.78,745.6400146484375,1,23,0.8449722534179687,0.04,0.013
SPY,2026-05-25,2026-05-29,3,call,606.0,140.395,138.99,141.8,745.6400146484375,1,32,0.8410660424804688,0.04,0.013
SPY,2026-05-25,2026-05-29,3,call,607.0,139.385,137.99,140.78,745.6400146484375,3,23,0.8334977587890623,0.04,0.013
SPY,2026-05-25,2026-05-29,3,call,608.0,138.4,137.0,139.8,745.6400146484375,1,18,0.8305681005859374,0.04,0.013
SPY,2026-05-25,2026-05-29,3,call,609.0,129.92000000000002,128.52,131.32,745.6400146484375,1,3,1.0000000000000003e-05,0.04,0.013
SPY,2026-05-25,2026-05-29,3,call,610.0,136.4,135.0,137.8,745.6400146484375,3,96,0.8193377441406249,0.04,0.013
SPY,2026-05-25,2026-05-29,3,call,611.0,93.91,93.51,94.31,745.6400146484375,2,2,1.0000000000000003e-05,0.04,0.013
SPY,2026-05-25,2026-05-29,3,call,612.0,85.2,0.0,0.0,745.6400146484375,2,0,1.0000000000000003e-05,0.04,0.013
SPY,2026-05-25,2026-05-29,3,call,613.0,133.39499999999998,132.0,134.79,745.6400146484375,2,2,0.8012715185546875,0.04,0.013
SPY,2026-05-25,2026-05-29,3,call,614.0,62.96,62.29,63.63,745.6400146484375,1,0,1.0000000000000003e-05,0.04,0.013
SPY,2026-05-25,2026-05-29,3,call,615.0,131.405,130.0,132.81,745.6400146484375,5,735,0.7917501293945313,0.04,0.013
SPY,2026-05-25,2026-05-29,3,call,616.0,130.405,129.0,131.81,745.6400146484375,1,1,0.7861349511718749,0.04,0.013
SPY,2026-05-25,2026-05-29,3,call,617.0,121.935,120.54,123.33,745.6400146484375,2,94,1.0000000000000003e-05,0.04,0.013
SPY,2026-05-25,2026-05-29,3,call,618.0,128.41,127.01,129.81,745.6400146484375,1,1,0.7756370092773439,0.04,0.013
SPY,2026-05-25,2026-05-29,3,call,619.0,127.41,126.01,128.81,745.6400146484375,3,4,0.7700218310546876,0.04,0.013
SPY,2026-05-25,2026-05-29,3,call,620.0,126.41,125.01,127.81,745.6400146484375,2,230,0.7641625146484375,0.04,0.013
SPY,2026-05-25,2026-05-29,3,call,621.0,117.96000000000001,116.56,119.36,745.6400146484375,1,1,1.0000000000000003e-05,0.04,0.013
SPY,2026-05-25,2026-05-29,3,call,622.0,124.405,123.01,125.8,745.6400146484375,31,39,0.7521997436523438,0.04,0.013
SPY,2026-05-25,2026-05-29,3,call,623.0,115.965,114.56,117.37,745.6400146484375,2,5,1.0000000000000003e-05,0.04,0.013
SPY,2026-05-25,2026-05-29,3,call,624.0,122.41499999999999,121.01,123.82,745.6400146484375,2,3,0.7426783544921874,0.04,0.013
SPY,2026-05-25,2026-05-29,3,call,625.0,121.41,120.01,122.81,745.6400146484375,1,163,0.7360866235351562,0.04,0.013
SPY,2026-05-25,2026-05-29,3,call,626.0,120.41999999999999,119.02,121.82,745.6400146484375,7,5,0.7321804125976561,0.04,0.013
SPY,2026-05-25,2026-05-29,3,call,627.0,119.41999999999999,118.02,120.82,745.6400146484375,1,7,0.726565234375,0.04,0.013
SPY,2026-05-25,2026-05-29,3,call,628.0,118.41999999999999,117.02,119.82,745.6400146484375,2,3,0.72070591796875,0.04,0.013
SPY,2026-05-25,2026-05-29,3,call,629.0,117.41499999999999,116.02,118.81,745.6400146484375,1,14,0.7143583251953125,0.04,0.013
SPY,2026-05-25,2026-05-29,3,call,630.0,116.41,115.02,117.8,745.6400146484375,3,282,0.708010732421875,0.04,0.013
SPY,2026-05-25,2026-05-29,3,call,631.0,108.0,106.6,109.4,745.6400146484375,1,23,1.0000000000000003e-05,0.04,0.013
SPY,2026-05-25,2026-05-29,3,call,632.0,114.425,113.02,115.83,745.6400146484375,1,78,0.6992217578125001,0.04,0.013
SPY,2026-05-25,2026-05-29,3,call,633.0,113.425,112.02,114.83,745.6400146484375,10,103,0.6936065795898438,0.04,0.013
SPY,2026-05-25,2026-05-29,3,call,634.0,112.43,111.03,113.83,745.6400146484375,125,181,0.6887238159179689,0.04,0.013
SPY,2026-05-25,2026-05-29,3,call,635.0,111.43,110.03,112.83,745.6400146484375,2,1106,0.6831086376953126,0.04,0.013
SPY,2026-05-25,2026-05-29,3,call,636.0,110.425,109.03,111.82,745.6400146484375,3,81,0.676761044921875,0.04,0.013
SPY,2026-05-25,2026-05-29,3,call,637.0,109.425,108.03,110.82,745.6400146484375,2,156,0.6711458666992189,0.04,0.013
SPY,2026-05-25,2026-05-29,3,call,638.0,108.42,107.03,109.81,745.6400146484375,1,144,0.6647982739257814,0.04,0.013
SPY,2026-05-25,2026-05-29,3,call,639.0,107.435,106.03,108.84,745.6400146484375,1,201,0.6613803393554689,0.04,0.013
SPY,2026-05-25,2026-05-29,3,call,640.0,106.435,105.04,107.83,745.6400146484375,18,1554,0.6557651611328126,0.04,0.013
SPY,2026-05-25,2026-05-29,3,call,641.0,105.44,104.04,106.84,745.6400146484375,1,176,0.6508823974609376,0.04,0.013
SPY,2026-05-25,2026-05-29,3,call,642.0,104.44,103.04,105.84,745.6400146484375,1,207,0.6452672192382812,0.04,0.013
SPY,2026-05-25,2026-05-29,3,call,643.0,103.435,102.04,104.83,745.6400146484375,1,123,0.6391637646484375,0.04,0.013
SPY,2026-05-25,2026-05-29,3,call,644.0,102.435,101.04,103.83,745.6400146484375,1,181,0.6333044482421876,0.04,0.013
SPY,2026-05-25,2026-05-29,3,call,645.0,101.43,100.04,102.82,745.6400146484375,3,385,0.6272009936523439,0.04,0.013
SPY,2026-05-25,2026-05-29,3,call,646.0,100.445,99.04,101.85,745.6400146484375,1,264,0.6235389208984375,0.04,0.013
SPY,2026-05-25,2026-05-29,3,call,647.0,99.445,98.04,100.85,745.6400146484375,1,183,0.6181678808593751,0.04,0.013
SPY,2026-05-25,2026-05-29,3,call,648.0,98.44999999999999,97.05,99.85,745.6400146484375,1,807,0.6132851171875001,0.04,0.013
SPY,2026-05-25,2026-05-29,3,call,649.0,97.445,96.05,98.84,745.6400146484375,1,328,0.6069375244140626,0.04,0.013
SPY,2026-05-25,2026-05-29,3,call,650.0,96.475,95.5,97.45,745.6400146484375,37,1775,0.6054726953125001,0.04,0.013
SPY,2026-05-25,2026-05-29,3,call,651.0,95.455,94.05,96.86,745.6400146484375,1,235,0.5971719970703125,0.04,0.013
SPY,2026-05-25,2026-05-29,3,call,652.0,94.455,93.05,95.86,745.6400146484375,2,129,0.5915568188476563,0.04,0.013
SPY,2026-05-25,2026-05-29,3,call,653.0,93.46000000000001,92.06,94.86,745.6400146484375,3,133,0.5864299169921875,0.04,0.013
SPY,2026-05-25,2026-05-29,3,call,654.0,92.46000000000001,91.06,93.86,745.6400146484375,4,519,0.5810588769531251,0.04,0.013
SPY,2026-05-25,2026-05-29,3,call,655.0,91.455,90.06,92.85,745.6400146484375,13,1863,0.5747112841796875,0.04,0.013
SPY,2026-05-25,2026-05-29,3,call,656.0,90.455,89.06,91.85,745.6400146484375,4,641,0.5690961059570312,0.04,0.013
SPY,2026-05-25,2026-05-29,3,call,657.0,89.465,88.06,90.87,745.6400146484375,10,1013,0.5647016186523439,0.04,0.013
SPY,2026-05-25,2026-05-29,3,call,658.0,88.455,87.06,89.85,745.6400146484375,4,495,0.5578657495117189,0.04,0.013
SPY,2026-05-25,2026-05-29,3,call,659.0,87.47,86.07,88.87,745.6400146484375,2,978,0.5542036767578126,0.04,0.013
SPY,2026-05-25,2026-05-29,3,call,660.0,86.465,85.07,87.86,745.6400146484375,14,3346,0.5481002221679689,0.04,0.013
SPY,2026-05-25,2026-05-29,3,call,661.0,85.475,84.07,86.88,745.6400146484375,1,1537,0.5437057348632813,0.04,0.013
SPY,2026-05-25,2026-05-29,3,call,662.0,84.465,83.07,85.86,745.6400146484375,1,562,0.5368698657226563,0.04,0.013
SPY,2026-05-25,2026-05-29,3,call,663.0,83.47999999999999,82.08,84.88,745.6400146484375,1,926,0.5329636547851562,0.04,0.013
SPY,2026-05-25,2026-05-29,3,call,664.0,82.475,81.08,83.87,745.6400146484375,3,806,0.5268602001953125,0.04,0.013
SPY,2026-05-25,2026-05-29,3,call,665.0,81.475,80.08,82.87,745.6400146484375,11,1800,0.5212450219726561,0.04,0.013
SPY,2026-05-25,2026-05-29,3,call,666.0,80.485,79.08,81.89,745.6400146484375,6,525,0.5168505346679688,0.04,0.013
SPY,2026-05-25,2026-05-29,3,call,667.0,79.475,78.08,80.87,745.6400146484375,3,794,0.5100146655273439,0.04,0.013
SPY,2026-05-25,2026-05-29,3,call,668.0,78.485,77.09,79.88,745.6400146484375,1,422,0.5056201782226561,0.04,0.013
SPY,2026-05-25,2026-05-29,3,call,669.0,77.485,76.09,78.88,745.6400146484375,1,487,0.500005,0.04,0.013
SPY,2026-05-25,2026-05-29,3,call,670.0,76.495,75.09,77.9,745.6400146484375,1024,2913,0.6159706372070313,0.04,0.013
SPY,2026-05-25,2026-05-29,3,call,671.0,75.485,74.09,76.88,745.6400146484375,1,433,0.6080361462402344,0.04,0.013
SPY,2026-05-25,2026-05-29,3,call,672.0,74.495,73.1,75.89,745.6400146484375,5,729,0.6021768298339845,0.04,0.013
SPY,2026-05-25,2026-05-29,3,call,673.0,73.505,72.1,74.91,745.6400146484375,33,606,0.5969278588867188,0.04,0.013
SPY,2026-05-25,2026-05-29,3,call,674.0,72.505,71.1,73.91,745.6400146484375,3,438,0.5904581970214844,0.04,0.013
SPY,2026-05-25,2026-05-29,3,call,675.0,71.495,70.1,72.89,745.6400146484375,21,965,0.5825237060546875,0.04,0.013
SPY,2026-05-25,2026-05-29,3,call,676.0,70.505,69.11,71.9,745.6400146484375,2,968,0.5766643896484375,0.04,0.013
SPY,2026-05-25,2026-05-29,3,call,677.0,69.50999999999999,68.11,70.91,745.6400146484375,13,1070,0.5708050732421875,0.04,0.013
SPY,2026-05-25,2026-05-29,3,call,678.0,68.515,67.11,69.92,745.6400146484375,1,674,0.5648236877441408,0.04,0.013
SPY,2026-05-25,2026-05-29,3,call,679.0,67.515,66.12,68.91,745.6400146484375,5,752,0.5576216113281252,0.04,0.013
SPY,2026-05-25,2026-05-29,3,call,680.0,66.52000000000001,65.12,67.92,745.6400146484375,1552,2382,0.551762294921875,0.04,0.013
SPY,2026-05-25,2026-05-29,3,call,681.0,65.505,64.12,66.89,745.6400146484375,1,696,0.5432174584960938,0.04,0.013
SPY,2026-05-25,2026-05-29,3,call,682.0,64.525,63.13,65.92,745.6400146484375,5,374,0.5385788330078126,0.04,0.013
SPY,2026-05-25,2026-05-29,3,call,683.0,63.535,62.13,64.94,745.6400146484375,12,299,0.53320779296875,0.04,0.013
SPY,2026-05-25,2026-05-29,3,call,684.0,62.53,61.13,63.93,745.6400146484375,4,1559,0.5260057165527343,0.04,0.013
SPY,2026-05-25,2026-05-29,3,call,685.0,61.545,60.14,62.95,745.6400146484375,20,1398,0.5206346765136718,0.04,0.013
SPY,2026-05-25,2026-05-29,3,call,686.0,60.545,59.14,61.95,745.6400146484375,72,411,0.5139208764648437,0.04,0.013
SPY,2026-05-25,2026-05-29,3,call,687.0,59.545,58.15,60.94,745.6400146484375,14,398,0.5067188000488281,0.04,0.013
SPY,2026-05-25,2026-05-29,3,call,688.0,58.545,57.15,59.94,745.6400146484375,5,631,0.5001270690917969,0.04,0.013
SPY,2026-05-25,2026-05-29,3,call,689.0,57.56,56.16,58.96,745.6400146484375,9,481,0.4946339599609375,0.04,0.013
SPY,2026-05-25,2026-05-29,3,call,690.0,56.57,55.17,57.97,745.6400146484375,839,3400,0.4885305053710938,0.04,0.013
SPY,2026-05-25,2026-05-29,3,call,691.0,55.565,54.17,56.96,745.6400146484375,57,425,0.4813284289550781,0.04,0.013
SPY,2026-05-25,2026-05-29,3,call,692.0,54.575,53.17,55.98,745.6400146484375,14,471,0.4757132507324219,0.04,0.013
SPY,2026-05-25,2026-05-29,3,call,693.0,53.575,52.18,54.97,745.6400146484375,5,1225,0.46851117431640626,0.04,0.013
SPY,2026-05-25,2026-05-29,3,call,694.0,52.58,51.18,53.98,745.6400146484375,3,632,0.4622856506347657,0.04,0.013
SPY,2026-05-25,2026-05-29,3,call,695.0,51.58,50.19,52.97,745.6400146484375,22,3708,0.45508357421875,0.04,0.013
SPY,2026-05-25,2026-05-29,3,call,696.0,50.595,49.2,51.99,745.6400146484375,9,602,0.44946839599609373,0.04,0.013
SPY,2026-05-25,2026-05-29,3,call,697.0,49.6,48.2,51.0,745.6400146484375,13,861,0.44324287231445314,0.04,0.013
SPY,2026-05-25,2026-05-29,3,call,698.0,48.615,47.21,50.02,745.6400146484375,9,952,0.437505625,0.04,0.013
SPY,2026-05-25,2026-05-29,3,call,699.0,47.614999999999995,46.22,49.01,745.6400146484375,262,657,0.43018147949218755,0.04,0.013
SPY,2026-05-25,2026-05-29,3,call,700.0,46.515,45.23,47.8,745.6400146484375,164,7698,0.41199318481445313,0.04,0.013
SPY,2026-05-25,2026-05-29,3,call,701.0,45.635000000000005,44.24,47.03,745.6400146484375,9,475,0.41760836303710935,0.04,0.013
SPY,2026-05-25,2026-05-29,3,call,702.0,44.855000000000004,43.67,46.04,745.6400146484375,39,1798,0.4112607702636719,0.04,0.013
SPY,2026-05-25,2026-05-29,3,call,703.0,43.655,42.26,45.05,745.6400146484375,31,411,0.40491317749023437,0.04,0.013
SPY,2026-05-25,2026-05-29,3,call,704.0,42.665000000000006,41.27,44.06,745.6400146484375,43,244,0.39856558471679693,0.04,0.013
SPY,2026-05-25,2026-05-29,3,call,705.0,41.675,40.28,43.07,745.6400146484375,53,1466,0.3920959228515625,0.04,0.013
SPY,2026-05-25,2026-05-29,3,call,706.0,40.695,39.29,42.1,745.6400146484375,17,584,0.38672488281249995,0.04,0.013
SPY,2026-05-25,2026-05-29,3,call,707.0,39.695,38.3,41.09,745.6400146484375,15,490,0.3792786682128906,0.04,0.013
SPY,2026-05-25,2026-05-29,3,call,708.0,38.715,37.32,40.11,745.6400146484375,10,817,0.37317521362304684,0.04,0.013
SPY,2026-05-25,2026-05-29,3,call,709.0,37.724999999999994,36.33,39.12,745.6400146484375,247,1229,0.3667055517578125,0.04,0.013
SPY,2026-05-25,2026-05-29,3,call,710.0,36.754999999999995,35.35,38.16,745.6400146484375,305,3051,0.36151761535644533,0.04,0.013
SPY,2026-05-25,2026-05-29,3,call,711.0,35.78,34.37,37.19,745.6400146484375,164,1064,0.35584140258789054,0.04,0.013
SPY,2026-05-25,2026-05-29,3,call,712.0,34.785,33.39,36.18,745.6400146484375,156,1190,0.3482731188964844,0.04,0.013
SPY,2026-05-25,2026-05-29,3,call,713.0,33.805,32.41,35.2,745.6400146484375,65,1322,0.3419865606689453,0.04,0.013
SPY,2026-05-25,2026-05-29,3,call,714.0,32.825,31.43,34.22,745.6400146484375,32,994,0.33570000244140624,0.04,0.013
SPY,2026-05-25,2026-05-29,3,call,715.0,31.85,30.46,33.24,745.6400146484375,54,2763,0.3293524096679687,0.04,0.013
SPY,2026-05-25,2026-05-29,3,call,716.0,30.875,29.48,32.27,745.6400146484375,15,1024,0.3233710241699218,0.04,0.013
SPY,2026-05-25,2026-05-29,3,call,717.0,29.9,28.5,31.3,745.6400146484375,69,19668,0.3173286041259765,0.04,0.013
SPY,2026-05-25,2026-05-29,3,call,718.0,28.93,27.53,30.33,745.6400146484375,33,423,0.31116411499023433,0.04,0.013
SPY,2026-05-25,2026-05-29,3,call,719.0,27.97,26.57,29.37,745.6400146484375,17,717,0.30542686767578126,0.04,0.013
SPY,2026-05-25,2026-05-29,3,call,720.0,27.0,25.6,28.4,745.6400146484375,752,5536,0.2991403094482421,0.04,0.013
SPY,2026-05-25,2026-05-29,3,call,721.0,25.615000000000002,24.64,26.59,745.6400146484375,18,1112,0.25751474914550787,0.04,0.013
SPY,2026-05-25,2026-05-29,3,call,722.0,25.085,23.69,26.48,745.6400146484375,49,1124,0.28717753845214833,0.04,0.013
SPY,2026-05-25,2026-05-29,3,call,723.0,24.130000000000003,22.73,25.53,745.6400146484375,24,771,0.28137925659179686,0.04,0.013
SPY,2026-05-25,2026-05-29,3,call,724.0,22.89,21.79,23.99,745.6400146484375,103,1636,0.2525709509277344,0.04,0.013
SPY,2026-05-25,2026-05-29,3,call,725.0,22.405,21.89,22.92,745.6400146484375,425,4984,0.24231714721679687,0.04,0.013
SPY,2026-05-25,2026-05-29,3,call,726.0,21.295,20.97,21.62,745.6400146484375,113,1359,0.22272505798339842,0.04,0.013
SPY,2026-05-25,2026-05-29,3,call,727.0,20.365000000000002,20.04,20.69,745.6400146484375,154,1136,0.2181474670410156,0.04,0.013
SPY,2026-05-25,2026-05-29,3,call,728.0,19.415,19.13,19.7,745.6400146484375,328,1266,0.21106745971679686,0.04,0.013
SPY,2026-05-25,2026-05-29,3,call,729.0,18.5,18.23,18.77,745.6400146484375,360,1262,0.20618469604492184,0.04,0.013
SPY,2026-05-25,2026-05-29,3,call,730.0,17.465,16.96,17.97,745.6400146484375,592,5706,0.2059405578613281,0.04,0.013
SPY,2026-05-25,2026-05-29,3,call,731.0,16.705,16.45,16.96,745.6400146484375,102,1869,0.19763985961914063,0.04,0.013
SPY,2026-05-25,2026-05-29,3,call,732.0,15.844999999999999,15.58,16.11,745.6400146484375,767,1782,0.19495433959960937,0.04,0.013
SPY,2026-05-25,2026-05-29,3,call,733.0,14.97,14.71,15.23,745.6400146484375,1225,21508,0.19080399047851562,0.04,0.013
SPY,2026-05-25,2026-05-29,3,call,734.0,14.075,13.86,14.29,745.6400146484375,1024,1861,0.1844563977050781,0.04,0.013
SPY,2026-05-25,2026-05-29,3,call,735.0,13.205,13.02,13.39,745.6400146484375,1550,8541,0.17914639221191403,0.04,0.013
SPY,2026-05-25,2026-05-29,3,call,736.0,12.36,12.18,12.54,745.6400146484375,277,5384,0.1751181121826172,0.04,0.013
SPY,2026-05-25,2026-05-29,3,call,737.0,11.58,11.36,11.8,745.6400146484375,286,1943,0.17401949035644532,0.04,0.013
SPY,2026-05-25,2026-05-29,3,call,738.0,10.765,10.57,10.96,745.6400146484375,437,2925,0.1694418994140625,0.04,0.013
SPY,2026-05-25,2026-05-29,3,call,739.0,9.93,9.79,10.07,745.6400146484375,342,3967,0.16303327209472657,0.04,0.013
SPY,2026-05-25,2026-05-29,3,call,740.0,9.24,9.14,9.34,745.6400146484375,2544,25530,0.1607749938964844,0.04,0.013
SPY,2026-05-25,2026-05-29,3,call,741.0,8.46,8.31,8.61,745.6400146484375,381,2767,0.15796740478515625,0.04,0.013
SPY,2026-05-25,2026-05-29,3,call,742.0,7.75,7.6,7.9,745.6400146484375,634,4779,0.1550987811279297,0.04,0.013
SPY,2026-05-25,2026-05-29,3,call,743.0,7.075,6.92,7.23,745.6400146484375,732,3081,0.15271843383789066,0.04,0.013
SPY,2026-05-25,2026-05-29,3,call,744.0,6.395,6.27,6.52,745.6400146484375,1185,1628,0.14862911926269531,0.04,0.013
SPY,2026-05-25,2026-05-29,3,call,745.0,5.79,5.73,5.85,745.6400146484375,5681,8314,0.14490601196289063,0.04,0.013
SPY,2026-05-25,2026-05-29,3,call,746.0,5.210000000000001,5.19,5.23,745.6400146484375,10080,2343,0.14173221557617188,0.04,0.013
SPY,2026-05-25,2026-05-29,3,call,747.0,4.654999999999999,4.64,4.67,745.6400146484375,18789,1748,0.13941290283203128,0.04,0.013
SPY,2026-05-25,2026-05-29,3,call,748.0,4.135,4.12,4.15,745.6400146484375,22159,2045,0.1373377282714844,0.04,0.013
SPY,2026-05-25,2026-05-29,3,call,749.0,3.645,3.63,3.66,745.6400146484375,3364,2804,0.13514048461914066,0.04,0.013
SPY,2026-05-25,2026-05-29,3,call,750.0,3.1950000000000003,3.18,3.21,745.6400146484375,15784,13263,0.1332178964233398,0.04,0.013
SPY,2026-05-25,2026-05-29,3,call,751.0,2.785,2.77,2.8,745.6400146484375,2585,2023,0.13147841186523437,0.04,0.013
SPY,2026-05-25,2026-05-29,3,call,752.0,2.415,2.4,2.43,745.6400146484375,1784,3518,0.1299525482177734,0.04,0.013
SPY,2026-05-25,2026-05-29,3,call,753.0,2.075,2.06,2.09,745.6400146484375,1980,2030,0.1283046154785156,0.04,0.013
SPY,2026-05-25,2026-05-29,3,call,754.0,1.77,1.76,1.78,745.6400146484375,2189,2416,0.1266566827392578,0.04,0.013
SPY,2026-05-25,2026-05-29,3,call,755.0,1.5,1.49,1.51,745.6400146484375,7299,21948,0.1253139227294922,0.04,0.013
SPY,2026-05-25,2026-05-29,3,call,756.0,1.26,1.25,1.27,745.6400146484375,2956,2862,0.12397116271972657,0.04,0.013
SPY,2026-05-25,2026-05-29,3,call,757.0,1.05,1.04,1.06,745.6400146484375,4860,2868,0.12268943725585937,0.04,0.013
SPY,2026-05-25,2026-05-29,3,call,758.0,0.87,0.86,0.88,745.6400146484375,1623,967,0.1215908154296875,0.04,0.013
SPY,2026-05-25,2026-05-29,3,call,759.0,0.715,0.71,0.72,745.6400146484375,2691,820,0.12037012451171875,0.04,0.013
SPY,2026-05-25,2026-05-29,3,call,760.0,0.58,0.57,0.59,745.6400146484375,10008,13816,0.11951564086914063,0.04,0.013
SPY,2026-05-25,2026-05-29,3,call,761.0,0.47,0.46,0.48,745.6400146484375,1400,1694,0.11878322631835936,0.04,0.013
SPY,2026-05-25,2026-05-29,3,call,762.0,0.38,0.37,0.39,745.6400146484375,2598,4033,0.118172880859375,0.04,0.013
SPY,2026-05-25,2026-05-29,3,call,763.0,0.305,0.3,0.31,745.6400146484375,1537,1770,0.11731839721679688,0.04,0.013
SPY,2026-05-25,2026-05-29,3,call,764.0,0.245,0.24,0.25,745.6400146484375,929,1154,0.11695218994140624,0.04,0.013
SPY,2026-05-25,2026-05-29,3,call,765.0,0.20500000000000002,0.2,0.21,745.6400146484375,2703,7356,0.1176846044921875,0.04,0.013
SPY,2026-05-25,2026-05-29,3,call,766.0,0.165,0.16,0.17,745.6400146484375,1290,1838,0.11792874267578124,0.04,0.013
SPY,2026-05-25,2026-05-29,3,call,767.0,0.135,0.13,0.14,745.6400146484375,1025,1582,0.11841701904296875,0.04,0.013
SPY,2026-05-25,2026-05-29,3,call,768.0,0.10500000000000001,0.1,0.11,745.6400146484375,1116,453,0.11792874267578124,0.04,0.013
SPY,2026-05-25,2026-05-29,3,call,769.0,0.095,0.09,0.1,745.6400146484375,966,2163,0.1206142626953125,0.04,0.013
SPY,2026-05-25,2026-05-29,3,call,770.0,0.07500000000000001,0.07,0.08,745.6400146484375,2764,8350,0.1206142626953125,0.04,0.013
SPY,2026-05-25,2026-05-29,3,call,771.0,0.065,0.06,0.07,745.6400146484375,261,729,0.12207909179687501,0.04,0.013
SPY,2026-05-25,2026-05-29,3,call,772.0,0.065,0.06,0.07,745.6400146484375,192,1220,0.12647357910156248,0.04,0.013
SPY,2026-05-25,2026-05-29,3,call,773.0,0.055,0.05,0.06,745.6400146484375,264,1205,0.1274501318359375,0.04,0.013
SPY,2026-05-25,2026-05-29,3,call,774.0,0.045,0.04,0.05,745.6400146484375,313,807,0.12842668457031248,0.04,0.013
SPY,2026-05-25,2026-05-29,3,call,775.0,0.045,0.04,0.05,745.6400146484375,2705,4242,0.131844619140625,0.04,0.013
SPY,2026-05-25,2026-05-29,3,call,780.0,0.025,0.02,0.03,745.6400146484375,1618,3832,0.141610146484375,0.04,0.013
SPY,2026-05-25,2026-05-29,3,call,785.0,0.025,0.02,0.03,745.6400146484375,437,4166,0.159188095703125,0.04,0.013
SPY,2026-05-25,2026-05-29,3,call,790.0,0.015,0.01,0.02,745.6400146484375,3455,2429,0.16993017578125003,0.04,0.013
SPY,2026-05-25,2026-05-29,3,call,795.0,0.015,0.01,0.02,745.6400146484375,54,6557,0.18555501953124998,0.04,0.013
SPY,2026-05-25,2026-05-29,3,call,800.0,0.015,0.01,0.02,745.6400146484375,501,6086,0.20117986328124998,0.04,0.013
SPY,2026-05-25,2026-05-29,3,call,805.0,0.015,0.01,0.02,745.6400146484375,287,1942,0.21875781249999998,0.04,0.013
SPY,2026-05-25,2026-05-29,3,call,820.0,0.015,0.01,0.02,745.6400146484375,2,3787,0.26563234375,0.04,0.013
SPY,2026-05-25,2026-05-29,3,call,825.0,0.02,0.0,0.01,745.6400146484375,1,553,0.2617261328125,0.04,0.013
SPY,2026-05-25,2026-06-01,6,call,540.0,206.39499999999998,205.0,207.79,745.6400146484375,0,1,1.0053760668945313,0.04,0.013
SPY,2026-05-25,2026-06-01,6,call,600.0,146.46,145.06,147.86,745.6400146484375,1,0,0.7246121289062499,0.04,0.013
SPY,2026-05-25,2026-06-01,6,call,660.0,86.575,85.17,87.98,745.6400146484375,2,6,0.5609174768066407,0.04,0.013
SPY,2026-05-25,2026-06-01,6,call,670.0,76.605,75.2,78.01,745.6400146484375,6,0,0.5090381127929688,0.04,0.013
SPY,2026-05-25,2026-06-01,6,call,675.0,71.62,70.22,73.02,745.6400146484375,2,1,0.4826711889648438,0.04,0.013
SPY,2026-05-25,2026-06-01,6,call,680.0,66.64,65.24,68.04,745.6400146484375,1,0,0.45667047241210945,0.04,0.013
SPY,2026-05-25,2026-06-01,6,call,690.0,56.695,55.3,58.09,745.6400146484375,15,4,0.40454697021484376,0.04,0.013
SPY,2026-05-25,2026-06-01,6,call,695.0,51.745000000000005,50.34,53.15,745.6400146484375,2,10,0.37964487548828124,0.04,0.013
SPY,2026-05-25,2026-06-01,6,call,696.0,50.754999999999995,49.35,52.16,745.6400146484375,0,2,0.3745179736328125,0.04,0.013
SPY,2026-05-25,2026-06-01,6,call,699.0,47.785,46.38,49.19,745.6400146484375,1,0,0.3590151989746094,0.04,0.013
SPY,2026-05-25,2026-06-01,6,call,700.0,46.795,45.4,48.19,745.6400146484375,1,7,0.3534000207519531,0.04,0.013
SPY,2026-05-25,2026-06-01,6,call,701.0,45.805,44.41,47.2,745.6400146484375,6,0,0.3481510498046875,0.04,0.013
SPY,2026-05-25,2026-06-01,6,call,702.0,44.825,43.42,46.23,745.6400146484375,0,1,0.3437565625,0.04,0.013
SPY,2026-05-25,2026-06-01,6,call,705.0,41.864999999999995,40.47,43.26,745.6400146484375,2,1,0.32782654602050776,0.04,0.013
SPY,2026-05-25,2026-06-01,6,call,706.0,40.885000000000005,39.49,42.28,745.6400146484375,0,2,0.3228827478027343,0.04,0.013
SPY,2026-05-25,2026-06-01,6,call,710.0,36.96,35.56,38.36,745.6400146484375,7,5,0.30274134765625,0.04,0.013
SPY,2026-05-25,2026-06-01,6,call,712.0,35.01,33.61,36.41,745.6400146484375,1,1,0.29279271667480455,0.04,0.013
SPY,2026-05-25,2026-06-01,6,call,713.0,34.04,32.64,35.44,745.6400146484375,0,1,0.28790995300292954,0.04,0.013
SPY,2026-05-25,2026-06-01,6,call,715.0,32.105000000000004,30.71,33.5,745.6400146484375,2,18,0.27802235656738283,0.04,0.013
SPY,2026-05-25,2026-06-01,6,call,716.0,31.14,29.74,32.54,745.6400146484375,0,1,0.2733837310791015,0.04,0.013
SPY,2026-05-25,2026-06-01,6,call,717.0,30.18,28.78,31.58,745.6400146484375,7,0,0.2686230364990234,0.04,0.013
SPY,2026-05-25,2026-06-01,6,call,718.0,29.225,27.82,30.63,745.6400146484375,0,1,0.26416751464843746,0.04,0.013
SPY,2026-05-25,2026-06-01,6,call,719.0,28.265,26.87,29.66,745.6400146484375,6,0,0.25891854370117195,0.04,0.013
SPY,2026-05-25,2026-06-01,6,call,720.0,27.310000000000002,25.91,28.71,745.6400146484375,5,112,0.2543409527587891,0.04,0.013
SPY,2026-05-25,2026-06-01,6,call,721.0,26.365000000000002,24.97,27.76,745.6400146484375,18,2,0.24958025817871093,0.04,0.013
SPY,2026-05-25,2026-06-01,6,call,722.0,25.42,24.02,26.82,745.6400146484375,16,1,0.245124736328125,0.04,0.013
SPY,2026-05-25,2026-06-01,6,call,723.0,24.985,24.09,25.88,745.6400146484375,28,2,0.24054714538574218,0.04,0.013
SPY,2026-05-25,2026-06-01,6,call,724.0,24.065,23.17,24.96,745.6400146484375,385,3,0.23645783081054686,0.04,0.013
SPY,2026-05-25,2026-06-01,6,call,725.0,22.595,22.31,22.88,745.6400146484375,658,39,0.19654123779296873,0.04,0.013
SPY,2026-05-25,2026-06-01,6,call,726.0,21.67,21.43,21.91,745.6400146484375,673,18,0.19135330139160156,0.04,0.013
SPY,2026-05-25,2026-06-01,6,call,727.0,20.75,20.51,20.99,745.6400146484375,437,2,0.1876912286376953,0.04,0.013
SPY,2026-05-25,2026-06-01,6,call,728.0,19.85,19.62,20.08,745.6400146484375,4,57,0.18421225952148437,0.04,0.013
SPY,2026-05-25,2026-06-01,6,call,729.0,18.97,18.76,19.18,745.6400146484375,17,4,0.18079432495117187,0.04,0.013
SPY,2026-05-25,2026-06-01,6,call,730.0,18.065,17.85,18.28,745.6400146484375,40,260,0.17719328674316404,0.04,0.013
SPY,2026-05-25,2026-06-01,6,call,731.0,17.185000000000002,16.98,17.39,745.6400146484375,6,100,0.17371431762695314,0.04,0.013
SPY,2026-05-25,2026-06-01,6,call,732.0,16.325,16.11,16.54,745.6400146484375,0,371,0.17108983215332033,0.04,0.013
SPY,2026-05-25,2026-06-01,6,call,733.0,15.475,15.27,15.68,745.6400146484375,2,137,0.16797707031250003,0.04,0.013
SPY,2026-05-25,2026-06-01,6,call,734.0,14.61,14.42,14.8,745.6400146484375,56,186,0.16407085937500002,0.04,0.013
SPY,2026-05-25,2026-06-01,6,call,735.0,13.8,13.6,14.0,745.6400146484375,344,721,0.1619346502685547,0.04,0.013
SPY,2026-05-25,2026-06-01,6,call,736.0,12.975000000000001,12.8,13.15,745.6400146484375,37,114,0.15827257751464846,0.04,0.013
SPY,2026-05-25,2026-06-01,6,call,737.0,12.184999999999999,12.0,12.37,745.6400146484375,174,305,0.15598378204345703,0.04,0.013
SPY,2026-05-25,2026-06-01,6,call,738.0,11.41,11.24,11.58,745.6400146484375,335,662,0.15314567565917972,0.04,0.013
SPY,2026-05-25,2026-06-01,6,call,739.0,10.629999999999999,10.45,10.81,745.6400146484375,171,881,0.15039912109375003,0.04,0.013
SPY,2026-05-25,2026-06-01,6,call,740.0,9.89,9.73,10.05,745.6400146484375,217,775,0.14749998016357424,0.04,0.013
SPY,2026-05-25,2026-06-01,6,call,741.0,9.114999999999998,9.03,9.2,745.6400146484375,77,391,0.14222049194335937,0.04,0.013
SPY,2026-05-25,2026-06-01,6,call,742.0,8.465,8.31,8.62,745.6400146484375,130,387,0.14252566467285155,0.04,0.013
SPY,2026-05-25,2026-06-01,6,call,743.0,7.785,7.64,7.93,745.6400146484375,122,240,0.13990117919921874,0.04,0.013
SPY,2026-05-25,2026-06-01,6,call,744.0,7.135,6.99,7.28,745.6400146484375,216,564,0.13770393554687502,0.04,0.013
SPY,2026-05-25,2026-06-01,6,call,745.0,6.539999999999999,6.52,6.56,745.6400146484375,1083,1778,0.13352306915283202,0.04,0.013
SPY,2026-05-25,2026-06-01,6,call,746.0,5.945,5.93,5.96,745.6400146484375,871,373,0.1313563427734375,0.04,0.013
SPY,2026-05-25,2026-06-01,6,call,747.0,5.385,5.37,5.4,745.6400146484375,1252,349,0.12952530639648438,0.04,0.013
SPY,2026-05-25,2026-06-01,6,call,748.0,4.85,4.83,4.87,745.6400146484375,6224,4191,0.1277247872924805,0.04,0.013
SPY,2026-05-25,2026-06-01,6,call,749.0,4.345000000000001,4.33,4.36,745.6400146484375,825,507,0.12574116455078127,0.04,0.013
SPY,2026-05-25,2026-06-01,6,call,750.0,3.885,3.87,3.9,745.6400146484375,1788,9173,0.12427633544921876,0.04,0.013
SPY,2026-05-25,2026-06-01,6,call,751.0,3.4450000000000003,3.43,3.46,745.6400146484375,503,308,0.12256736816406251,0.04,0.013
SPY,2026-05-25,2026-06-01,6,call,752.0,3.045,3.03,3.06,745.6400146484375,528,402,0.12113305633544921,0.04,0.013
SPY,2026-05-25,2026-06-01,6,call,753.0,2.675,2.66,2.69,745.6400146484375,4679,4332,0.11969874450683593,0.04,0.013
SPY,2026-05-25,2026-06-01,6,call,754.0,2.335,2.32,2.35,745.6400146484375,580,213,0.1183254672241211,0.04,0.013
SPY,2026-05-25,2026-06-01,6,call,755.0,2.0300000000000002,2.02,2.04,745.6400146484375,1505,707,0.11695218994140624,0.04,0.013
SPY,2026-05-25,2026-06-01,6,call,756.0,1.755,1.74,1.77,745.6400146484375,782,255,0.11597563720703125,0.04,0.013
SPY,2026-05-25,2026-06-01,6,call,757.0,1.51,1.5,1.52,745.6400146484375,762,289,0.11481598083496095,0.04,0.013
SPY,2026-05-25,2026-06-01,6,call,758.0,1.29,1.28,1.3,745.6400146484375,233,127,0.1137783935546875,0.04,0.013
SPY,2026-05-25,2026-06-01,6,call,759.0,1.09,1.08,1.1,745.6400146484375,272,179,0.11261873718261718,0.04,0.013
SPY,2026-05-25,2026-06-01,6,call,760.0,0.92,0.91,0.93,745.6400146484375,1338,665,0.11176425354003905,0.04,0.013
SPY,2026-05-25,2026-06-01,6,call,761.0,0.77,0.76,0.78,745.6400146484375,250,78,0.11084873535156249,0.04,0.013
SPY,2026-05-25,2026-06-01,6,call,762.0,0.645,0.64,0.65,745.6400146484375,172,251,0.10999425170898436,0.04,0.013
SPY,2026-05-25,2026-06-01,6,call,763.0,0.53,0.52,0.54,745.6400146484375,491,216,0.10926183715820312,0.04,0.013
SPY,2026-05-25,2026-06-01,6,call,764.0,0.44,0.43,0.45,745.6400146484375,1069,534,0.1088956298828125,0.04,0.013
SPY,2026-05-25,2026-06-01,6,call,765.0,0.365,0.36,0.37,745.6400146484375,261,436,0.10828528442382812,0.04,0.013
SPY,2026-05-25,2026-06-01,6,call,766.0,0.3,0.29,0.31,745.6400146484375,377,52,0.10828528442382812,0.04,0.013
SPY,2026-05-25,2026-06-01,6,call,767.0,0.245,0.24,0.25,745.6400146484375,254,70,0.10755286987304688,0.04,0.013
SPY,2026-05-25,2026-06-01,6,call,768.0,0.20500000000000002,0.2,0.21,745.6400146484375,1229,25,0.1079190771484375,0.04,0.013
SPY,2026-05-25,2026-06-01,6,call,769.0,0.165,0.16,0.17,745.6400146484375,11,190,0.10743080078125,0.04,0.013
SPY,2026-05-25,2026-06-01,6,call,770.0,0.135,0.13,0.14,745.6400146484375,187,726,0.10743080078125,0.04,0.013
SPY,2026-05-25,2026-06-01,6,call,771.0,0.11499999999999999,0.11,0.12,745.6400146484375,94,112,0.108407353515625,0.04,0.013
SPY,2026-05-25,2026-06-01,6,call,772.0,0.095,0.09,0.1,745.6400146484375,32,1076,0.10865149169921876,0.04,0.013
SPY,2026-05-25,2026-06-01,6,call,773.0,0.08499999999999999,0.08,0.09,745.6400146484375,1,618,0.11036045898437499,0.04,0.013
SPY,2026-05-25,2026-06-01,6,call,774.0,0.07500000000000001,0.07,0.08,745.6400146484375,3,0,0.11182528808593749,0.04,0.013
SPY,2026-05-25,2026-06-01,6,call,775.0,0.065,0.06,0.07,745.6400146484375,117,30,0.1128018408203125,0.04,0.013
SPY,2026-05-25,2026-06-01,6,call,776.0,0.055,0.05,0.06,745.6400146484375,14,69,0.1137783935546875,0.04,0.013
SPY,2026-05-25,2026-06-01,6,call,777.0,0.045,0.04,0.05,745.6400146484375,5,59,0.11426666992187501,0.04,0.013
SPY,2026-05-25,2026-06-01,6,call,778.0,0.045,0.04,0.05,745.6400146484375,40,634,0.117196328125,0.04,0.013
SPY,2026-05-25,2026-06-01,6,call,779.0,0.045,0.04,0.05,745.6400146484375,106,528,0.12012598632812499,0.04,0.013
SPY,2026-05-25,2026-06-01,6,call,780.0,0.035,0.03,0.04,745.6400146484375,254,582,0.12012598632812499,0.04,0.013
SPY,2026-05-25,2026-06-01,6,call,785.0,0.025,0.02,0.03,745.6400146484375,122,396,0.129891513671875,0.04,0.013
SPY,2026-05-25,2026-06-01,6,call,790.0,0.025,0.02,0.03,745.6400146484375,504,161,0.1445398046875,0.04,0.013
SPY,2026-05-25,2026-06-01,6,call,795.0,0.015,0.01,0.02,745.6400146484375,114,253,0.15235222656250003,0.04,0.013
SPY,2026-05-25,2026-06-01,6,call,800.0,0.015,0.01,0.02,745.6400146484375,143,905,0.16407085937500002,0.04,0.013
SPY,2026-05-25,2026-06-01,6,call,805.0,0.015,0.01,0.02,745.6400146484375,33,561,0.17774259765625,0.04,0.013
SPY,2026-05-25,2026-06-01,6,call,810.0,0.015,0.01,0.02,745.6400146484375,86,79,0.1914143359375,0.04,0.013
SPY,2026-05-25,2026-06-01,6,call,815.0,0.015,0.01,0.02,745.6400146484375,104,831,0.20313296874999998,0.04,0.013
SPY,2026-05-25,2026-06-01,6,call,820.0,0.015,0.01,0.02,745.6400146484375,3,82,0.21680470703125,0.04,0.013
SPY,2026-05-25,2026-06-01,6,call,830.0,0.02,0.0,0.01,745.6400146484375,0,28,0.22657023437499998,0.04,0.013
SPY,2026-05-25,2026-06-02,7,call,660.0,86.66499999999999,85.26,88.07,745.6400146484375,4,0,0.5371140039062501,0.04,0.013
SPY,2026-05-25,2026-06-02,7,call,670.0,76.69999999999999,75.3,78.1,745.6400146484375,0,1,0.4875539526367188,0.04,0.013
SPY,2026-05-25,2026-06-02,7,call,675.0,71.72999999999999,70.33,73.13,745.6400146484375,0,1,0.4633842724609375,0.04,0.013
SPY,2026-05-25,2026-06-02,7,call,685.0,61.78,60.38,63.18,745.6400146484375,0,0,0.41394629028320307,0.04,0.013
SPY,2026-05-25,2026-06-02,7,call,696.0,50.885000000000005,49.49,52.28,745.6400146484375,0,1,0.36023588989257804,0.04,0.013
SPY,2026-05-25,2026-06-02,7,call,700.0,46.94,45.54,48.34,745.6400146484375,0,5,0.3411931115722656,0.04,0.013
SPY,2026-05-25,2026-06-02,7,call,710.0,37.14,35.74,38.54,745.6400146484375,0,1,0.2934640966796874,0.04,0.013
SPY,2026-05-25,2026-06-02,7,call,712.0,35.2,33.8,36.6,745.6400146484375,1,0,0.2841868457031249,0.04,0.013
SPY,2026-05-25,2026-06-02,7,call,714.0,33.27,31.87,34.67,745.6400146484375,2,0,0.27509269836425776,0.04,0.013
SPY,2026-05-25,2026-06-02,7,call,715.0,32.315,30.91,33.72,745.6400146484375,2,2,0.27094234924316407,0.04,0.013
SPY,2026-05-25,2026-06-02,7,call,719.0,28.505000000000003,27.1,29.91,745.6400146484375,4,0,0.2533033654785156,0.04,0.013
SPY,2026-05-25,2026-06-02,7,call,720.0,27.549999999999997,26.15,28.95,745.6400146484375,5,3,0.24848163635253906,0.04,0.013
SPY,2026-05-25,2026-06-02,7,call,721.0,27.12,26.23,28.01,745.6400146484375,4,11,0.24414818359375,0.04,0.013
SPY,2026-05-25,2026-06-02,7,call,723.0,24.75,23.36,26.14,745.6400146484375,4,3,0.2356033471679687,0.04,0.013
SPY,2026-05-25,2026-06-02,7,call,724.0,23.795,23.53,24.06,745.6400146484375,4,21,0.19782296325683596,0.04,0.013
SPY,2026-05-25,2026-06-02,7,call,725.0,22.88,22.63,23.13,745.6400146484375,13,21,0.19409985595703128,0.04,0.013
SPY,2026-05-25,2026-06-02,7,call,727.0,21.07,20.82,21.32,745.6400146484375,85,18,0.1876912286376953,0.04,0.013
SPY,2026-05-25,2026-06-02,7,call,728.0,20.185000000000002,19.95,20.42,745.6400146484375,5,49,0.18439536315917968,0.04,0.013
SPY,2026-05-25,2026-06-02,7,call,729.0,19.295,19.08,19.51,745.6400146484375,6,3,0.180672255859375,0.04,0.013
SPY,2026-05-25,2026-06-02,7,call,730.0,18.41,18.19,18.63,745.6400146484375,26,126,0.1775594940185547,0.04,0.013
SPY,2026-05-25,2026-06-02,7,call,731.0,17.549999999999997,17.33,17.77,745.6400146484375,0,4,0.174812939453125,0.04,0.013
SPY,2026-05-25,2026-06-02,7,call,732.0,16.675,16.43,16.92,745.6400146484375,0,318,0.17206638488769532,0.04,0.013
SPY,2026-05-25,2026-06-02,7,call,733.0,15.84,15.64,16.04,745.6400146484375,4,5,0.16834327758789067,0.04,0.013
SPY,2026-05-25,2026-06-02,7,call,734.0,15.015,14.83,15.2,745.6400146484375,8,314,0.16541361938476565,0.04,0.013
SPY,2026-05-25,2026-06-02,7,call,735.0,14.2,14.02,14.38,745.6400146484375,19,310,0.16266706481933596,0.04,0.013
SPY,2026-05-25,2026-06-02,7,call,736.0,13.385000000000002,13.22,13.55,745.6400146484375,64,132,0.15943223388671873,0.04,0.013
SPY,2026-05-25,2026-06-02,7,call,737.0,12.59,12.4,12.78,745.6400146484375,11,67,0.15729602478027344,0.04,0.013
SPY,2026-05-25,2026-06-02,7,call,738.0,11.809999999999999,11.61,12.01,745.6400146484375,59,131,0.15485464294433599,0.04,0.013
SPY,2026-05-25,2026-06-02,7,call,739.0,11.07,10.9,11.24,745.6400146484375,991,171,0.15204705383300782,0.04,0.013
SPY,2026-05-25,2026-06-02,7,call,740.0,10.3,10.16,10.44,745.6400146484375,528,716,0.1482934292602539,0.04,0.013
SPY,2026-05-25,2026-06-02,7,call,741.0,9.620000000000001,9.46,9.78,745.6400146484375,117,220,0.1471642901611328,0.04,0.013
SPY,2026-05-25,2026-06-02,7,call,742.0,8.905000000000001,8.74,9.07,745.6400146484375,161,286,0.14457032196044922,0.04,0.013
SPY,2026-05-25,2026-06-02,7,call,743.0,8.24,8.08,8.4,745.6400146484375,74,301,0.1424035955810547,0.04,0.013
SPY,2026-05-25,2026-06-02,7,call,744.0,7.59,7.44,7.74,745.6400146484375,195,97,0.14005376556396482,0.04,0.013
SPY,2026-05-25,2026-06-02,7,call,745.0,7.0,6.98,7.02,745.6400146484375,331,627,0.13602548553466798,0.04,0.013
SPY,2026-05-25,2026-06-02,7,call,746.0,6.4,6.38,6.42,745.6400146484375,333,421,0.1339808282470703,0.04,0.013
SPY,2026-05-25,2026-06-02,7,call,747.0,5.84,5.82,5.86,745.6400146484375,614,261,0.13221082641601564,0.04,0.013
SPY,2026-05-25,2026-06-02,7,call,748.0,5.300000000000001,5.28,5.32,745.6400146484375,709,161,0.13037979003906247,0.04,0.013
SPY,2026-05-25,2026-06-02,7,call,749.0,4.789999999999999,4.77,4.81,745.6400146484375,363,152,0.128640305480957,0.04,0.013
SPY,2026-05-25,2026-06-02,7,call,750.0,4.3149999999999995,4.3,4.33,745.6400146484375,541,525,0.12696185546875,0.04,0.013
SPY,2026-05-25,2026-06-02,7,call,751.0,3.865,3.85,3.88,745.6400146484375,418,78,0.12534444000244144,0.04,0.013
SPY,2026-05-25,2026-06-02,7,call,752.0,3.45,3.43,3.47,745.6400146484375,153,95,0.12400167999267578,0.04,0.013
SPY,2026-05-25,2026-06-02,7,call,753.0,3.065,3.05,3.08,745.6400146484375,242,211,0.12250633361816407,0.04,0.013
SPY,2026-05-25,2026-06-02,7,call,754.0,2.715,2.7,2.73,745.6400146484375,194,34,0.12131615997314452,0.04,0.013
SPY,2026-05-25,2026-06-02,7,call,755.0,2.385,2.37,2.4,745.6400146484375,474,197,0.11994288269042967,0.04,0.013
SPY,2026-05-25,2026-06-02,7,call,756.0,2.09,2.08,2.1,745.6400146484375,204,441,0.11872219177246093,0.04,0.013
SPY,2026-05-25,2026-06-02,7,call,757.0,1.8250000000000002,1.81,1.84,745.6400146484375,193,157,0.11780667358398436,0.04,0.013
SPY,2026-05-25,2026-06-02,7,call,758.0,1.58,1.57,1.59,745.6400146484375,118,149,0.11658598266601564,0.04,0.013
SPY,2026-05-25,2026-06-02,7,call,759.0,1.365,1.35,1.38,745.6400146484375,141,153,0.11579253356933594,0.04,0.013
SPY,2026-05-25,2026-06-02,7,call,760.0,1.17,1.16,1.18,745.6400146484375,129,290,0.11469391174316407,0.04,0.013
SPY,2026-05-25,2026-06-02,7,call,761.0,1.0,0.99,1.01,745.6400146484375,76,16,0.11390046264648437,0.04,0.013
SPY,2026-05-25,2026-06-02,7,call,762.0,0.85,0.84,0.86,745.6400146484375,13,7,0.1131070135498047,0.04,0.013
SPY,2026-05-25,2026-06-02,7,call,763.0,0.72,0.71,0.73,745.6400146484375,129,11,0.11243563354492186,0.04,0.013
SPY,2026-05-25,2026-06-02,7,call,764.0,0.6,0.59,0.61,745.6400146484375,167,11,0.11145908081054687,0.04,0.013
SPY,2026-05-25,2026-06-02,7,call,765.0,0.505,0.5,0.51,745.6400146484375,31,434,0.11072666625976563,0.04,0.013
SPY,2026-05-25,2026-06-02,7,call,766.0,0.42,0.41,0.43,745.6400146484375,207,9,0.11048252807617187,0.04,0.013
SPY,2026-05-25,2026-06-02,7,call,767.0,0.35,0.34,0.36,745.6400146484375,258,273,0.11011632080078124,0.04,0.013
SPY,2026-05-25,2026-06-02,7,call,768.0,0.295,0.29,0.3,745.6400146484375,8,4,0.10975011352539063,0.04,0.013
SPY,2026-05-25,2026-06-02,7,call,769.0,0.245,0.24,0.25,745.6400146484375,57,38,0.10950597534179687,0.04,0.013
SPY,2026-05-25,2026-06-02,7,call,770.0,0.20500000000000002,0.2,0.21,745.6400146484375,44,104,0.10962804443359375,0.04,0.013
SPY,2026-05-25,2026-06-02,7,call,771.0,0.16999999999999998,0.16,0.18,745.6400146484375,157,17,0.11011632080078124,0.04,0.013
SPY,2026-05-25,2026-06-02,7,call,772.0,0.14500000000000002,0.14,0.15,745.6400146484375,1,1995,0.11011632080078124,0.04,0.013
SPY,2026-05-25,2026-06-02,7,call,773.0,0.125,0.12,0.13,745.6400146484375,251,1054,0.11084873535156249,0.04,0.013
SPY,2026-05-25,2026-06-02,7,call,774.0,0.10500000000000001,0.1,0.11,745.6400146484375,317,136,0.11109287353515623,0.04,0.013
SPY,2026-05-25,2026-06-02,7,call,775.0,0.08499999999999999,0.08,0.09,745.6400146484375,32,25,0.11084873535156249,0.04,0.013
SPY,2026-05-25,2026-06-02,7,call,776.0,0.07500000000000001,0.07,0.08,745.6400146484375,5,0,0.11231356445312499,0.04,0.013
SPY,2026-05-25,2026-06-02,7,call,777.0,0.065,0.06,0.07,745.6400146484375,8,10,0.1132901171875,0.04,0.013
SPY,2026-05-25,2026-06-02,7,call,778.0,0.065,0.06,0.07,745.6400146484375,2,0,0.116219775390625,0.04,0.013
SPY,2026-05-25,2026-06-02,7,call,779.0,0.055,0.05,0.06,745.6400146484375,13,60,0.1167080517578125,0.04,0.013
SPY,2026-05-25,2026-06-02,7,call,780.0,0.045,0.04,0.05,745.6400146484375,315,99,0.117196328125,0.04,0.013
SPY,2026-05-25,2026-06-02,7,call,785.0,0.035,0.03,0.04,745.6400146484375,79,122,0.127938408203125,0.04,0.013
SPY,2026-05-25,2026-06-02,7,call,790.0,0.025,0.02,0.03,745.6400146484375,94,334,0.13672738281250002,0.04,0.013
SPY,2026-05-25,2026-06-02,7,call,795.0,0.025,0.02,0.03,745.6400146484375,122,127,0.15039912109375003,0.04,0.013
SPY,2026-05-25,2026-06-02,7,call,800.0,0.015,0.01,0.02,745.6400146484375,243,45,0.1562584375,0.04,0.013
SPY,2026-05-25,2026-06-02,7,call,805.0,0.015,0.01,0.02,745.6400146484375,0,2,0.16797707031250003,0.04,0.013
SPY,2026-05-25,2026-06-02,7,call,815.0,0.015,0.01,0.02,745.6400146484375,26,2,0.19336744140625,0.04,0.013
SPY,2026-05-25,2026-06-02,7,call,820.0,0.015,0.01,0.02,745.6400146484375,189,4,0.20508607421874997,0.04,0.013
SPY,2026-05-25,2026-06-02,7,call,825.0,0.015,0.01,0.02,745.6400146484375,3,0,0.21680470703125,0.04,0.013
SPY,2026-05-25,2026-06-03,8,call,660.0,86.765,85.37,88.16,745.6400146484375,2,5,0.5168505346679688,0.04,0.013
SPY,2026-05-25,2026-06-03,8,call,680.0,66.87,65.47,68.27,745.6400146484375,0,1,0.4234676794433594,0.04,0.013
SPY,2026-05-25,2026-06-03,8,call,700.0,47.1,45.7,48.5,745.6400146484375,1,0,0.3311834460449219,0.04,0.013
SPY,2026-05-25,2026-06-03,8,call,705.0,42.21,40.81,43.61,745.6400146484375,0,1,0.30884480224609373,0.04,0.013
SPY,2026-05-25,2026-06-03,8,call,710.0,37.35,35.95,38.75,745.6400146484375,0,6,0.2866892620849609,0.04,0.013
SPY,2026-05-25,2026-06-03,8,call,712.0,35.42,34.02,36.82,745.6400146484375,0,1,0.2779613220214844,0.04,0.013
SPY,2026-05-25,2026-06-03,8,call,715.0,32.55,31.15,33.95,745.6400146484375,2,10,0.2652661364746094,0.04,0.013
SPY,2026-05-25,2026-06-03,8,call,719.0,28.775,27.37,30.18,745.6400146484375,1,0,0.24915301635742187,0.04,0.013
SPY,2026-05-25,2026-06-03,8,call,720.0,28.365000000000002,27.5,29.23,745.6400146484375,10,4,0.2447585290527344,0.04,0.013
SPY,2026-05-25,2026-06-03,8,call,725.0,23.225,22.97,23.48,745.6400146484375,2,27,0.19495433959960937,0.04,0.013
SPY,2026-05-25,2026-06-03,8,call,726.0,22.325,22.06,22.59,745.6400146484375,11,25,0.19214675048828128,0.04,0.013
SPY,2026-05-25,2026-06-03,8,call,730.0,18.79,18.55,19.03,745.6400146484375,0,23,0.17932949584960936,0.04,0.013
SPY,2026-05-25,2026-06-03,8,call,732.0,17.095,16.86,17.33,745.6400146484375,0,14,0.17383638671875,0.04,0.013
SPY,2026-05-25,2026-06-03,8,call,733.0,16.259999999999998,16.04,16.48,745.6400146484375,8,0,0.17078465942382814,0.04,0.013
SPY,2026-05-25,2026-06-03,8,call,734.0,15.45,15.2,15.7,745.6400146484375,31,30,0.1690756921386719,0.04,0.013
SPY,2026-05-25,2026-06-03,8,call,735.0,14.635,14.44,14.83,745.6400146484375,36,49,0.16510844665527347,0.04,0.013
SPY,2026-05-25,2026-06-03,8,call,736.0,13.825,13.62,14.03,745.6400146484375,1,4,0.16248396118164063,0.04,0.013
SPY,2026-05-25,2026-06-03,8,call,737.0,13.09,12.86,13.32,745.6400146484375,0,19,0.1615074084472656,0.04,0.013
SPY,2026-05-25,2026-06-03,8,call,738.0,12.27,12.07,12.47,745.6400146484375,16,240,0.15729602478027344,0.04,0.013
SPY,2026-05-25,2026-06-03,8,call,739.0,11.525,11.33,11.72,745.6400146484375,4,136,0.1548851602172852,0.04,0.013
SPY,2026-05-25,2026-06-03,8,call,740.0,10.815000000000001,10.67,10.96,745.6400146484375,52,436,0.1519555020141602,0.04,0.013
SPY,2026-05-25,2026-06-03,8,call,741.0,10.11,9.94,10.28,745.6400146484375,43,89,0.15033808654785158,0.04,0.013
SPY,2026-05-25,2026-06-03,8,call,742.0,9.415,9.25,9.58,745.6400146484375,4,136,0.14795773925781253,0.04,0.013
SPY,2026-05-25,2026-06-03,8,call,743.0,8.73,8.56,8.9,745.6400146484375,29,337,0.14557739196777342,0.04,0.013
SPY,2026-05-25,2026-06-03,8,call,744.0,8.135,7.95,8.32,745.6400146484375,8,44,0.14481446014404298,0.04,0.013
SPY,2026-05-25,2026-06-03,8,call,745.0,7.52,7.5,7.54,745.6400146484375,171,318,0.1397791101074219,0.04,0.013
SPY,2026-05-25,2026-06-03,8,call,746.0,6.92,6.9,6.94,745.6400146484375,237,123,0.13779548736572267,0.04,0.013
SPY,2026-05-25,2026-06-03,8,call,747.0,6.35,6.33,6.37,745.6400146484375,563,58,0.13596445098876953,0.04,0.013
SPY,2026-05-25,2026-06-03,8,call,748.0,5.8100000000000005,5.79,5.83,745.6400146484375,504,58,0.13428600097656251,0.04,0.013
SPY,2026-05-25,2026-06-03,8,call,749.0,5.295,5.28,5.31,745.6400146484375,381,107,0.13251599914550782,0.04,0.013
SPY,2026-05-25,2026-06-03,8,call,750.0,4.8100000000000005,4.79,4.83,745.6400146484375,741,699,0.1310511700439453,0.04,0.013
SPY,2026-05-25,2026-06-03,8,call,751.0,4.35,4.33,4.37,745.6400146484375,228,83,0.12949478912353518,0.04,0.013
SPY,2026-05-25,2026-06-03,8,call,752.0,3.92,3.9,3.94,745.6400146484375,135,37,0.12806047729492187,0.04,0.013
SPY,2026-05-25,2026-06-03,8,call,753.0,3.5149999999999997,3.5,3.53,745.6400146484375,386,115,0.12647357910156248,0.04,0.013
SPY,2026-05-25,2026-06-03,8,call,754.0,3.145,3.13,3.16,745.6400146484375,76,147,0.12522237091064453,0.04,0.013
SPY,2026-05-25,2026-06-03,8,call,755.0,2.8,2.78,2.82,745.6400146484375,493,442,0.12409323181152344,0.04,0.013
SPY,2026-05-25,2026-06-03,8,call,756.0,2.4850000000000003,2.47,2.5,745.6400146484375,395,108,0.12281150634765625,0.04,0.013
SPY,2026-05-25,2026-06-03,8,call,757.0,2.1950000000000003,2.18,2.21,745.6400146484375,200,109,0.12171288452148438,0.04,0.013
SPY,2026-05-25,2026-06-03,8,call,758.0,1.9249999999999998,1.91,1.94,745.6400146484375,301,95,0.12055322814941406,0.04,0.013
SPY,2026-05-25,2026-06-03,8,call,759.0,1.685,1.67,1.7,745.6400146484375,68,42,0.11957667541503905,0.04,0.013
SPY,2026-05-25,2026-06-03,8,call,760.0,1.475,1.46,1.49,745.6400146484375,388,128,0.11878322631835936,0.04,0.013
SPY,2026-05-25,2026-06-03,8,call,761.0,1.275,1.26,1.29,745.6400146484375,245,84,0.11774563903808594,0.04,0.013
SPY,2026-05-25,2026-06-03,8,call,762.0,1.105,1.09,1.12,745.6400146484375,385,70,0.11707425903320312,0.04,0.013
SPY,2026-05-25,2026-06-03,8,call,763.0,0.95,0.94,0.96,745.6400146484375,137,128,0.11609770629882812,0.04,0.013
SPY,2026-05-25,2026-06-03,8,call,764.0,0.815,0.8,0.83,745.6400146484375,386,19,0.11560942993164064,0.04,0.013
SPY,2026-05-25,2026-06-03,8,call,765.0,0.6950000000000001,0.68,0.71,745.6400146484375,200,217,0.11499908447265625,0.04,0.013
SPY,2026-05-25,2026-06-03,8,call,766.0,0.59,0.58,0.6,745.6400146484375,68,3,0.11414460083007813,0.04,0.013
SPY,2026-05-25,2026-06-03,8,call,767.0,0.5,0.49,0.51,745.6400146484375,6,0,0.11365632446289062,0.04,0.013
SPY,2026-05-25,2026-06-03,8,call,768.0,0.43,0.42,0.44,745.6400146484375,5,57,0.11365632446289062,0.04,0.013
SPY,2026-05-25,2026-06-03,8,call,769.0,0.36,0.35,0.37,745.6400146484375,14,0,0.11304597900390626,0.04,0.013
SPY,2026-05-25,2026-06-03,8,call,770.0,0.31,0.3,0.32,745.6400146484375,160,85,0.1132901171875,0.04,0.013
SPY,2026-05-25,2026-06-03,8,call,771.0,0.26,0.25,0.27,745.6400146484375,12,1,0.11304597900390626,0.04,0.013
SPY,2026-05-25,2026-06-03,8,call,772.0,0.22,0.21,0.23,745.6400146484375,2,0,0.11304597900390626,0.04,0.013
SPY,2026-05-25,2026-06-03,8,call,775.0,0.135,0.13,0.14,745.6400146484375,12,191,0.1132901171875,0.04,0.013
SPY,2026-05-25,2026-06-03,8,call,776.0,0.12,0.11,0.13,745.6400146484375,6,1,0.11499908447265625,0.04,0.013
SPY,2026-05-25,2026-06-03,8,call,778.0,0.095,0.09,0.1,745.6400146484375,1,1,0.1167080517578125,0.04,0.013
SPY,2026-05-25,2026-06-03,8,call,779.0,0.08499999999999999,0.08,0.09,745.6400146484375,4001,0,0.1176846044921875,0.04,0.013
SPY,2026-05-25,2026-06-03,8,call,780.0,0.07500000000000001,0.07,0.08,745.6400146484375,0,1023,0.1186611572265625,0.04,0.013
SPY,2026-05-25,2026-06-03,8,call,785.0,0.045,0.04,0.05,745.6400146484375,58,1201,0.12500875,0.04,0.013
SPY,2026-05-25,2026-06-03,8,call,790.0,0.035,0.03,0.04,745.6400146484375,2024,111,0.13477427734375003,0.04,0.013
SPY,2026-05-25,2026-06-03,8,call,795.0,0.025,0.02,0.03,745.6400146484375,154,138,0.143563251953125,0.04,0.013
SPY,2026-05-25,2026-06-03,8,call,800.0,0.025,0.02,0.03,745.6400146484375,19,88,0.15528188476562502,0.04,0.013
SPY,2026-05-25,2026-06-03,8,call,805.0,0.025,0.02,0.03,745.6400146484375,211,4,0.16797707031250003,0.04,0.013
SPY,2026-05-25,2026-06-03,8,call,810.0,0.015,0.01,0.02,745.6400146484375,37,4,0.17188328125000002,0.04,0.013
SPY,2026-05-25,2026-06-03,8,call,825.0,0.015,0.01,0.02,745.6400146484375,9,9,0.20703917968749996,0.04,0.013
SPY,2026-05-25,2026-06-03,8,call,830.0,0.015,0.01,0.02,745.6400146484375,168,0,0.21680470703125,0.04,0.013
SPY,2026-05-25,2026-06-03,8,call,835.0,0.015,0.01,0.02,745.6400146484375,37,0,0.22852333984375,0.04,0.013
SPY,2026-05-25,2026-06-03,8,call,840.0,0.015,0.01,0.02,745.6400146484375,218,0,0.24024197265624997,0.04,0.013
SPY,2026-05-25,2026-06-04,9,call,645.0,101.81,100.4,103.22,745.6400146484375,5,0,0.56836369140625,0.04,0.013
SPY,2026-05-25,2026-06-04,9,call,660.0,86.865,85.46,88.27,745.6400146484375,4,4,0.5002491381835938,0.04,0.013
SPY,2026-05-25,2026-06-04,9,call,675.0,71.94999999999999,70.55,73.35,745.6400146484375,0,1,0.4327449304199219,0.04,0.013
SPY,2026-05-25,2026-06-04,9,call,700.0,47.26,45.86,48.66,745.6400146484375,0,1,0.32263860961914054,0.04,0.013
SPY,2026-05-25,2026-06-04,9,call,705.0,42.394999999999996,40.99,43.8,745.6400146484375,2,6,0.30188686401367193,0.04,0.013
SPY,2026-05-25,2026-06-04,9,call,715.0,32.79,31.38,34.2,745.6400146484375,0,1,0.26105475280761714,0.04,0.013
SPY,2026-05-25,2026-06-04,9,call,720.0,28.105,26.7,29.51,745.6400146484375,3,5,0.24164576721191405,0.04,0.013
SPY,2026-05-25,2026-06-04,9,call,722.0,26.275,26.02,26.53,745.6400146484375,1,0,0.20441469421386715,0.04,0.013
SPY,2026-05-25,2026-06-04,9,call,725.0,23.549999999999997,23.33,23.77,745.6400146484375,2,26,0.19422192504882813,0.04,0.013
SPY,2026-05-25,2026-06-04,9,call,730.0,19.19,18.92,19.46,745.6400146484375,26,24,0.18170984313964844,0.04,0.013
SPY,2026-05-25,2026-06-04,9,call,731.0,18.34,18.07,18.61,745.6400146484375,25,0,0.17896328857421873,0.04,0.013
SPY,2026-05-25,2026-06-04,9,call,732.0,17.51,17.26,17.76,745.6400146484375,27,0,0.17603363037109376,0.04,0.013
SPY,2026-05-25,2026-06-04,9,call,733.0,16.66,16.44,16.88,745.6400146484375,1,0,0.17224948852539065,0.04,0.013
SPY,2026-05-25,2026-06-04,9,call,735.0,15.06,14.88,15.24,745.6400146484375,7,20,0.16672586212158208,0.04,0.013
SPY,2026-05-25,2026-06-04,9,call,736.0,14.274999999999999,14.03,14.52,745.6400146484375,8,0,0.1656882748413086,0.04,0.013
SPY,2026-05-25,2026-06-04,9,call,737.0,13.545,13.34,13.75,745.6400146484375,33,0,0.16333844482421878,0.04,0.013
SPY,2026-05-25,2026-06-04,9,call,739.0,11.995000000000001,11.84,12.15,745.6400146484375,16,0,0.1567161965942383,0.04,0.013
SPY,2026-05-25,2026-06-04,9,call,740.0,11.28,11.04,11.52,745.6400146484375,39,107,0.15631947204589847,0.04,0.013
SPY,2026-05-25,2026-06-04,9,call,742.0,9.91,9.66,10.16,745.6400146484375,2,0,0.15259636474609378,0.04,0.013
SPY,2026-05-25,2026-06-04,9,call,743.0,9.17,9.0,9.34,745.6400146484375,160,0,0.14765256652832032,0.04,0.013
SPY,2026-05-25,2026-06-04,9,call,744.0,8.54,8.36,8.72,745.6400146484375,36,0,0.14609618560791016,0.04,0.013
SPY,2026-05-25,2026-06-04,9,call,745.0,7.99,7.97,8.01,745.6400146484375,338,360,0.14252566467285155,0.04,0.013
SPY,2026-05-25,2026-06-04,9,call,746.0,7.390000000000001,7.37,7.41,745.6400146484375,19,0,0.14063359375,0.04,0.013
SPY,2026-05-25,2026-06-04,9,call,747.0,6.82,6.8,6.84,745.6400146484375,274,0,0.13892462646484377,0.04,0.013
SPY,2026-05-25,2026-06-04,9,call,748.0,6.27,6.25,6.29,745.6400146484375,375,0,0.13715462463378908,0.04,0.013
SPY,2026-05-25,2026-06-04,9,call,749.0,5.75,5.73,5.77,745.6400146484375,171,0,0.13553720916748052,0.04,0.013
SPY,2026-05-25,2026-06-04,9,call,750.0,5.26,5.24,5.28,745.6400146484375,222,572,0.13404186279296876,0.04,0.013
SPY,2026-05-25,2026-06-04,9,call,751.0,4.789999999999999,4.77,4.81,745.6400146484375,157,0,0.13251599914550782,0.04,0.013
SPY,2026-05-25,2026-06-04,9,call,752.0,4.345000000000001,4.33,4.36,745.6400146484375,36,0,0.1308985836791992,0.04,0.013
SPY,2026-05-25,2026-06-04,9,call,753.0,3.93,3.91,3.95,745.6400146484375,176,0,0.1295863409423828,0.04,0.013
SPY,2026-05-25,2026-06-04,9,call,754.0,3.545,3.53,3.56,745.6400146484375,82,0,0.12824358093261717,0.04,0.013
SPY,2026-05-25,2026-06-04,9,call,755.0,3.185,3.17,3.2,745.6400146484375,498,252,0.12696185546875,0.04,0.013
SPY,2026-05-25,2026-06-04,9,call,756.0,2.8449999999999998,2.83,2.86,745.6400146484375,324,0,0.12568013000488282,0.04,0.013
SPY,2026-05-25,2026-06-04,9,call,757.0,2.535,2.52,2.55,745.6400146484375,5,0,0.12448995635986329,0.04,0.013
SPY,2026-05-25,2026-06-04,9,call,758.0,2.255,2.24,2.27,745.6400146484375,166,0,0.1235134036254883,0.04,0.013
SPY,2026-05-25,2026-06-04,9,call,759.0,1.9949999999999999,1.98,2.01,745.6400146484375,58,0,0.12250633361816407,0.04,0.013
SPY,2026-05-25,2026-06-04,9,call,760.0,1.76,1.75,1.77,745.6400146484375,152,162,0.12140771179199218,0.04,0.013
SPY,2026-05-25,2026-06-04,9,call,761.0,1.545,1.53,1.56,745.6400146484375,80,0,0.1206142626953125,0.04,0.013
SPY,2026-05-25,2026-06-04,9,call,762.0,1.355,1.34,1.37,745.6400146484375,5,0,0.11988184814453123,0.04,0.013
SPY,2026-05-25,2026-06-04,9,call,763.0,1.18,1.17,1.19,745.6400146484375,290,0,0.11890529541015624,0.04,0.013
SPY,2026-05-25,2026-06-04,9,call,764.0,1.025,1.01,1.04,745.6400146484375,7,0,0.11835598449707031,0.04,0.013
SPY,2026-05-25,2026-06-04,9,call,765.0,0.89,0.88,0.9,745.6400146484375,68,65,0.11762356994628906,0.04,0.013
SPY,2026-05-25,2026-06-04,9,call,766.0,0.77,0.76,0.78,745.6400146484375,8,0,0.11707425903320312,0.04,0.013
SPY,2026-05-25,2026-06-04,9,call,767.0,0.66,0.65,0.67,745.6400146484375,77,0,0.11640287902832032,0.04,0.013
SPY,2026-05-25,2026-06-04,9,call,768.0,0.5700000000000001,0.56,0.58,745.6400146484375,2,0,0.11609770629882812,0.04,0.013
SPY,2026-05-25,2026-06-04,9,call,769.0,0.49,0.48,0.5,745.6400146484375,79,0,0.11585356811523437,0.04,0.013
SPY,2026-05-25,2026-06-04,9,call,770.0,0.42,0.41,0.43,745.6400146484375,26,8,0.11548736083984376,0.04,0.013
SPY,2026-05-25,2026-06-04,9,call,771.0,0.36,0.35,0.37,745.6400146484375,50,0,0.11536529174804688,0.04,0.013
SPY,2026-05-25,2026-06-04,9,call,772.0,0.31,0.3,0.32,745.6400146484375,49,0,0.11548736083984376,0.04,0.013
SPY,2026-05-25,2026-06-04,9,call,773.0,0.27,0.26,0.28,745.6400146484375,17,0,0.1157314990234375,0.04,0.013
SPY,2026-05-25,2026-06-04,9,call,775.0,0.2,0.19,0.21,745.6400146484375,14,42,0.116219775390625,0.04,0.013
SPY,2026-05-25,2026-06-04,9,call,776.0,0.175,0.17,0.18,745.6400146484375,1,0,0.116219775390625,0.04,0.013
SPY,2026-05-25,2026-06-04,9,call,777.0,0.15000000000000002,0.14,0.16,745.6400146484375,13,0,0.11695218994140624,0.04,0.013
SPY,2026-05-25,2026-06-04,9,call,780.0,0.10500000000000001,0.1,0.11,745.6400146484375,1,11,0.11890529541015624,0.04,0.013
SPY,2026-05-25,2026-06-04,9,call,785.0,0.065,0.06,0.07,745.6400146484375,72,75,0.12500875,0.04,0.013
SPY,2026-05-25,2026-06-04,9,call,790.0,0.045,0.04,0.05,745.6400146484375,27,10,0.132821171875,0.04,0.013
SPY,2026-05-25,2026-06-04,9,call,795.0,0.035,0.03,0.04,745.6400146484375,13,64,0.141610146484375,0.04,0.013
SPY,2026-05-25,2026-06-04,9,call,800.0,0.025,0.02,0.03,745.6400146484375,167,88,0.148446015625,0.04,0.013
SPY,2026-05-25,2026-06-04,9,call,805.0,0.025,0.02,0.03,745.6400146484375,3,2,0.1601646484375,0.04,0.013
SPY,2026-05-25,2026-06-04,9,call,810.0,0.025,0.02,0.03,745.6400146484375,11,0,0.17188328125000002,0.04,0.013
SPY,2026-05-25,2026-06-04,9,call,815.0,0.02,0.01,0.03,745.6400146484375,255,0,0.18360191406249998,0.04,0.013
SPY,2026-05-25,2026-06-04,9,call,820.0,0.015,0.01,0.02,745.6400146484375,30,0,0.187508125,0.04,0.013
SPY,2026-05-25,2026-06-04,9,call,835.0,0.015,0.01,0.02,745.6400146484375,53,0,0.21875781249999998,0.04,0.013
SPY,2026-05-25,2026-06-04,9,call,840.0,0.015,0.01,0.02,745.6400146484375,88,0,0.22852333984375,0.04,0.013
SPY,2026-05-25,2026-06-04,9,call,845.0,0.015,0.01,0.02,745.6400146484375,22,0,0.24024197265624997,0.04,0.013
SPY,2026-05-25,2026-06-05,10,call,445.0,301.615,300.22,303.01,745.6400146484375,0,1,1.3154331103515622,0.04,0.013
SPY,2026-05-25,2026-06-05,10,call,500.0,246.70499999999998,245.31,248.1,745.6400146484375,10,0,1.0637253845214847,0.04,0.013
SPY,2026-05-25,2026-06-05,10,call,510.0,236.72500000000002,235.33,238.12,745.6400146484375,4,0,1.0207568493652346,0.04,0.013
SPY,2026-05-25,2026-06-05,10,call,515.0,231.72500000000002,230.33,233.12,745.6400146484375,1,1,0.9978027563476561,0.04,0.013
SPY,2026-05-25,2026-06-05,10,call,520.0,226.735,225.34,228.13,745.6400146484375,2,2,0.9765627343750001,0.04,0.013
SPY,2026-05-25,2026-06-05,10,call,525.0,221.755,220.35,223.16,745.6400146484375,1,3,0.9567875415039062,0.04,0.013
SPY,2026-05-25,2026-06-05,10,call,530.0,216.765,215.36,218.17,745.6400146484375,2,1,0.9357916577148437,0.04,0.013
SPY,2026-05-25,2026-06-05,10,call,555.0,191.8,190.4,193.2,745.6400146484375,6,1,0.8303239624023437,0.04,0.013
SPY,2026-05-25,2026-06-05,10,call,560.0,186.81,185.41,188.21,745.6400146484375,2,0,0.8100604931640624,0.04,0.013
SPY,2026-05-25,2026-06-05,10,call,565.0,181.815,180.42,183.21,745.6400146484375,0,1,0.789064609375,0.04,0.013
SPY,2026-05-25,2026-06-05,10,call,570.0,176.82999999999998,175.44,178.22,745.6400146484375,1,2,0.7692894165039064,0.04,0.013
SPY,2026-05-25,2026-06-05,10,call,575.0,171.84,170.44,173.24,745.6400146484375,1,0,0.7492700854492188,0.04,0.013
SPY,2026-05-25,2026-06-05,10,call,580.0,166.85000000000002,165.46,168.24,745.6400146484375,2,0,0.7290066162109375,0.04,0.013
SPY,2026-05-25,2026-06-05,10,call,585.0,161.86,160.47,163.25,745.6400146484375,4,0,0.70898728515625,0.04,0.013
SPY,2026-05-25,2026-06-05,10,call,590.0,156.875,155.48,158.27,745.6400146484375,4,52,0.6894562304687502,0.04,0.013
SPY,2026-05-25,2026-06-05,10,call,594.0,152.88,151.49,154.27,745.6400146484375,1,1,0.6733431103515627,0.04,0.013
SPY,2026-05-25,2026-06-05,10,call,595.0,151.9,150.49,153.31,745.6400146484375,12,1,0.6711458666992189,0.04,0.013
SPY,2026-05-25,2026-06-05,10,call,598.0,148.89,147.5,150.28,745.6400146484375,1,1,0.6574741284179688,0.04,0.013
SPY,2026-05-25,2026-06-05,10,call,600.0,146.695,145.76,147.63,745.6400146484375,1,2163,0.6296423754882813,0.04,0.013
SPY,2026-05-25,2026-06-05,10,call,601.0,145.905,144.5,147.31,745.6400146484375,3,3,0.64648791015625,0.04,0.013
SPY,2026-05-25,2026-06-05,10,call,603.0,143.905,142.51,145.3,745.6400146484375,1,1,0.6381872119140625,0.04,0.013
SPY,2026-05-25,2026-06-05,10,call,604.0,142.915,141.51,144.32,745.6400146484375,0,5,0.6350134155273439,0.04,0.013
SPY,2026-05-25,2026-06-05,10,call,605.0,141.91,140.51,143.31,745.6400146484375,1,25,0.6303747900390625,0.04,0.013
SPY,2026-05-25,2026-06-05,10,call,607.0,139.93,138.52,141.34,745.6400146484375,0,1,0.6237830590820312,0.04,0.013
SPY,2026-05-25,2026-06-05,10,call,609.0,137.91500000000002,136.52,139.31,745.6400146484375,0,1,0.6141396008300781,0.04,0.013
SPY,2026-05-25,2026-06-05,10,call,610.0,136.925,135.53,138.32,745.6400146484375,0,1,0.6108437353515627,0.04,0.013
SPY,2026-05-25,2026-06-05,10,call,611.0,135.94,134.53,137.35,745.6400146484375,2,2,0.6081582153320313,0.04,0.013
SPY,2026-05-25,2026-06-05,10,call,614.0,132.935,131.54,134.33,745.6400146484375,1,5,0.5952188916015625,0.04,0.013
SPY,2026-05-25,2026-06-05,10,call,615.0,131.945,130.54,133.35,745.6400146484375,1,2,0.5920450952148439,0.04,0.013
SPY,2026-05-25,2026-06-05,10,call,620.0,126.955,125.56,128.35,745.6400146484375,1,5,0.5722699023437501,0.04,0.013
SPY,2026-05-25,2026-06-05,10,call,625.0,121.975,120.57,123.38,745.6400146484375,3,7,0.5532271240234375,0.04,0.013
SPY,2026-05-25,2026-06-05,10,call,628.0,118.985,117.58,120.39,745.6400146484375,7,1,0.5417526293945314,0.04,0.013
SPY,2026-05-25,2026-06-05,10,call,629.0,117.97999999999999,116.58,119.38,745.6400146484375,1,1,0.5371140039062501,0.04,0.013
SPY,2026-05-25,2026-06-05,10,call,630.0,116.985,115.59,118.38,745.6400146484375,1,3,0.5334519311523438,0.04,0.013
SPY,2026-05-25,2026-06-05,10,call,631.0,115.985,114.59,117.38,745.6400146484375,3,2,0.5293015820312501,0.04,0.013
SPY,2026-05-25,2026-06-05,10,call,634.0,112.995,111.6,114.39,745.6400146484375,1,0,0.5178270874023438,0.04,0.013
SPY,2026-05-25,2026-06-05,10,call,635.0,112.005,110.61,113.4,745.6400146484375,5,2,0.5144091528320311,0.04,0.013
SPY,2026-05-25,2026-06-05,10,call,636.0,111.015,109.61,112.42,745.6400146484375,1,4,0.5109912182617188,0.04,0.013
SPY,2026-05-25,2026-06-05,10,call,640.0,107.025,105.63,108.42,745.6400146484375,7,11,0.579105771484375,0.04,0.013
SPY,2026-05-25,2026-06-05,10,call,641.0,106.035,104.63,107.44,745.6400146484375,0,2,0.5755047332763672,0.04,0.013
SPY,2026-05-25,2026-06-05,10,call,642.0,105.025,103.63,106.42,745.6400146484375,1,1,0.5699505895996093,0.04,0.013
SPY,2026-05-25,2026-06-05,10,call,644.0,103.035,101.64,104.43,745.6400146484375,2,3,0.5612836840820312,0.04,0.013
SPY,2026-05-25,2026-06-05,10,call,645.0,102.045,100.65,103.44,745.6400146484375,1,4,0.5571333349609376,0.04,0.013
SPY,2026-05-25,2026-06-05,10,call,646.0,101.055,99.65,102.46,745.6400146484375,0,1,0.5535933312988282,0.04,0.013
SPY,2026-05-25,2026-06-05,10,call,647.0,100.055,98.66,101.45,745.6400146484375,1,17,0.5484664294433594,0.04,0.013
SPY,2026-05-25,2026-06-05,10,call,648.0,99.065,97.66,100.47,745.6400146484375,0,1,0.5449264257812501,0.04,0.013
SPY,2026-05-25,2026-06-05,10,call,649.0,98.065,96.67,99.46,745.6400146484375,1,9,0.5397995239257813,0.04,0.013
SPY,2026-05-25,2026-06-05,10,call,650.0,97.075,95.67,98.48,745.6400146484375,10,75,0.5361374511718751,0.04,0.013
SPY,2026-05-25,2026-06-05,10,call,651.0,96.075,94.68,97.47,745.6400146484375,1,5,0.5311326184082032,0.04,0.013
SPY,2026-05-25,2026-06-05,10,call,652.0,95.08500000000001,93.68,96.49,745.6400146484375,1,5,0.527470545654297,0.04,0.013
SPY,2026-05-25,2026-06-05,10,call,653.0,94.09,92.69,95.49,745.6400146484375,8,11,0.5228929547119141,0.04,0.013
SPY,2026-05-25,2026-06-05,10,call,654.0,93.08500000000001,91.69,94.48,745.6400146484375,1,4,0.5178270874023438,0.04,0.013
SPY,2026-05-25,2026-06-05,10,call,655.0,92.11,90.7,93.52,745.6400146484375,3,51,0.5150805328369141,0.04,0.013
SPY,2026-05-25,2026-06-05,10,call,656.0,91.1,89.7,92.5,745.6400146484375,3,3,0.5095263891601562,0.04,0.013
SPY,2026-05-25,2026-06-05,10,call,657.0,90.115,88.71,91.52,745.6400146484375,2,4,0.50586431640625,0.04,0.013
SPY,2026-05-25,2026-06-05,10,call,658.0,89.11,87.71,90.51,745.6400146484375,497,0,0.5008594836425782,0.04,0.013
SPY,2026-05-25,2026-06-05,10,call,659.0,88.11500000000001,86.72,89.51,745.6400146484375,1,1,0.49622085815429695,0.04,0.013
SPY,2026-05-25,2026-06-05,10,call,660.0,87.125,85.73,88.52,745.6400146484375,2,20,0.49207050903320315,0.04,0.013
SPY,2026-05-25,2026-06-05,10,call,661.0,86.11500000000001,84.73,87.5,745.6400146484375,1,10,0.4865773999023438,0.04,0.013
SPY,2026-05-25,2026-06-05,10,call,662.0,85.13499999999999,83.74,86.53,745.6400146484375,24,32,0.48328153442382815,0.04,0.013
SPY,2026-05-25,2026-06-05,10,call,663.0,84.14500000000001,82.75,85.54,745.6400146484375,2,12,0.47913118530273435,0.04,0.013
SPY,2026-05-25,2026-06-05,10,call,664.0,83.13499999999999,81.75,84.52,745.6400146484375,1,7,0.47363807617187503,0.04,0.013
SPY,2026-05-25,2026-06-05,10,call,665.0,82.155,80.76,83.55,745.6400146484375,1,49,0.4703422106933594,0.04,0.013
SPY,2026-05-25,2026-06-05,10,call,666.0,81.16499999999999,79.77,82.56,745.6400146484375,1,13,0.4661308270263672,0.04,0.013
SPY,2026-05-25,2026-06-05,10,call,667.0,80.16999999999999,78.77,81.57,745.6400146484375,4,15,0.46191944335937507,0.04,0.013
SPY,2026-05-25,2026-06-05,10,call,668.0,79.18,77.78,80.58,745.6400146484375,3,16,0.4577690942382813,0.04,0.013
SPY,2026-05-25,2026-06-05,10,call,669.0,78.18,76.78,79.58,745.6400146484375,1,2,0.45313046875,0.04,0.013
SPY,2026-05-25,2026-06-05,10,call,670.0,77.195,75.8,78.59,745.6400146484375,49,59,0.44885805053710937,0.04,0.013
SPY,2026-05-25,2026-06-05,10,call,671.0,76.205,74.81,77.6,745.6400146484375,3,4,0.4446466668701171,0.04,0.013
SPY,2026-05-25,2026-06-05,10,call,672.0,75.21000000000001,73.81,76.61,745.6400146484375,1,43,0.44043528320312497,0.04,0.013
SPY,2026-05-25,2026-06-05,10,call,673.0,74.22,72.82,75.62,745.6400146484375,4,10,0.4361628649902344,0.04,0.013
SPY,2026-05-25,2026-06-05,10,call,674.0,73.225,71.83,74.62,745.6400146484375,3,6,0.4315242395019532,0.04,0.013
SPY,2026-05-25,2026-06-05,10,call,675.0,72.235,70.84,73.63,745.6400146484375,1,99,0.4272518212890626,0.04,0.013
SPY,2026-05-25,2026-06-05,10,call,676.0,71.245,69.85,72.64,745.6400146484375,1,5,0.4229794030761719,0.04,0.013
SPY,2026-05-25,2026-06-05,10,call,677.0,70.255,68.86,71.65,745.6400146484375,3,8,0.41870698486328123,0.04,0.013
SPY,2026-05-25,2026-06-05,10,call,678.0,69.265,67.87,70.66,745.6400146484375,1,7,0.4144345666503906,0.04,0.013
SPY,2026-05-25,2026-06-05,10,call,679.0,68.275,66.88,69.67,745.6400146484375,3,13,0.41010111389160153,0.04,0.013
SPY,2026-05-25,2026-06-05,10,call,680.0,67.295,65.89,68.7,745.6400146484375,17,80,0.40656111022949215,0.04,0.013
SPY,2026-05-25,2026-06-05,10,call,681.0,66.305,64.9,67.71,745.6400146484375,9,57,0.4022276574707031,0.04,0.013
SPY,2026-05-25,2026-06-05,10,call,682.0,65.295,63.91,66.68,745.6400146484375,2,17,0.39642937561035163,0.04,0.013
SPY,2026-05-25,2026-06-05,10,call,683.0,64.32,62.92,65.72,745.6400146484375,29,9,0.3931945446777344,0.04,0.013
SPY,2026-05-25,2026-06-05,10,call,684.0,63.335,61.94,64.73,745.6400146484375,2,7,0.38886109191894536,0.04,0.013
SPY,2026-05-25,2026-06-05,10,call,685.0,62.355000000000004,60.95,63.76,745.6400146484375,5,28,0.38519901916503896,0.04,0.013
SPY,2026-05-25,2026-06-05,10,call,686.0,61.36,59.96,62.76,745.6400146484375,5,6,0.38049935913085936,0.04,0.013
SPY,2026-05-25,2026-06-05,10,call,687.0,60.370000000000005,58.97,61.77,745.6400146484375,2,7,0.3761048718261719,0.04,0.013
SPY,2026-05-25,2026-06-05,10,call,688.0,59.394999999999996,57.99,60.8,745.6400146484375,2,27,0.3723817645263672,0.04,0.013
SPY,2026-05-25,2026-06-05,10,call,689.0,58.4,57.0,59.8,745.6400146484375,1,20,0.36762106994628907,0.04,0.013
SPY,2026-05-25,2026-06-05,10,call,690.0,57.415000000000006,56.02,58.81,745.6400146484375,6,91,0.3631655480957031,0.04,0.013
SPY,2026-05-25,2026-06-05,10,call,691.0,56.43,55.03,57.83,745.6400146484375,26,69,0.35907623352050777,0.04,0.013
SPY,2026-05-25,2026-06-05,10,call,692.0,55.239999999999995,54.29,56.19,745.6400146484375,1,112,0.33124448059082034,0.04,0.013
SPY,2026-05-25,2026-06-05,10,call,693.0,54.47,53.07,55.87,745.6400146484375,10,21,0.3508365698242187,0.04,0.013
SPY,2026-05-25,2026-06-05,10,call,694.0,53.480000000000004,52.08,54.88,745.6400146484375,1,18,0.34632001342773433,0.04,0.013
SPY,2026-05-25,2026-06-05,10,call,695.0,52.295,51.34,53.25,745.6400146484375,5,172,0.31952584777832027,0.04,0.013
SPY,2026-05-25,2026-06-05,10,call,696.0,51.519999999999996,50.12,52.92,745.6400146484375,1,51,0.3379582806396484,0.04,0.013
SPY,2026-05-25,2026-06-05,10,call,697.0,50.55,49.15,51.95,745.6400146484375,5,21,0.33411310424804685,0.04,0.013
SPY,2026-05-25,2026-06-05,10,call,698.0,49.575,48.17,50.98,745.6400146484375,10,22,0.3301458587646484,0.04,0.013
SPY,2026-05-25,2026-06-05,10,call,699.0,48.59,47.19,49.99,745.6400146484375,6,39,0.32556826782226556,0.04,0.013
SPY,2026-05-25,2026-06-05,10,call,700.0,47.635000000000005,47.53,47.74,745.6400146484375,392,8759,0.2775951147460937,0.04,0.013
SPY,2026-05-25,2026-06-05,10,call,701.0,46.64,45.24,48.04,745.6400146484375,3,53,0.31726756958007807,0.04,0.013
SPY,2026-05-25,2026-06-05,10,call,702.0,45.67,44.27,47.07,745.6400146484375,5,26,0.31323928955078123,0.04,0.013
SPY,2026-05-25,2026-06-05,10,call,703.0,44.7,43.3,46.1,745.6400146484375,2,42,0.3092110095214844,0.04,0.013
SPY,2026-05-25,2026-06-05,10,call,704.0,43.730000000000004,42.33,45.13,745.6400146484375,6,99,0.30512169494628905,0.04,0.013
SPY,2026-05-25,2026-06-05,10,call,705.0,42.67,41.82,43.52,745.6400146484375,213,448,0.28125718749999995,0.04,0.013
SPY,2026-05-25,2026-06-05,10,call,706.0,41.8,40.4,43.2,745.6400146484375,1,49,0.2971261694335937,0.04,0.013
SPY,2026-05-25,2026-06-05,10,call,707.0,40.625,39.65,41.6,745.6400146484375,1,144,0.27399407653808594,0.04,0.013
SPY,2026-05-25,2026-06-05,10,call,708.0,39.655,38.67,40.64,745.6400146484375,7,188,0.27033200378417965,0.04,0.013
SPY,2026-05-25,2026-06-05,10,call,709.0,38.715,37.74,39.69,745.6400146484375,4,199,0.2668530346679688,0.04,0.013
SPY,2026-05-25,2026-06-05,10,call,710.0,37.625,36.71,38.54,745.6400146484375,36,501,0.25739268005371096,0.04,0.013
SPY,2026-05-25,2026-06-05,10,call,711.0,37.004999999999995,36.73,37.28,745.6400146484375,14,226,0.24451439086914065,0.04,0.013
SPY,2026-05-25,2026-06-05,10,call,712.0,36.06,35.79,36.33,745.6400146484375,4,359,0.24115749084472654,0.04,0.013
SPY,2026-05-25,2026-06-05,10,call,713.0,35.105000000000004,34.83,35.38,745.6400146484375,1,591,0.237739556274414,0.04,0.013
SPY,2026-05-25,2026-06-05,10,call,714.0,34.165,33.89,34.44,745.6400146484375,2,261,0.2345657598876953,0.04,0.013
SPY,2026-05-25,2026-06-05,10,call,715.0,33.22,32.94,33.5,745.6400146484375,13,844,0.23133092895507812,0.04,0.013
SPY,2026-05-25,2026-06-05,10,call,716.0,32.295,32.03,32.56,745.6400146484375,235,277,0.2280350634765625,0.04,0.013
SPY,2026-05-25,2026-06-05,10,call,717.0,31.345,31.07,31.62,745.6400146484375,102,502,0.22461712890624996,0.04,0.013
SPY,2026-05-25,2026-06-05,10,call,718.0,30.425,30.14,30.71,745.6400146484375,2,444,0.22196212615966793,0.04,0.013
SPY,2026-05-25,2026-06-05,10,call,719.0,29.5,29.22,29.78,745.6400146484375,32,269,0.2186662606811523,0.04,0.013
SPY,2026-05-25,2026-06-05,10,call,720.0,28.605,28.35,28.86,745.6400146484375,139,1917,0.21555349884033204,0.04,0.013
SPY,2026-05-25,2026-06-05,10,call,721.0,27.68,27.42,27.94,745.6400146484375,6,323,0.21234918518066404,0.04,0.013
SPY,2026-05-25,2026-06-05,10,call,722.0,26.770000000000003,26.51,27.03,745.6400146484375,27,558,0.20929745788574217,0.04,0.013
SPY,2026-05-25,2026-06-05,10,call,723.0,25.865000000000002,25.6,26.13,745.6400146484375,4,432,0.20636779968261715,0.04,0.013
SPY,2026-05-25,2026-06-05,10,call,724.0,24.975,24.71,25.24,745.6400146484375,17,632,0.20359072784423826,0.04,0.013
SPY,2026-05-25,2026-06-05,10,call,725.0,24.085,23.88,24.29,745.6400146484375,108,856,0.19925727508544921,0.04,0.013
SPY,2026-05-25,2026-06-05,10,call,726.0,23.200000000000003,22.94,23.46,745.6400146484375,231,808,0.19763985961914063,0.04,0.013
SPY,2026-05-25,2026-06-05,10,call,727.0,22.33,22.07,22.59,745.6400146484375,8,395,0.19495433959960937,0.04,0.013
SPY,2026-05-25,2026-06-05,10,call,728.0,21.46,21.2,21.72,745.6400146484375,34,848,0.19208571594238283,0.04,0.013
SPY,2026-05-25,2026-06-05,10,call,729.0,20.6,20.34,20.86,745.6400146484375,15,570,0.18930864410400394,0.04,0.013
SPY,2026-05-25,2026-06-05,10,call,730.0,19.755000000000003,19.5,20.01,745.6400146484375,191,934,0.18659260681152345,0.04,0.013
SPY,2026-05-25,2026-06-05,10,call,731.0,18.935,18.74,19.13,745.6400146484375,49,517,0.18308312042236324,0.04,0.013
SPY,2026-05-25,2026-06-05,10,call,732.0,18.1,17.91,18.29,745.6400146484375,68,455,0.1802755313110352,0.04,0.013
SPY,2026-05-25,2026-06-05,10,call,733.0,17.28,17.1,17.46,745.6400146484375,27,2300,0.17749845947265624,0.04,0.013
SPY,2026-05-25,2026-06-05,10,call,734.0,16.47,16.3,16.64,745.6400146484375,59,901,0.17469087036132813,0.04,0.013
SPY,2026-05-25,2026-06-05,10,call,735.0,15.68,15.5,15.86,745.6400146484375,640,2509,0.17255466125488284,0.04,0.013
SPY,2026-05-25,2026-06-05,10,call,736.0,14.89,14.72,15.06,745.6400146484375,55,1745,0.16974707214355472,0.04,0.013
SPY,2026-05-25,2026-06-05,10,call,737.0,14.125,13.95,14.3,745.6400146484375,23,1873,0.16754982849121097,0.04,0.013
SPY,2026-05-25,2026-06-05,10,call,738.0,13.395,13.24,13.55,745.6400146484375,114,1693,0.16526103302001954,0.04,0.013
SPY,2026-05-25,2026-06-05,10,call,739.0,12.66,12.51,12.81,745.6400146484375,53,927,0.16294172027587894,0.04,0.013
SPY,2026-05-25,2026-06-05,10,call,740.0,11.93,11.83,12.03,745.6400146484375,670,21020,0.15961533752441404,0.04,0.013
SPY,2026-05-25,2026-06-05,10,call,741.0,11.24,11.1,11.38,745.6400146484375,69,1374,0.15842516387939454,0.04,0.013
SPY,2026-05-25,2026-06-05,10,call,742.0,10.545,10.4,10.69,745.6400146484375,139,1718,0.1562279202270508,0.04,0.013
SPY,2026-05-25,2026-06-05,10,call,743.0,9.879999999999999,9.73,10.03,745.6400146484375,254,1143,0.1542748147583008,0.04,0.013
SPY,2026-05-25,2026-06-05,10,call,744.0,9.25,9.12,9.38,745.6400146484375,202,1236,0.15216912292480472,0.04,0.013
SPY,2026-05-25,2026-06-05,10,call,745.0,8.629999999999999,8.58,8.68,745.6400146484375,2238,3549,0.14887325744628904,0.04,0.013
SPY,2026-05-25,2026-06-05,10,call,746.0,8.04,8.02,8.06,745.6400146484375,921,1510,0.14670653106689452,0.04,0.013
SPY,2026-05-25,2026-06-05,10,call,747.0,7.460000000000001,7.44,7.48,745.6400146484375,2200,1545,0.14487549468994143,0.04,0.013
SPY,2026-05-25,2026-06-05,10,call,748.0,6.91,6.89,6.93,745.6400146484375,1291,550,0.14325807922363282,0.04,0.013
SPY,2026-05-25,2026-06-05,10,call,749.0,6.380000000000001,6.36,6.4,745.6400146484375,1209,965,0.1415796292114258,0.04,0.013
SPY,2026-05-25,2026-06-05,10,call,750.0,5.869999999999999,5.85,5.89,745.6400146484375,4259,7840,0.13993169647216797,0.04,0.013
SPY,2026-05-25,2026-06-05,10,call,751.0,5.390000000000001,5.37,5.41,745.6400146484375,394,343,0.13840583282470703,0.04,0.013
SPY,2026-05-25,2026-06-05,10,call,752.0,4.93,4.91,4.95,745.6400146484375,733,356,0.1368494519042969,0.04,0.013
SPY,2026-05-25,2026-06-05,10,call,753.0,4.495,4.48,4.51,745.6400146484375,1209,2103,0.13526255371093754,0.04,0.013
SPY,2026-05-25,2026-06-05,10,call,754.0,4.09,4.07,4.11,745.6400146484375,422,255,0.13401134552001953,0.04,0.013
SPY,2026-05-25,2026-06-05,10,call,755.0,3.71,3.69,3.73,745.6400146484375,1908,5665,0.13272962005615235,0.04,0.013
SPY,2026-05-25,2026-06-05,10,call,756.0,3.355,3.34,3.37,745.6400146484375,850,396,0.13141737731933595,0.04,0.013
SPY,2026-05-25,2026-06-05,10,call,757.0,3.025,3.01,3.04,745.6400146484375,302,570,0.1302577209472656,0.04,0.013
SPY,2026-05-25,2026-06-05,10,call,758.0,2.715,2.7,2.73,745.6400146484375,1913,702,0.12906754730224607,0.04,0.013
SPY,2026-05-25,2026-06-05,10,call,759.0,2.435,2.42,2.45,745.6400146484375,337,122,0.1280909945678711,0.04,0.013
SPY,2026-05-25,2026-06-05,10,call,760.0,2.165,2.15,2.18,745.6400146484375,1877,3832,0.12687030364990232,0.04,0.013
SPY,2026-05-25,2026-06-05,10,call,761.0,1.9249999999999998,1.91,1.94,745.6400146484375,500,369,0.12592426818847657,0.04,0.013
SPY,2026-05-25,2026-06-05,10,call,762.0,1.71,1.7,1.72,745.6400146484375,313,716,0.12494771545410156,0.04,0.013
SPY,2026-05-25,2026-06-05,10,call,763.0,1.5150000000000001,1.5,1.53,745.6400146484375,101,465,0.1243373699951172,0.04,0.013
SPY,2026-05-25,2026-06-05,10,call,764.0,1.335,1.32,1.35,745.6400146484375,528,483,0.1235439208984375,0.04,0.013
SPY,2026-05-25,2026-06-05,10,call,765.0,1.17,1.16,1.18,745.6400146484375,710,3648,0.12256736816406251,0.04,0.013
SPY,2026-05-25,2026-06-05,10,call,766.0,1.025,1.01,1.04,745.6400146484375,323,550,0.12207909179687501,0.04,0.013
SPY,2026-05-25,2026-06-05,10,call,767.0,0.895,0.88,0.91,745.6400146484375,1019,1527,0.12146874633789062,0.04,0.013
SPY,2026-05-25,2026-06-05,10,call,768.0,0.78,0.77,0.79,745.6400146484375,429,357,0.12073633178710938,0.04,0.013
SPY,2026-05-25,2026-06-05,10,call,769.0,0.6799999999999999,0.67,0.69,745.6400146484375,1191,327,0.1203090899658203,0.04,0.013
SPY,2026-05-25,2026-06-05,10,call,770.0,0.59,0.58,0.6,745.6400146484375,1684,5252,0.11988184814453123,0.04,0.013
SPY,2026-05-25,2026-06-05,10,call,771.0,0.51,0.5,0.52,745.6400146484375,148,565,0.11939357177734375,0.04,0.013
SPY,2026-05-25,2026-06-05,10,call,772.0,0.445,0.44,0.45,745.6400146484375,74,663,0.11908839904785155,0.04,0.013
SPY,2026-05-25,2026-06-05,10,call,773.0,0.39,0.38,0.4,745.6400146484375,115,351,0.11951564086914063,0.04,0.013
SPY,2026-05-25,2026-06-05,10,call,774.0,0.335,0.33,0.34,745.6400146484375,1376,434,0.11890529541015624,0.04,0.013
SPY,2026-05-25,2026-06-05,10,call,775.0,0.295,0.29,0.3,745.6400146484375,4315,1678,0.11914943359374999,0.04,0.013
SPY,2026-05-25,2026-06-05,10,call,776.0,0.255,0.25,0.26,745.6400146484375,8,117,0.11914943359374999,0.04,0.013
SPY,2026-05-25,2026-06-05,10,call,777.0,0.225,0.22,0.23,745.6400146484375,164,1036,0.11963770996093749,0.04,0.013
SPY,2026-05-25,2026-06-05,10,call,778.0,0.195,0.19,0.2,745.6400146484375,3,37,0.11963770996093749,0.04,0.013
SPY,2026-05-25,2026-06-05,10,call,779.0,0.175,0.17,0.18,745.6400146484375,37,898,0.1206142626953125,0.04,0.013
SPY,2026-05-25,2026-06-05,10,call,780.0,0.155,0.15,0.16,745.6400146484375,4124,5675,0.1211025390625,0.04,0.013
SPY,2026-05-25,2026-06-05,10,call,781.0,0.135,0.13,0.14,745.6400146484375,7,58,0.12134667724609374,0.04,0.013
SPY,2026-05-25,2026-06-05,10,call,782.0,0.125,0.12,0.13,745.6400146484375,6,371,0.12281150634765625,0.04,0.013
SPY,2026-05-25,2026-06-05,10,call,783.0,0.11499999999999999,0.11,0.12,745.6400146484375,2,65,0.124032197265625,0.04,0.013
SPY,2026-05-25,2026-06-05,10,call,784.0,0.10500000000000001,0.1,0.11,745.6400146484375,6,10,0.12525288818359376,0.04,0.013
SPY,2026-05-25,2026-06-05,10,call,785.0,0.095,0.09,0.1,745.6400146484375,268,1715,0.12622944091796873,0.04,0.013
SPY,2026-05-25,2026-06-05,10,call,786.0,0.08499999999999999,0.08,0.09,745.6400146484375,1,15,0.12696185546875,0.04,0.013
SPY,2026-05-25,2026-06-05,10,call,787.0,0.07500000000000001,0.07,0.08,745.6400146484375,2,463,0.1274501318359375,0.04,0.013
SPY,2026-05-25,2026-06-05,10,call,788.0,0.07500000000000001,0.07,0.08,745.6400146484375,0,86,0.13037979003906247,0.04,0.013
SPY,2026-05-25,2026-06-05,10,call,789.0,0.065,0.06,0.07,745.6400146484375,2,70,0.13037979003906247,0.04,0.013
SPY,2026-05-25,2026-06-05,10,call,790.0,0.065,0.06,0.07,745.6400146484375,1317,2408,0.132821171875,0.04,0.013
SPY,2026-05-25,2026-06-05,10,call,791.0,0.055,0.05,0.06,745.6400146484375,12,86,0.132821171875,0.04,0.013
SPY,2026-05-25,2026-06-05,10,call,792.0,0.055,0.05,0.06,745.6400146484375,33,98,0.13526255371093754,0.04,0.013
SPY,2026-05-25,2026-06-05,10,call,793.0,0.055,0.05,0.06,745.6400146484375,56,191,0.13770393554687502,0.04,0.013
SPY,2026-05-25,2026-06-05,10,call,794.0,0.05,0.04,0.06,745.6400146484375,33,277,0.1401453173828125,0.04,0.013
SPY,2026-05-25,2026-06-05,10,call,795.0,0.045,0.04,0.05,745.6400146484375,55,1264,0.139657041015625,0.04,0.013
SPY,2026-05-25,2026-06-05,10,call,800.0,0.035,0.03,0.04,745.6400146484375,939,3764,0.147469462890625,0.04,0.013
SPY,2026-05-25,2026-06-05,10,call,805.0,0.035,0.03,0.04,745.6400146484375,80,550,0.159188095703125,0.04,0.013
SPY,2026-05-25,2026-06-05,10,call,810.0,0.025,0.02,0.03,745.6400146484375,98,1323,0.165047412109375,0.04,0.013
SPY,2026-05-25,2026-06-05,10,call,815.0,0.025,0.02,0.03,745.6400146484375,79,783,0.1757894921875,0.04,0.013
SPY,2026-05-25,2026-06-05,10,call,820.0,0.025,0.02,0.03,745.6400146484375,219,825,0.187508125,0.04,0.013
SPY,2026-05-25,2026-06-05,10,call,825.0,0.015,0.01,0.02,745.6400146484375,240,807,0.18946123046875002,0.04,0.013
SPY,2026-05-25,2026-06-05,10,call,830.0,0.015,0.01,0.02,745.6400146484375,47,473,0.20020331054687499,0.04,0.013
SPY,2026-05-25,2026-06-05,10,call,835.0,0.015,0.01,0.02,745.6400146484375,56,858,0.21094539062499998,0.04,0.013
SPY,2026-05-25,2026-06-05,10,call,840.0,0.015,0.01,0.02,745.6400146484375,39,699,0.22071091796874998,0.04,0.013
SPY,2026-05-25,2026-06-05,10,call,845.0,0.015,0.01,0.02,745.6400146484375,80,397,0.2304764453125,0.04,0.013
SPY,2026-05-25,2026-06-05,10,call,850.0,0.015,0.01,0.02,745.6400146484375,66,291,0.24024197265624997,0.04,0.013
SPY,2026-05-25,2026-06-05,10,call,855.0,0.015,0.01,0.02,745.6400146484375,1124,489,0.2500075,0.04,0.013
SPY,2026-05-25,2026-06-05,10,call,880.0,0.02,0.0,0.01,745.6400146484375,100,1016,0.28125718749999995,0.04,0.013
SPY,2026-05-25,2026-06-05,10,call,895.0,0.02,0.0,0.01,745.6400146484375,0,256,0.304694453125,0.04,0.013
SPY,2026-05-25,2026-06-12,17,call,400.0,346.92999999999995,345.52,348.34,745.6400146484375,0,1,1.3085972070312497,0.04,0.013
SPY,2026-05-25,2026-06-12,17,call,440.0,307.01,305.61,308.41,745.6400146484375,35,0,1.1394085998535157,0.04,0.013
SPY,2026-05-25,2026-06-12,17,call,445.0,302.025,300.62,303.43,745.6400146484375,2,1,1.1198774475097655,0.04,0.013
SPY,2026-05-25,2026-06-12,17,call,465.0,282.09000000000003,280.68,283.5,745.6400146484375,0,2,1.0432176745605473,0.04,0.013
SPY,2026-05-25,2026-06-12,17,call,490.0,257.145,255.74,258.55,745.6400146484375,1,2,0.9475102905273438,0.04,0.013
SPY,2026-05-25,2026-06-12,17,call,500.0,247.18,245.77,248.59,745.6400146484375,1,0,0.9113778393554688,0.04,0.013
SPY,2026-05-25,2026-06-12,17,call,525.0,222.25,220.84,223.66,745.6400146484375,0,2,0.8212908496093749,0.04,0.013
SPY,2026-05-25,2026-06-12,17,call,530.0,217.255,215.85,218.66,745.6400146484375,0,1,0.8027363476562499,0.04,0.013
SPY,2026-05-25,2026-06-12,17,call,535.0,212.28,210.87,213.69,745.6400146484375,0,1,0.7861349511718749,0.04,0.013
SPY,2026-05-25,2026-06-12,17,call,555.0,192.335,190.93,193.74,745.6400146484375,1,0,0.7161893615722656,0.04,0.013
SPY,2026-05-25,2026-06-12,17,call,580.0,167.43,166.02,168.84,745.6400146484375,0,2,0.6322058264160157,0.04,0.013
SPY,2026-05-25,2026-06-12,17,call,595.0,152.485,151.08,153.89,745.6400146484375,0,5,0.5821574987792968,0.04,0.013
SPY,2026-05-25,2026-06-12,17,call,600.0,147.5,146.1,148.9,745.6400146484375,1,3,0.5651898950195313,0.04,0.013
SPY,2026-05-25,2026-06-12,17,call,610.0,137.55,136.15,138.95,745.6400146484375,0,7,0.5328415856933593,0.04,0.013
SPY,2026-05-25,2026-06-12,17,call,615.0,132.57,131.17,133.97,745.6400146484375,0,2,0.5162401892089843,0.04,0.013
SPY,2026-05-25,2026-06-12,17,call,620.0,127.6,126.2,129.0,745.6400146484375,0,1,0.5002491381835938,0.04,0.013
SPY,2026-05-25,2026-06-12,17,call,625.0,122.645,121.24,124.05,745.6400146484375,2,4,0.549076774902344,0.04,0.013
SPY,2026-05-25,2026-06-12,17,call,630.0,117.66999999999999,116.27,119.07,745.6400146484375,0,1,0.5306443420410156,0.04,0.013
SPY,2026-05-25,2026-06-12,17,call,635.0,112.71000000000001,111.3,114.12,745.6400146484375,1,3,0.5133715655517577,0.04,0.013
SPY,2026-05-25,2026-06-12,17,call,640.0,107.74000000000001,106.34,109.14,745.6400146484375,3,1,0.49487809814453126,0.04,0.013
SPY,2026-05-25,2026-06-12,17,call,645.0,102.78999999999999,101.38,104.2,745.6400146484375,2,3,0.4778494598388672,0.04,0.013
SPY,2026-05-25,2026-06-12,17,call,650.0,97.83000000000001,96.43,99.23,745.6400146484375,10,24,0.45966116516113287,0.04,0.013
SPY,2026-05-25,2026-06-12,17,call,655.0,92.88,91.48,94.28,745.6400146484375,1,2,0.44208321594238287,0.04,0.013
SPY,2026-05-25,2026-06-12,17,call,660.0,87.94,86.53,89.35,745.6400146484375,3,2,0.4250545776367188,0.04,0.013
SPY,2026-05-25,2026-06-12,17,call,665.0,82.785,81.83,83.74,745.6400146484375,3,171,0.38568729553222647,0.04,0.013
SPY,2026-05-25,2026-06-12,17,call,670.0,78.07,76.67,79.47,745.6400146484375,4,36,0.3898376446533204,0.04,0.013
SPY,2026-05-25,2026-06-12,17,call,675.0,73.145,71.74,74.55,745.6400146484375,2,55,0.3725038336181641,0.04,0.013
SPY,2026-05-25,2026-06-12,17,call,676.0,71.95,70.98,72.92,745.6400146484375,1,2,0.34979898254394526,0.04,0.013
SPY,2026-05-25,2026-06-12,17,call,677.0,71.19,69.78,72.6,745.6400146484375,1,4,0.3660341717529296,0.04,0.013
SPY,2026-05-25,2026-06-12,17,call,678.0,70.215,68.8,71.63,745.6400146484375,1,1,0.3629214099121094,0.04,0.013
SPY,2026-05-25,2026-06-12,17,call,679.0,69.22999999999999,67.82,70.64,745.6400146484375,1,7,0.35925933715820313,0.04,0.013
SPY,2026-05-25,2026-06-12,17,call,680.0,68.235,68.12,68.35,745.6400146484375,87,12010,0.3166572241210937,0.04,0.013
SPY,2026-05-25,2026-06-12,17,call,681.0,67.27000000000001,65.87,68.67,745.6400146484375,2,39,0.3521182952880859,0.04,0.013
SPY,2026-05-25,2026-06-12,17,call,682.0,66.28999999999999,64.89,67.69,745.6400146484375,3,19,0.34870036071777344,0.04,0.013
SPY,2026-05-25,2026-06-12,17,call,683.0,65.32,63.91,66.73,745.6400146484375,2,2,0.34577070251464836,0.04,0.013
SPY,2026-05-25,2026-06-12,17,call,684.0,64.34,62.94,65.74,745.6400146484375,1,6,0.3420170779418945,0.04,0.013
SPY,2026-05-25,2026-06-12,17,call,685.0,63.370000000000005,61.96,64.78,745.6400146484375,2,14,0.3390569024658203,0.04,0.013
SPY,2026-05-25,2026-06-12,17,call,686.0,62.39,60.99,63.79,745.6400146484375,1,4,0.3352727606201171,0.04,0.013
SPY,2026-05-25,2026-06-12,17,call,687.0,61.425,60.02,62.83,745.6400146484375,1,8,0.33228206787109377,0.04,0.013
SPY,2026-05-25,2026-06-12,17,call,688.0,60.45,59.04,61.86,745.6400146484375,2,26,0.3290472369384765,0.04,0.013
SPY,2026-05-25,2026-06-12,17,call,689.0,59.480000000000004,58.07,60.89,745.6400146484375,1,3,0.3257513714599609,0.04,0.013
SPY,2026-05-25,2026-06-12,17,call,690.0,58.475,57.68,59.27,745.6400146484375,6,111,0.30548790222167965,0.04,0.013
SPY,2026-05-25,2026-06-12,17,call,691.0,57.54,56.14,58.94,745.6400146484375,1,63,0.3188544677734374,0.04,0.013
SPY,2026-05-25,2026-06-12,17,call,692.0,56.57,55.17,57.97,745.6400146484375,3,15,0.3154975677490234,0.04,0.013
SPY,2026-05-25,2026-06-12,17,call,693.0,55.61,54.21,57.01,745.6400146484375,1,9,0.31238480590820306,0.04,0.013
SPY,2026-05-25,2026-06-12,17,call,694.0,54.650000000000006,53.24,56.06,745.6400146484375,3,9,0.3094551477050781,0.04,0.013
SPY,2026-05-25,2026-06-12,17,call,695.0,53.485,52.52,54.45,745.6400146484375,4,172,0.2902292657470703,0.04,0.013
SPY,2026-05-25,2026-06-12,17,call,696.0,52.72,51.32,54.12,745.6400146484375,5,18,0.30261927856445314,0.04,0.013
SPY,2026-05-25,2026-06-12,17,call,697.0,51.76,50.36,53.16,745.6400146484375,25,13,0.2993844476318359,0.04,0.013
SPY,2026-05-25,2026-06-12,17,call,698.0,50.81,49.4,52.22,745.6400146484375,1,6,0.2966378930664062,0.04,0.013
SPY,2026-05-25,2026-06-12,17,call,699.0,49.85,48.45,51.25,745.6400146484375,1,3,0.2930978894042968,0.04,0.013
SPY,2026-05-25,2026-06-12,17,call,700.0,48.685,47.69,49.68,745.6400146484375,14,2757,0.27555045745849605,0.04,0.013
SPY,2026-05-25,2026-06-12,17,call,701.0,47.95,46.54,49.36,745.6400146484375,2,1,0.28717753845214833,0.04,0.013
SPY,2026-05-25,2026-06-12,17,call,702.0,47.0,45.6,48.4,745.6400146484375,1,28,0.2838206384277343,0.04,0.013
SPY,2026-05-25,2026-06-12,17,call,703.0,46.05,44.65,47.45,745.6400146484375,1,9,0.28064684204101553,0.04,0.013
SPY,2026-05-25,2026-06-12,17,call,704.0,45.11,43.71,46.51,745.6400146484375,11,24,0.2776561492919921,0.04,0.013
SPY,2026-05-25,2026-06-12,17,call,705.0,44.17,42.77,45.57,745.6400146484375,3,82,0.2746349392700196,0.04,0.013
SPY,2026-05-25,2026-06-12,17,call,706.0,43.230000000000004,41.83,44.63,745.6400146484375,22,21,0.2715832119750976,0.04,0.013
SPY,2026-05-25,2026-06-12,17,call,707.0,42.3,40.89,43.71,745.6400146484375,1,14,0.26892820922851557,0.04,0.013
SPY,2026-05-25,2026-06-12,17,call,708.0,41.36,39.96,42.76,745.6400146484375,3,20,0.26557130920410155,0.04,0.013
SPY,2026-05-25,2026-06-12,17,call,709.0,40.435,39.03,41.84,745.6400146484375,1,15,0.26282475463867194,0.04,0.013
SPY,2026-05-25,2026-06-12,17,call,710.0,39.32,38.33,40.31,745.6400146484375,9,890,0.24738301452636718,0.04,0.013
SPY,2026-05-25,2026-06-12,17,call,711.0,38.59,37.19,39.99,745.6400146484375,3,23,0.2569349209594727,0.04,0.013
SPY,2026-05-25,2026-06-12,17,call,712.0,37.49,37.03,37.95,745.6400146484375,9,142,0.2310867907714844,0.04,0.013
SPY,2026-05-25,2026-06-12,17,call,713.0,36.75,35.35,38.15,745.6400146484375,4,45,0.2510450872802734,0.04,0.013
SPY,2026-05-25,2026-06-12,17,call,714.0,35.834999999999994,34.44,37.23,745.6400146484375,6,46,0.24805439453125,0.04,0.013
SPY,2026-05-25,2026-06-12,17,call,715.0,35.525000000000006,34.71,36.34,745.6400146484375,11,302,0.24555197814941404,0.04,0.013
SPY,2026-05-25,2026-06-12,17,call,716.0,34.025000000000006,32.63,35.42,745.6400146484375,1,418,0.24243921630859372,0.04,0.013
SPY,2026-05-25,2026-06-12,17,call,717.0,33.14,31.74,34.54,745.6400146484375,2,141,0.24002835174560544,0.04,0.013
SPY,2026-05-25,2026-06-12,17,call,718.0,32.25,30.85,33.65,745.6400146484375,5,399,0.23734283172607418,0.04,0.013
SPY,2026-05-25,2026-06-12,17,call,719.0,31.345,29.95,32.74,745.6400146484375,1,118,0.2342300698852539,0.04,0.013
SPY,2026-05-25,2026-06-12,17,call,720.0,30.479999999999997,29.08,31.88,745.6400146484375,321,446,0.23194127441406248,0.04,0.013
SPY,2026-05-25,2026-06-12,17,call,721.0,29.195,28.19,30.2,745.6400146484375,4,212,0.2148516015625,0.04,0.013
SPY,2026-05-25,2026-06-12,17,call,722.0,28.715,27.32,30.11,745.6400146484375,4,293,0.22629557891845703,0.04,0.013
SPY,2026-05-25,2026-06-12,17,call,723.0,27.855,26.45,29.26,745.6400146484375,5,150,0.22394574890136715,0.04,0.013
SPY,2026-05-25,2026-06-12,17,call,724.0,27.0,25.6,28.4,745.6400146484375,11,325,0.22135178070068356,0.04,0.013
SPY,2026-05-25,2026-06-12,17,call,725.0,26.115000000000002,25.92,26.31,745.6400146484375,58,827,0.19751779052734375,0.04,0.013
SPY,2026-05-25,2026-06-12,17,call,726.0,25.259999999999998,23.9,26.62,745.6400146484375,1,261,0.21491263610839845,0.04,0.013
SPY,2026-05-25,2026-06-12,17,call,727.0,24.42,23.06,25.78,745.6400146484375,1,164,0.2124102197265625,0.04,0.013
SPY,2026-05-25,2026-06-12,17,call,728.0,23.59,22.23,24.95,745.6400146484375,6,212,0.20996883789062498,0.04,0.013
SPY,2026-05-25,2026-06-12,17,call,729.0,22.77,21.41,24.13,745.6400146484375,66,220,0.20761900787353516,0.04,0.013
SPY,2026-05-25,2026-06-12,17,call,730.0,22.259999999999998,21.4,23.12,745.6400146484375,174,700,0.20209538146972655,0.04,0.013
SPY,2026-05-25,2026-06-12,17,call,731.0,21.175,21.01,21.34,745.6400146484375,26,386,0.18418174224853517,0.04,0.013
SPY,2026-05-25,2026-06-12,17,call,732.0,20.35,20.19,20.51,745.6400146484375,29,3769,0.1815267395019531,0.04,0.013
SPY,2026-05-25,2026-06-12,17,call,733.0,19.585,18.3,20.87,745.6400146484375,19,649,0.19736520416259767,0.04,0.013
SPY,2026-05-25,2026-06-12,17,call,734.0,18.82,18.67,18.97,745.6400146484375,27,696,0.17774259765625,0.04,0.013
SPY,2026-05-25,2026-06-12,17,call,735.0,18.055,17.93,18.18,745.6400146484375,66,1652,0.17536225036621095,0.04,0.013
SPY,2026-05-25,2026-06-12,17,call,736.0,17.86,17.16,18.56,745.6400146484375,57,750,0.19052933502197267,0.04,0.013
SPY,2026-05-25,2026-06-12,17,call,737.0,16.57,16.47,16.67,745.6400146484375,181,721,0.17118138397216798,0.04,0.013
SPY,2026-05-25,2026-06-12,17,call,738.0,15.83,15.7,15.96,745.6400146484375,28,765,0.1695334512329102,0.04,0.013
SPY,2026-05-25,2026-06-12,17,call,739.0,15.11,14.99,15.23,745.6400146484375,113,1622,0.1674582766723633,0.04,0.013
SPY,2026-05-25,2026-06-12,17,call,740.0,14.395,14.29,14.5,745.6400146484375,157,2552,0.1651694812011719,0.04,0.013
SPY,2026-05-25,2026-06-12,17,call,741.0,13.73,13.58,13.88,745.6400146484375,60,1531,0.16434551483154297,0.04,0.013
SPY,2026-05-25,2026-06-12,17,call,742.0,13.035,12.91,13.16,745.6400146484375,78,1477,0.16187361572265624,0.04,0.013
SPY,2026-05-25,2026-06-12,17,call,743.0,12.375,12.27,12.48,745.6400146484375,103,953,0.15982895843505857,0.04,0.013
SPY,2026-05-25,2026-06-12,17,call,744.0,11.725,11.61,11.84,745.6400146484375,150,953,0.15811999114990233,0.04,0.013
SPY,2026-05-25,2026-06-12,17,call,745.0,11.115,11.01,11.22,745.6400146484375,1307,1872,0.156533092956543,0.04,0.013
SPY,2026-05-25,2026-06-12,17,call,746.0,10.52,10.5,10.54,745.6400146484375,686,725,0.15387809020996096,0.04,0.013
SPY,2026-05-25,2026-06-12,17,call,747.0,9.93,9.91,9.95,745.6400146484375,985,540,0.15229119201660157,0.04,0.013
SPY,2026-05-25,2026-06-12,17,call,748.0,9.355,9.33,9.38,745.6400146484375,508,523,0.15079584564208987,0.04,0.013
SPY,2026-05-25,2026-06-12,17,call,749.0,8.8,8.78,8.82,745.6400146484375,168,876,0.14920894744873048,0.04,0.013
SPY,2026-05-25,2026-06-12,17,call,750.0,8.265,8.24,8.29,745.6400146484375,721,3171,0.14780515289306645,0.04,0.013
SPY,2026-05-25,2026-06-12,17,call,751.0,7.75,7.73,7.77,745.6400146484375,377,660,0.1463403237915039,0.04,0.013
SPY,2026-05-25,2026-06-12,17,call,752.0,7.255000000000001,7.23,7.28,745.6400146484375,322,437,0.14505859832763673,0.04,0.013
SPY,2026-05-25,2026-06-12,17,call,753.0,6.779999999999999,6.76,6.8,745.6400146484375,1061,377,0.14365480377197265,0.04,0.013
SPY,2026-05-25,2026-06-12,17,call,754.0,6.32,6.3,6.34,745.6400146484375,4310,486,0.14234256103515625,0.04,0.013
SPY,2026-05-25,2026-06-12,17,call,755.0,5.890000000000001,5.87,5.91,745.6400146484375,740,17844,0.14118290466308597,0.04,0.013
SPY,2026-05-25,2026-06-12,17,call,756.0,5.470000000000001,5.45,5.49,745.6400146484375,631,918,0.13993169647216797,0.04,0.013
SPY,2026-05-25,2026-06-12,17,call,757.0,5.08,5.06,5.1,745.6400146484375,266,325,0.13886359191894532,0.04,0.013
SPY,2026-05-25,2026-06-12,17,call,758.0,4.699999999999999,4.68,4.72,745.6400146484375,347,335,0.13770393554687502,0.04,0.013
SPY,2026-05-25,2026-06-12,17,call,759.0,4.345000000000001,4.33,4.36,745.6400146484375,125,373,0.13657479644775394,0.04,0.013
SPY,2026-05-25,2026-06-12,17,call,760.0,4.01,3.99,4.03,745.6400146484375,4720,6084,0.1356897955322266,0.04,0.013
SPY,2026-05-25,2026-06-12,17,call,761.0,3.69,3.67,3.71,745.6400146484375,170,545,0.13468272552490235,0.04,0.013
SPY,2026-05-25,2026-06-12,17,call,762.0,3.395,3.38,3.41,745.6400146484375,311,431,0.13373669006347655,0.04,0.013
SPY,2026-05-25,2026-06-12,17,call,763.0,3.115,3.1,3.13,745.6400146484375,102,432,0.1328516891479492,0.04,0.013
SPY,2026-05-25,2026-06-12,17,call,764.0,2.855,2.84,2.87,745.6400146484375,74,142,0.1320277227783203,0.04,0.013
SPY,2026-05-25,2026-06-12,17,call,765.0,2.605,2.59,2.62,745.6400146484375,361,2054,0.13114272186279297,0.04,0.013
SPY,2026-05-25,2026-06-12,17,call,766.0,2.38,2.36,2.4,745.6400146484375,79,171,0.13056289367675777,0.04,0.013
SPY,2026-05-25,2026-06-12,17,call,767.0,2.165,2.15,2.18,745.6400146484375,73,143,0.12967789276123048,0.04,0.013
SPY,2026-05-25,2026-06-12,17,call,768.0,1.9649999999999999,1.95,1.98,745.6400146484375,120,264,0.1289149609375,0.04,0.013
SPY,2026-05-25,2026-06-12,17,call,769.0,1.7850000000000001,1.77,1.8,745.6400146484375,59,149,0.1283046154785156,0.04,0.013
SPY,2026-05-25,2026-06-12,17,call,770.0,1.615,1.6,1.63,745.6400146484375,1776,2790,0.12766375274658204,0.04,0.013
SPY,2026-05-25,2026-06-12,17,call,771.0,1.4649999999999999,1.45,1.48,745.6400146484375,85,225,0.12720599365234375,0.04,0.013
SPY,2026-05-25,2026-06-12,17,call,772.0,1.315,1.3,1.33,745.6400146484375,48,204,0.12647357910156248,0.04,0.013
SPY,2026-05-25,2026-06-12,17,call,773.0,1.185,1.17,1.2,745.6400146484375,31,175,0.125985302734375,0.04,0.013
SPY,2026-05-25,2026-06-12,17,call,774.0,1.07,1.06,1.08,745.6400146484375,9,65,0.12543599182128906,0.04,0.013
SPY,2026-05-25,2026-06-12,17,call,775.0,0.96,0.95,0.97,745.6400146484375,404,1904,0.12494771545410156,0.04,0.013
SPY,2026-05-25,2026-06-12,17,call,776.0,0.865,0.85,0.88,745.6400146484375,237,317,0.12488668090820312,0.04,0.013
SPY,2026-05-25,2026-06-12,17,call,777.0,0.775,0.76,0.79,745.6400146484375,238,136,0.1245204736328125,0.04,0.013
SPY,2026-05-25,2026-06-12,17,call,778.0,0.6950000000000001,0.68,0.71,745.6400146484375,188,571,0.12427633544921876,0.04,0.013
SPY,2026-05-25,2026-06-12,17,call,779.0,0.62,0.61,0.63,745.6400146484375,107,55,0.12366598999023437,0.04,0.013
SPY,2026-05-25,2026-06-12,17,call,780.0,0.56,0.55,0.57,745.6400146484375,357,1632,0.12372702453613281,0.04,0.013
SPY,2026-05-25,2026-06-12,17,call,781.0,0.5,0.49,0.51,745.6400146484375,208,77,0.1235439208984375,0.04,0.013
SPY,2026-05-25,2026-06-12,17,call,782.0,0.45,0.44,0.46,745.6400146484375,121,101,0.1235439208984375,0.04,0.013
SPY,2026-05-25,2026-06-12,17,call,783.0,0.41000000000000003,0.4,0.42,745.6400146484375,19,112,0.12391012817382813,0.04,0.013
SPY,2026-05-25,2026-06-12,17,call,784.0,0.37,0.36,0.38,745.6400146484375,11,177,0.124032197265625,0.04,0.013
SPY,2026-05-25,2026-06-12,17,call,785.0,0.33,0.32,0.34,745.6400146484375,127,1052,0.124032197265625,0.04,0.013
SPY,2026-05-25,2026-06-12,17,call,786.0,0.3,0.29,0.31,745.6400146484375,10,16,0.12439840454101564,0.04,0.013
SPY,2026-05-25,2026-06-12,17,call,787.0,0.27,0.26,0.28,745.6400146484375,2,60,0.1245204736328125,0.04,0.013
SPY,2026-05-25,2026-06-12,17,call,788.0,0.245,0.24,0.25,745.6400146484375,5,58,0.1245204736328125,0.04,0.013
SPY,2026-05-25,2026-06-12,17,call,789.0,0.225,0.22,0.23,745.6400146484375,3,45,0.12513081909179688,0.04,0.013
SPY,2026-05-25,2026-06-12,17,call,790.0,0.20500000000000002,0.2,0.21,745.6400146484375,116,1572,0.12549702636718751,0.04,0.013
SPY,2026-05-25,2026-06-12,17,call,791.0,0.185,0.18,0.19,745.6400146484375,1,3,0.12586323364257812,0.04,0.013
SPY,2026-05-25,2026-06-12,17,call,792.0,0.16999999999999998,0.16,0.18,745.6400146484375,0,119,0.12696185546875,0.04,0.013
SPY,2026-05-25,2026-06-12,17,call,793.0,0.155,0.15,0.16,745.6400146484375,30,100,0.12696185546875,0.04,0.013
SPY,2026-05-25,2026-06-12,17,call,794.0,0.14500000000000002,0.14,0.15,745.6400146484375,18,97,0.127938408203125,0.04,0.013
SPY,2026-05-25,2026-06-12,17,call,795.0,0.135,0.13,0.14,745.6400146484375,68,215,0.1289149609375,0.04,0.013
SPY,2026-05-25,2026-06-12,17,call,800.0,0.095,0.09,0.1,745.6400146484375,410,1161,0.1333094482421875,0.04,0.013
SPY,2026-05-25,2026-06-12,17,call,805.0,0.07500000000000001,0.07,0.08,745.6400146484375,75,364,0.13916876464843753,0.04,0.013
SPY,2026-05-25,2026-06-12,17,call,810.0,0.055,0.05,0.06,745.6400146484375,41,2607,0.14405152832031248,0.04,0.013
SPY,2026-05-25,2026-06-12,17,call,815.0,0.045,0.04,0.05,745.6400146484375,234,372,0.15039912109375003,0.04,0.013
SPY,2026-05-25,2026-06-12,17,call,820.0,0.04,0.03,0.05,745.6400146484375,52,287,0.159188095703125,0.04,0.013
SPY,2026-05-25,2026-06-12,17,call,825.0,0.035,0.03,0.04,745.6400146484375,1,170,0.16407085937500002,0.04,0.013
SPY,2026-05-25,2026-06-12,17,call,830.0,0.035,0.03,0.04,745.6400146484375,10,173,0.17285983398437502,0.04,0.013
SPY,2026-05-25,2026-06-12,17,call,835.0,0.025,0.02,0.03,745.6400146484375,3,436,0.1757894921875,0.04,0.013
SPY,2026-05-25,2026-06-12,17,call,840.0,0.025,0.02,0.03,745.6400146484375,3,70,0.18457846679687498,0.04,0.013
SPY,2026-05-25,2026-06-12,17,call,845.0,0.025,0.02,0.03,745.6400146484375,65,446,0.19336744140625,0.04,0.013
SPY,2026-05-25,2026-06-12,17,call,850.0,0.02,0.01,0.03,745.6400146484375,62,183,0.20117986328124998,0.04,0.013
SPY,2026-05-25,2026-06-12,17,call,855.0,0.02,0.01,0.03,745.6400146484375,293,173,0.20899228515624996,0.04,0.013
SPY,2026-05-25,2026-06-12,17,call,860.0,0.015,0.01,0.02,745.6400146484375,200,512,0.20899228515624996,0.04,0.013
SPY,2026-05-25,2026-06-12,17,call,865.0,0.015,0.01,0.02,745.6400146484375,1,63,0.21680470703125,0.04,0.013
SPY,2026-05-25,2026-06-12,17,call,870.0,0.015,0.01,0.02,745.6400146484375,16,5996,0.22461712890624996,0.04,0.013
SPY,2026-05-25,2026-06-12,17,call,875.0,0.015,0.01,0.02,745.6400146484375,6,199,0.23242955078125,0.04,0.013
SPY,2026-05-25,2026-06-12,17,call,880.0,0.015,0.01,0.02,745.6400146484375,86,1397,0.23828886718749998,0.04,0.013
SPY,2026-05-25,2026-06-12,17,call,885.0,0.015,0.01,0.02,745.6400146484375,94,1543,0.2461012890625,0.04,0.013
SPY,2026-05-25,2026-06-12,17,call,890.0,0.015,0.01,0.02,745.6400146484375,1000,1019,0.25391371093750004,0.04,0.013
SPY,2026-05-25,2026-06-12,17,call,895.0,0.015,0.01,0.02,745.6400146484375,128,200,0.2617261328125,0.04,0.013
SPY,2026-05-25,2026-06-18,23,call,245.0,501.44500000000005,499.85,503.04,745.6400146484375,3,27,1.8330086474609373,0.04,0.013
SPY,2026-05-25,2026-06-18,23,call,250.0,496.45500000000004,494.86,498.05,745.6400146484375,2,45,1.804200197753906,0.04,0.013
SPY,2026-05-25,2026-06-18,23,call,255.0,491.47,489.88,493.06,745.6400146484375,3,25,1.7778331420898437,0.04,0.013
SPY,2026-05-25,2026-06-18,23,call,260.0,486.485,484.89,488.08,745.6400146484375,1,11,1.7514660864257814,0.04,0.013
SPY,2026-05-25,2026-06-18,23,call,265.0,377.97,0.0,0.0,745.6400146484375,1,0,1.0000000000000003e-05,0.04,0.013
SPY,2026-05-25,2026-06-18,23,call,270.0,374.85,0.0,0.0,745.6400146484375,1,0,1.0000000000000003e-05,0.04,0.013
SPY,2026-05-25,2026-06-18,23,call,275.0,471.525,469.93,473.12,745.6400146484375,1,13,1.673829755859375,0.04,0.013
SPY,2026-05-25,2026-06-18,23,call,280.0,458.855,457.45,460.26,745.6400146484375,1,11,1.0000000000000003e-05,0.04,0.013
SPY,2026-05-25,2026-06-18,23,call,285.0,359.65,0.0,0.0,745.6400146484375,1,0,1.0000000000000003e-05,0.04,0.013
SPY,2026-05-25,2026-06-18,23,call,290.0,370.6,0.0,0.0,745.6400146484375,2,0,1.0000000000000003e-05,0.04,0.013
SPY,2026-05-25,2026-06-18,23,call,295.0,451.57500000000005,449.98,453.17,745.6400146484375,1,392,1.575685715332031,0.04,0.013
SPY,2026-05-25,2026-06-18,23,call,300.0,446.58500000000004,444.99,448.18,745.6400146484375,1,473,1.5512717749023435,0.04,0.013
SPY,2026-05-25,2026-06-18,23,call,305.0,433.95000000000005,432.54,435.36,745.6400146484375,4,550,1.0000000000000003e-05,0.04,0.013
SPY,2026-05-25,2026-06-18,23,call,310.0,436.615,435.02,438.21,745.6400146484375,1,96,1.505861845703125,0.04,0.013
SPY,2026-05-25,2026-06-18,23,call,315.0,344.65,0.0,0.0,745.6400146484375,1,0,1.0000000000000003e-05,0.04,0.013
SPY,2026-05-25,2026-06-18,23,call,320.0,426.645,425.05,428.24,745.6400146484375,1,27,1.4614284741210937,0.04,0.013
SPY,2026-05-25,2026-06-18,23,call,325.0,318.2,0.0,0.0,745.6400146484375,1,0,1.0000000000000003e-05,0.04,0.013
SPY,2026-05-25,2026-06-18,23,call,330.0,320.24,0.0,0.0,745.6400146484375,3,0,1.0000000000000003e-05,0.04,0.013
SPY,2026-05-25,2026-06-18,23,call,335.0,322.43,0.0,0.0,745.6400146484375,6,0,1.0000000000000003e-05,0.04,0.013
SPY,2026-05-25,2026-06-18,23,call,340.0,312.9,0.0,0.0,745.6400146484375,1,0,1.0000000000000003e-05,0.04,0.013
SPY,2026-05-25,2026-06-18,23,call,345.0,401.70500000000004,400.11,403.3,745.6400146484375,1,155,1.3530305786132812,0.04,0.013
SPY,2026-05-25,2026-06-18,23,call,350.0,396.725,395.13,398.32,745.6400146484375,2,167,1.333499426269531,0.04,0.013
SPY,2026-05-25,2026-06-18,23,call,355.0,391.735,390.14,393.33,745.6400146484375,19,374,1.3122592980957029,0.04,0.013
SPY,2026-05-25,2026-06-18,23,call,360.0,386.745,385.15,388.34,745.6400146484375,2,129,1.2915074487304685,0.04,0.013
SPY,2026-05-25,2026-06-18,23,call,365.0,381.765,380.17,383.36,745.6400146484375,19,128,1.272464575195312,0.04,0.013
SPY,2026-05-25,2026-06-18,23,call,370.0,376.775,375.18,378.37,745.6400146484375,13,127,1.2519568652343749,0.04,0.013
SPY,2026-05-25,2026-06-18,23,call,375.0,364.22,362.81,365.63,745.6400146484375,1,201,1.0000000000000003e-05,0.04,0.013
SPY,2026-05-25,2026-06-18,23,call,380.0,366.79499999999996,365.21,368.38,745.6400146484375,1,139,1.2119180029296874,0.04,0.013
SPY,2026-05-25,2026-06-18,23,call,385.0,259.03,0.0,0.0,745.6400146484375,1,0,1.0000000000000003e-05,0.04,0.013
SPY,2026-05-25,2026-06-18,23,call,390.0,356.83000000000004,355.23,358.43,745.6400146484375,6,180,1.175052952880859,0.04,0.013
SPY,2026-05-25,2026-06-18,23,call,395.0,351.845,350.25,353.44,745.6400146484375,6,153,1.15625421875,0.04,0.013
SPY,2026-05-25,2026-06-18,23,call,400.0,346.855,345.26,348.45,745.6400146484375,6,540,1.137211345214844,0.04,0.013
SPY,2026-05-25,2026-06-18,23,call,405.0,341.865,340.28,343.45,745.6400146484375,9,158,1.1181684716796876,0.04,0.013
SPY,2026-05-25,2026-06-18,23,call,410.0,336.885,335.29,338.48,745.6400146484375,9,89,1.1008345739746095,0.04,0.013
SPY,2026-05-25,2026-06-18,23,call,415.0,331.905,330.31,333.5,745.6400146484375,1,183,1.0835006762695314,0.04,0.013
SPY,2026-05-25,2026-06-18,23,call,420.0,326.91499999999996,325.32,328.51,745.6400146484375,4,111,1.0649460815429688,0.04,0.013
SPY,2026-05-25,2026-06-18,23,call,425.0,321.92999999999995,320.33,323.53,745.6400146484375,3,182,1.0473680444335938,0.04,0.013
SPY,2026-05-25,2026-06-18,23,call,430.0,316.94500000000005,315.35,318.54,745.6400146484375,1,713,1.0297900073242188,0.04,0.013
SPY,2026-05-25,2026-06-18,23,call,435.0,311.96000000000004,310.36,313.56,745.6400146484375,3,103,1.0124561096191407,0.04,0.013
SPY,2026-05-25,2026-06-18,23,call,440.0,306.975,305.38,308.57,745.6400146484375,1,406,0.9951172363281251,0.04,0.013
SPY,2026-05-25,2026-06-18,23,call,445.0,301.99,300.39,303.59,745.6400146484375,4,21,0.9780275634765626,0.04,0.013
SPY,2026-05-25,2026-06-18,23,call,450.0,297.005,295.41,298.6,745.6400146484375,7,208,0.9609378906249999,0.04,0.013
SPY,2026-05-25,2026-06-18,23,call,455.0,292.02,290.42,293.62,745.6400146484375,1,24,0.9440923559570311,0.04,0.013
SPY,2026-05-25,2026-06-18,23,call,460.0,287.03499999999997,285.44,288.63,745.6400146484375,1,73,0.9273688903808592,0.04,0.013
SPY,2026-05-25,2026-06-18,23,call,465.0,282.04999999999995,280.45,283.65,745.6400146484375,2,27,0.9106454248046875,0.04,0.013
SPY,2026-05-25,2026-06-18,23,call,470.0,277.06500000000005,275.47,278.66,745.6400146484375,2,92,0.8941660974121093,0.04,0.013
SPY,2026-05-25,2026-06-18,23,call,475.0,272.08500000000004,270.49,273.68,745.6400146484375,2,113,0.8781750463867187,0.04,0.013
SPY,2026-05-25,2026-06-18,23,call,480.0,267.095,265.5,268.69,745.6400146484375,1,208,0.86132951171875,0.04,0.013
SPY,2026-05-25,2026-06-18,23,call,485.0,262.115,260.52,263.71,745.6400146484375,2,142,0.8457046679687499,0.04,0.013
SPY,2026-05-25,2026-06-18,23,call,490.0,257.13,255.53,258.73,745.6400146484375,8,364,0.8295915478515624,0.04,0.013
SPY,2026-05-25,2026-06-18,23,call,495.0,252.145,250.55,253.74,745.6400146484375,1,97,0.813478427734375,0.04,0.013
SPY,2026-05-25,2026-06-18,23,call,500.0,247.18,245.6,248.76,745.6400146484375,16,1114,0.7993184130859375,0.04,0.013
SPY,2026-05-25,2026-06-18,23,call,505.0,242.18,240.58,243.78,745.6400146484375,2,137,0.7821066711425781,0.04,0.013
SPY,2026-05-25,2026-06-18,23,call,510.0,237.195,235.6,238.79,745.6400146484375,9,433,0.7663597583007813,0.04,0.013
SPY,2026-05-25,2026-06-18,23,call,515.0,232.215,230.62,233.81,745.6400146484375,2,540,0.7511011218261718,0.04,0.013
SPY,2026-05-25,2026-06-18,23,call,520.0,227.235,225.64,228.83,745.6400146484375,6,3966,0.7358424853515625,0.04,0.013
SPY,2026-05-25,2026-06-18,23,call,525.0,222.25,220.65,223.85,745.6400146484375,14,341,0.7203397106933593,0.04,0.013
SPY,2026-05-25,2026-06-18,23,call,530.0,217.26999999999998,215.67,218.87,745.6400146484375,1,376,0.705203143310547,0.04,0.013
SPY,2026-05-25,2026-06-18,23,call,535.0,212.275,210.69,213.86,745.6400146484375,1,525,0.6889679541015626,0.04,0.013
SPY,2026-05-25,2026-06-18,23,call,540.0,207.29500000000002,205.71,208.88,745.6400146484375,7,2208,0.674075524902344,0.04,0.013
SPY,2026-05-25,2026-06-18,23,call,545.0,202.315,200.73,203.9,745.6400146484375,15,507,0.659183095703125,0.04,0.013
SPY,2026-05-25,2026-06-18,23,call,550.0,197.35,195.75,198.95,745.6400146484375,9,11089,0.645389288330078,0.04,0.013
SPY,2026-05-25,2026-06-18,23,call,555.0,192.375,190.78,193.97,745.6400146484375,1,365,0.63086306640625,0.04,0.013
SPY,2026-05-25,2026-06-18,23,call,560.0,187.395,185.8,188.99,745.6400146484375,9,1727,0.6160927062988282,0.04,0.013
SPY,2026-05-25,2026-06-18,23,call,565.0,182.405,180.82,183.99,745.6400146484375,5,647,0.6005899316406251,0.04,0.013
SPY,2026-05-25,2026-06-18,23,call,570.0,177.445,175.85,179.04,745.6400146484375,3,5122,0.5871623315429688,0.04,0.013
SPY,2026-05-25,2026-06-18,23,call,575.0,172.45499999999998,170.87,174.04,745.6400146484375,1,3065,0.5717816259765626,0.04,0.013
SPY,2026-05-25,2026-06-18,23,call,580.0,167.495,165.9,169.09,745.6400146484375,2,1875,0.5583540258789064,0.04,0.013
SPY,2026-05-25,2026-06-18,23,call,585.0,162.51999999999998,160.92,164.12,745.6400146484375,2,407,0.543949873046875,0.04,0.013
SPY,2026-05-25,2026-06-18,23,call,590.0,157.55,155.95,159.15,745.6400146484375,7,1749,0.5297898583984376,0.04,0.013
SPY,2026-05-25,2026-06-18,23,call,595.0,152.57999999999998,150.98,154.18,745.6400146484375,9,1698,0.5157519128417969,0.04,0.013
SPY,2026-05-25,2026-06-18,23,call,600.0,147.615,146.02,149.21,745.6400146484375,51,5049,0.5018360363769532,0.04,0.013
SPY,2026-05-25,2026-06-18,23,call,605.0,142.65,141.05,144.25,745.6400146484375,3,2689,0.5570112658691408,0.04,0.013
SPY,2026-05-25,2026-06-18,23,call,610.0,137.68,136.08,139.28,745.6400146484375,1,1527,0.5408981457519533,0.04,0.013
SPY,2026-05-25,2026-06-18,23,call,615.0,132.72,131.12,134.32,745.6400146484375,2,2307,0.5251512329101562,0.04,0.013
SPY,2026-05-25,2026-06-18,23,call,620.0,127.76500000000001,126.17,129.36,745.6400146484375,15,4744,0.5094043200683593,0.04,0.013
SPY,2026-05-25,2026-06-18,23,call,625.0,122.80000000000001,121.2,124.4,745.6400146484375,12,1728,0.4936574072265626,0.04,0.013
SPY,2026-05-25,2026-06-18,23,call,630.0,117.85,116.25,119.45,745.6400146484375,63,3043,0.4781546325683594,0.04,0.013
SPY,2026-05-25,2026-06-18,23,call,635.0,112.89,111.29,114.49,745.6400146484375,7,3911,0.4622856506347657,0.04,0.013
SPY,2026-05-25,2026-06-18,23,call,640.0,107.94999999999999,106.35,109.55,745.6400146484375,6,3326,0.4470270141601562,0.04,0.013
SPY,2026-05-25,2026-06-18,23,call,645.0,103.005,101.4,104.61,745.6400146484375,3,2586,0.43164630859375,0.04,0.013
SPY,2026-05-25,2026-06-18,23,call,650.0,98.08500000000001,96.5,99.67,745.6400146484375,1832,6513,0.41620456848144527,0.04,0.013
SPY,2026-05-25,2026-06-18,23,call,655.0,93.13499999999999,91.53,94.74,745.6400146484375,12,4256,0.4009459320068359,0.04,0.013
SPY,2026-05-25,2026-06-18,23,call,660.0,88.13499999999999,86.61,89.66,745.6400146484375,31,13593,0.3814148773193359,0.04,0.013
SPY,2026-05-25,2026-06-18,23,call,661.0,87.235,85.63,88.84,745.6400146484375,1,8,0.3828491891479492,0.04,0.013
SPY,2026-05-25,2026-06-18,23,call,662.0,86.255,84.65,87.86,745.6400146484375,1,19,0.379889013671875,0.04,0.013
SPY,2026-05-25,2026-06-18,23,call,663.0,85.27,83.66,86.88,745.6400146484375,3,3,0.37695935546875,0.04,0.013
SPY,2026-05-25,2026-06-18,23,call,664.0,84.29,82.68,85.9,745.6400146484375,20,16,0.3739686627197265,0.04,0.013
SPY,2026-05-25,2026-06-18,23,call,665.0,83.31,81.7,84.92,745.6400146484375,31,13615,0.37103900451660154,0.04,0.013
SPY,2026-05-25,2026-06-18,23,call,666.0,82.33,80.72,83.94,745.6400146484375,60,34,0.36804831176757813,0.04,0.013
SPY,2026-05-25,2026-06-18,23,call,667.0,81.35,79.74,82.96,745.6400146484375,31,43,0.3650576190185547,0.04,0.013
SPY,2026-05-25,2026-06-18,23,call,668.0,80.355,78.76,81.95,745.6400146484375,1,5,0.3612734771728515,0.04,0.013
SPY,2026-05-25,2026-06-18,23,call,669.0,79.39,77.78,81.0,745.6400146484375,2,2,0.3590151989746094,0.04,0.013
SPY,2026-05-25,2026-06-18,23,call,670.0,78.395,76.8,79.99,745.6400146484375,1859,21808,0.3552920916748046,0.04,0.013
SPY,2026-05-25,2026-06-18,23,call,671.0,77.435,75.83,79.04,745.6400146484375,10,275,0.35300329620361326,0.04,0.013
SPY,2026-05-25,2026-06-18,23,call,672.0,76.445,74.85,78.04,745.6400146484375,1,13,0.3494938098144531,0.04,0.013
SPY,2026-05-25,2026-06-18,23,call,673.0,75.48,73.87,77.09,745.6400146484375,1,266,0.34717449707031245,0.04,0.013
SPY,2026-05-25,2026-06-18,23,call,674.0,74.51,72.9,76.12,745.6400146484375,1,3,0.3443669079589844,0.04,0.013
SPY,2026-05-25,2026-06-18,23,call,675.0,73.535,71.92,75.15,745.6400146484375,44,18847,0.341528801574707,0.04,0.013
SPY,2026-05-25,2026-06-18,23,call,676.0,72.56,70.95,74.17,745.6400146484375,1,42,0.3384465570068359,0.04,0.013
SPY,2026-05-25,2026-06-18,23,call,677.0,71.575,69.98,73.17,745.6400146484375,2,5,0.3349065533447265,0.04,0.013
SPY,2026-05-25,2026-06-18,23,call,678.0,70.62,69.01,72.23,745.6400146484375,12,18,0.3327398269653321,0.04,0.013
SPY,2026-05-25,2026-06-18,23,call,679.0,69.635,68.04,71.23,745.6400146484375,1,8,0.3291693060302734,0.04,0.013
SPY,2026-05-25,2026-06-18,23,call,680.0,68.68,67.07,70.29,745.6400146484375,109,16298,0.32697206237792964,0.04,0.013
SPY,2026-05-25,2026-06-18,23,call,681.0,67.715,66.1,69.33,745.6400146484375,123,172,0.3242865423583984,0.04,0.013
SPY,2026-05-25,2026-06-18,23,call,682.0,66.745,65.13,68.36,745.6400146484375,2,15,0.3213568841552734,0.04,0.013
SPY,2026-05-25,2026-06-18,23,call,683.0,65.78,64.17,67.39,745.6400146484375,4,29,0.31842722595214834,0.04,0.013
SPY,2026-05-25,2026-06-18,23,call,684.0,64.815,63.2,66.43,745.6400146484375,1,9,0.31571118865966785,0.04,0.013
SPY,2026-05-25,2026-06-18,23,call,685.0,63.855000000000004,62.24,65.47,745.6400146484375,34,15374,0.31296463409423825,0.04,0.013
SPY,2026-05-25,2026-06-18,23,call,686.0,62.885000000000005,61.27,64.5,745.6400146484375,1,51,0.31000445861816406,0.04,0.013
SPY,2026-05-25,2026-06-18,23,call,687.0,61.91,60.31,63.51,745.6400146484375,1,17,0.30655600677490236,0.04,0.013
SPY,2026-05-25,2026-06-18,23,call,688.0,60.97,59.35,62.59,745.6400146484375,2,27,0.30463341857910153,0.04,0.013
SPY,2026-05-25,2026-06-18,23,call,689.0,60.010000000000005,58.39,61.63,745.6400146484375,2,8,0.30179531219482425,0.04,0.013
SPY,2026-05-25,2026-06-18,23,call,690.0,59.055,57.44,60.67,745.6400146484375,149,15990,0.29895720581054686,0.04,0.013
SPY,2026-05-25,2026-06-18,23,call,691.0,58.099999999999994,56.48,59.72,745.6400146484375,2,14,0.2963022030639648,0.04,0.013
SPY,2026-05-25,2026-06-18,23,call,692.0,57.150000000000006,55.53,58.77,745.6400146484375,2,39,0.29361668304443356,0.04,0.013
SPY,2026-05-25,2026-06-18,23,call,693.0,56.2,54.58,57.82,745.6400146484375,6,69,0.2909311630249023,0.04,0.013
SPY,2026-05-25,2026-06-18,23,call,694.0,55.25,53.63,56.87,745.6400146484375,8,46,0.2882151257324218,0.04,0.013
SPY,2026-05-25,2026-06-18,23,call,695.0,54.3,52.68,55.92,745.6400146484375,206,24899,0.2854685711669921,0.04,0.013
SPY,2026-05-25,2026-06-18,23,call,696.0,53.36,51.73,54.99,745.6400146484375,2,38,0.2830882238769531,0.04,0.013
SPY,2026-05-25,2026-06-18,23,call,697.0,52.415,50.79,54.04,745.6400146484375,2,44,0.2802806347656249,0.04,0.013
SPY,2026-05-25,2026-06-18,23,call,698.0,51.47,49.85,53.09,745.6400146484375,1,23,0.27744252838134764,0.04,0.013
SPY,2026-05-25,2026-06-18,23,call,699.0,50.535,48.91,52.16,745.6400146484375,4,87,0.27497062927246096,0.04,0.013
SPY,2026-05-25,2026-06-18,23,call,700.0,49.66,48.1,51.22,745.6400146484375,211,29553,0.2722851092529296,0.04,0.013
SPY,2026-05-25,2026-06-18,23,call,701.0,48.665,47.04,50.29,745.6400146484375,1,81,0.26978269287109374,0.04,0.013
SPY,2026-05-25,2026-06-18,23,call,702.0,47.730000000000004,46.1,49.36,745.6400146484375,1,36,0.2672192419433594,0.04,0.013
SPY,2026-05-25,2026-06-18,23,call,703.0,46.805,45.18,48.43,745.6400146484375,1,20,0.2645947564697265,0.04,0.013
SPY,2026-05-25,2026-06-18,23,call,704.0,45.879999999999995,44.25,47.51,745.6400146484375,1,34,0.26215337463378907,0.04,0.013
SPY,2026-05-25,2026-06-18,23,call,705.0,44.94,43.33,46.55,745.6400146484375,59,15282,0.2589490609741212,0.04,0.013
SPY,2026-05-25,2026-06-18,23,call,706.0,44.03,42.4,45.66,745.6400146484375,1,45,0.2569654382324219,0.04,0.013
SPY,2026-05-25,2026-06-18,23,call,707.0,43.120000000000005,41.49,44.75,745.6400146484375,50,147,0.2545850909423829,0.04,0.013
SPY,2026-05-25,2026-06-18,23,call,708.0,42.2,40.57,43.83,745.6400146484375,1,47,0.25196060546875,0.04,0.013
SPY,2026-05-25,2026-06-18,23,call,709.0,41.29,39.66,42.92,745.6400146484375,10,184,0.24951922363281248,0.04,0.013
SPY,2026-05-25,2026-06-18,23,call,710.0,40.385000000000005,38.75,42.02,745.6400146484375,78,33957,0.24716939361572265,0.04,0.013
SPY,2026-05-25,2026-06-18,23,call,711.0,39.485,37.85,41.12,745.6400146484375,6,985,0.2447890463256836,0.04,0.013
SPY,2026-05-25,2026-06-18,23,call,712.0,38.585,36.95,40.22,745.6400146484375,15,194,0.2423476644897461,0.04,0.013
SPY,2026-05-25,2026-06-18,23,call,713.0,37.69,36.05,39.33,745.6400146484375,5,1347,0.24002835174560544,0.04,0.013
SPY,2026-05-25,2026-06-18,23,call,714.0,36.8,35.16,38.44,745.6400146484375,1,1662,0.2376480044555664,0.04,0.013
SPY,2026-05-25,2026-06-18,23,call,715.0,36.16,34.77,37.55,745.6400146484375,322,37844,0.2352371398925781,0.04,0.013
SPY,2026-05-25,2026-06-18,23,call,716.0,35.03,33.39,36.67,745.6400146484375,1,1074,0.2329178271484375,0.04,0.013
SPY,2026-05-25,2026-06-18,23,call,717.0,34.15,32.51,35.79,745.6400146484375,3,2079,0.23053747985839845,0.04,0.013
SPY,2026-05-25,2026-06-18,23,call,718.0,33.28,31.64,34.92,745.6400146484375,14,674,0.22827920166015625,0.04,0.013
SPY,2026-05-25,2026-06-18,23,call,719.0,32.41,30.77,34.05,745.6400146484375,1,378,0.22595988891601562,0.04,0.013
SPY,2026-05-25,2026-06-18,23,call,720.0,30.799999999999997,29.9,31.7,745.6400146484375,105,15623,0.2005695178222656,0.04,0.013
SPY,2026-05-25,2026-06-18,23,call,721.0,30.695,29.05,32.34,745.6400146484375,2,3367,0.2215654016113281,0.04,0.013
SPY,2026-05-25,2026-06-18,23,call,722.0,29.84,28.19,31.49,745.6400146484375,12,4636,0.21933764068603517,0.04,0.013
SPY,2026-05-25,2026-06-18,23,call,723.0,28.995,27.35,30.64,745.6400146484375,29,566,0.21704884521484374,0.04,0.013
SPY,2026-05-25,2026-06-18,23,call,724.0,28.835,27.94,29.73,745.6400146484375,60,8497,0.2138445315551758,0.04,0.013
SPY,2026-05-25,2026-06-18,23,call,725.0,27.39,25.94,28.84,745.6400146484375,79,34010,0.2108233215332031,0.04,0.013
SPY,2026-05-25,2026-06-18,23,call,726.0,26.494999999999997,24.84,28.15,745.6400146484375,14,446,0.2106402178955078,0.04,0.013
SPY,2026-05-25,2026-06-18,23,call,727.0,25.68,24.02,27.34,745.6400146484375,6,341,0.20862607788085932,0.04,0.013
SPY,2026-05-25,2026-06-18,23,call,728.0,24.87,23.21,26.53,745.6400146484375,5,993,0.20655090332031245,0.04,0.013
SPY,2026-05-25,2026-06-18,23,call,729.0,24.064999999999998,22.4,25.73,745.6400146484375,2,775,0.20450624603271478,0.04,0.013
SPY,2026-05-25,2026-06-18,23,call,730.0,23.155,21.61,24.7,745.6400146484375,318,17053,0.1992267578125,0.04,0.013
SPY,2026-05-25,2026-06-18,23,call,731.0,22.555,21.29,23.82,745.6400146484375,27,1527,0.1959614096069336,0.04,0.013
SPY,2026-05-25,2026-06-18,23,call,732.0,21.71,20.04,23.38,745.6400146484375,14,3145,0.19855537780761717,0.04,0.013
SPY,2026-05-25,2026-06-18,23,call,733.0,20.990000000000002,19.79,22.19,745.6400146484375,58,2857,0.1909260595703125,0.04,0.013
SPY,2026-05-25,2026-06-18,23,call,734.0,20.19,18.51,21.87,745.6400146484375,45,9805,0.19489330505371094,0.04,0.013
SPY,2026-05-25,2026-06-18,23,call,735.0,18.875,17.76,19.99,745.6400146484375,182,17115,0.17800199447631837,0.04,0.013
SPY,2026-05-25,2026-06-18,23,call,736.0,18.28,17.02,19.54,745.6400146484375,18,1991,0.18003139312744143,0.04,0.013
SPY,2026-05-25,2026-06-18,23,call,737.0,18.125,17.64,18.61,745.6400146484375,88,2127,0.1756063885498047,0.04,0.013
SPY,2026-05-25,2026-06-18,23,call,738.0,17.18,16.36,18.0,745.6400146484375,189,2083,0.17527069854736327,0.04,0.013
SPY,2026-05-25,2026-06-18,23,call,739.0,16.615000000000002,16.13,17.1,745.6400146484375,100,2131,0.17105931488037113,0.04,0.013
SPY,2026-05-25,2026-06-18,23,call,740.0,15.875,15.5,16.25,745.6400146484375,1042,34623,0.16736672485351564,0.04,0.013
SPY,2026-05-25,2026-06-18,23,call,741.0,15.53,14.75,16.31,745.6400146484375,356,2212,0.17517914672851562,0.04,0.013
SPY,2026-05-25,2026-06-18,23,call,742.0,14.4,13.92,14.88,745.6400146484375,831,3136,0.16385723846435551,0.04,0.013
SPY,2026-05-25,2026-06-18,23,call,743.0,13.65,13.17,14.13,745.6400146484375,165,1747,0.16106490798950196,0.04,0.013
SPY,2026-05-25,2026-06-18,23,call,744.0,13.3,13.27,13.33,745.6400146484375,102,2055,0.15750964569091797,0.04,0.013
SPY,2026-05-25,2026-06-18,23,call,745.0,12.68,12.65,12.71,745.6400146484375,1434,20721,0.1560753338623047,0.04,0.013
SPY,2026-05-25,2026-06-18,23,call,746.0,12.07,12.04,12.1,745.6400146484375,840,1750,0.15461050476074223,0.04,0.013
SPY,2026-05-25,2026-06-18,23,call,747.0,11.48,11.45,11.51,745.6400146484375,1661,2863,0.15323722747802737,0.04,0.013
SPY,2026-05-25,2026-06-18,23,call,748.0,10.899999999999999,10.87,10.93,745.6400146484375,1674,2408,0.15180291564941406,0.04,0.013
SPY,2026-05-25,2026-06-18,23,call,749.0,10.350000000000001,10.32,10.38,745.6400146484375,463,2127,0.15061274200439456,0.04,0.013
SPY,2026-05-25,2026-06-18,23,call,750.0,9.8,9.78,9.82,745.6400146484375,3175,24179,0.14908687835693357,0.04,0.013
SPY,2026-05-25,2026-06-18,23,call,751.0,9.280000000000001,9.25,9.31,745.6400146484375,275,4873,0.1480492910766602,0.04,0.013
SPY,2026-05-25,2026-06-18,23,call,752.0,8.775,8.75,8.8,745.6400146484375,265,1099,0.1467980828857422,0.04,0.013
SPY,2026-05-25,2026-06-18,23,call,753.0,8.285,8.26,8.31,745.6400146484375,138,771,0.14563842651367187,0.04,0.013
SPY,2026-05-25,2026-06-18,23,call,754.0,7.8149999999999995,7.79,7.84,745.6400146484375,88,1069,0.1445398046875,0.04,0.013
SPY,2026-05-25,2026-06-18,23,call,755.0,7.359999999999999,7.33,7.39,745.6400146484375,1062,13390,0.1435327346801758,0.04,0.013
SPY,2026-05-25,2026-06-18,23,call,756.0,6.925000000000001,6.9,6.95,745.6400146484375,130,824,0.14243411285400392,0.04,0.013
SPY,2026-05-25,2026-06-18,23,call,757.0,6.505000000000001,6.48,6.53,745.6400146484375,128,900,0.1414270428466797,0.04,0.013
SPY,2026-05-25,2026-06-18,23,call,758.0,6.105,6.08,6.13,745.6400146484375,4736,933,0.14048100738525393,0.04,0.013
SPY,2026-05-25,2026-06-18,23,call,759.0,5.725,5.7,5.75,745.6400146484375,339,1195,0.13959600646972659,0.04,0.013
SPY,2026-05-25,2026-06-18,23,call,760.0,5.35,5.33,5.37,745.6400146484375,2775,15248,0.13852790191650394,0.04,0.013
SPY,2026-05-25,2026-06-18,23,call,761.0,5.005000000000001,4.98,5.03,745.6400146484375,620,781,0.13779548736572267,0.04,0.013
SPY,2026-05-25,2026-06-18,23,call,762.0,4.675000000000001,4.65,4.7,745.6400146484375,186,1859,0.13703255554199223,0.04,0.013
SPY,2026-05-25,2026-06-18,23,call,763.0,4.359999999999999,4.34,4.38,745.6400146484375,212,1387,0.13617807189941405,0.04,0.013
SPY,2026-05-25,2026-06-18,23,call,764.0,4.0600000000000005,4.04,4.08,745.6400146484375,316,881,0.13541514007568362,0.04,0.013
SPY,2026-05-25,2026-06-18,23,call,765.0,3.775,3.75,3.8,745.6400146484375,22617,13257,0.13477427734375003,0.04,0.013
SPY,2026-05-25,2026-06-18,23,call,766.0,3.51,3.49,3.53,745.6400146484375,447,1599,0.13407238006591798,0.04,0.013
SPY,2026-05-25,2026-06-18,23,call,767.0,3.255,3.23,3.28,745.6400146484375,370,1450,0.13346203460693357,0.04,0.013
SPY,2026-05-25,2026-06-18,23,call,768.0,3.015,2.99,3.04,745.6400146484375,223,853,0.132821171875,0.04,0.013
SPY,2026-05-25,2026-06-18,23,call,769.0,2.79,2.77,2.81,745.6400146484375,590,519,0.13214979187011722,0.04,0.013
SPY,2026-05-25,2026-06-18,23,call,770.0,2.58,2.56,2.6,745.6400146484375,1666,16708,0.13160048095703125,0.04,0.013
SPY,2026-05-25,2026-06-18,23,call,771.0,2.38,2.36,2.4,745.6400146484375,987,641,0.1310511700439453,0.04,0.013
SPY,2026-05-25,2026-06-18,23,call,772.0,2.1950000000000003,2.18,2.21,745.6400146484375,2581,1554,0.13044082458496092,0.04,0.013
SPY,2026-05-25,2026-06-18,23,call,773.0,2.02,2.0,2.04,745.6400146484375,216,1064,0.13001358276367186,0.04,0.013
SPY,2026-05-25,2026-06-18,23,call,774.0,1.8599999999999999,1.84,1.88,745.6400146484375,818,715,0.12961685821533203,0.04,0.013
SPY,2026-05-25,2026-06-18,23,call,775.0,1.71,1.69,1.73,745.6400146484375,18120,26221,0.1292201336669922,0.04,0.013
SPY,2026-05-25,2026-06-18,23,call,776.0,1.565,1.55,1.58,745.6400146484375,277,1107,0.12857927093505855,0.04,0.013
SPY,2026-05-25,2026-06-18,23,call,777.0,1.435,1.42,1.45,745.6400146484375,428,800,0.12821306365966795,0.04,0.013
SPY,2026-05-25,2026-06-18,23,call,778.0,1.315,1.3,1.33,745.6400146484375,433,1728,0.12787737365722657,0.04,0.013
SPY,2026-05-25,2026-06-18,23,call,779.0,1.205,1.19,1.22,745.6400146484375,301,385,0.1276332354736328,0.04,0.013
SPY,2026-05-25,2026-06-18,23,call,780.0,1.105,1.09,1.12,745.6400146484375,1690,12794,0.12738909729003906,0.04,0.013
SPY,2026-05-25,2026-06-18,23,call,781.0,1.005,0.99,1.02,745.6400146484375,365,1271,0.12702289001464845,0.04,0.013
SPY,2026-05-25,2026-06-18,23,call,782.0,0.92,0.91,0.93,745.6400146484375,472,553,0.1266566827392578,0.04,0.013
SPY,2026-05-25,2026-06-18,23,call,783.0,0.84,0.83,0.85,745.6400146484375,521,711,0.12647357910156248,0.04,0.013
SPY,2026-05-25,2026-06-18,23,call,784.0,0.765,0.75,0.78,745.6400146484375,229,2603,0.12647357910156248,0.04,0.013
SPY,2026-05-25,2026-06-18,23,call,785.0,0.7,0.69,0.71,745.6400146484375,234,7016,0.12622944091796873,0.04,0.013
SPY,2026-05-25,2026-06-18,23,call,786.0,0.64,0.63,0.65,745.6400146484375,85,673,0.1261684063720703,0.04,0.013
SPY,2026-05-25,2026-06-18,23,call,787.0,0.585,0.57,0.6,745.6400146484375,114,473,0.1263515100097656,0.04,0.013
SPY,2026-05-25,2026-06-18,23,call,788.0,0.535,0.52,0.55,745.6400146484375,7,129,0.12641254455566403,0.04,0.013
SPY,2026-05-25,2026-06-18,23,call,789.0,0.49,0.48,0.5,745.6400146484375,6,228,0.12622944091796873,0.04,0.013
SPY,2026-05-25,2026-06-18,23,call,790.0,0.45,0.44,0.46,745.6400146484375,536,10342,0.12647357910156248,0.04,0.013
SPY,2026-05-25,2026-06-18,23,call,791.0,0.41000000000000003,0.4,0.42,745.6400146484375,8,340,0.12647357910156248,0.04,0.013
SPY,2026-05-25,2026-06-18,23,call,792.0,0.38,0.37,0.39,745.6400146484375,2,255,0.12696185546875,0.04,0.013
SPY,2026-05-25,2026-06-18,23,call,793.0,0.35,0.34,0.36,745.6400146484375,3,532,0.12720599365234375,0.04,0.013
SPY,2026-05-25,2026-06-18,23,call,794.0,0.32,0.31,0.33,745.6400146484375,1,141,0.12732806274414063,0.04,0.013
SPY,2026-05-25,2026-06-18,23,call,795.0,0.295,0.29,0.3,745.6400146484375,273,3963,0.12732806274414063,0.04,0.013
SPY,2026-05-25,2026-06-18,23,call,796.0,0.27,0.26,0.28,745.6400146484375,40,1978,0.127938408203125,0.04,0.013
SPY,2026-05-25,2026-06-18,23,call,797.0,0.25,0.24,0.26,745.6400146484375,65,578,0.12842668457031248,0.04,0.013
SPY,2026-05-25,2026-06-18,23,call,798.0,0.235,0.23,0.24,745.6400146484375,7,259,0.12867082275390623,0.04,0.013
SPY,2026-05-25,2026-06-18,23,call,799.0,0.215,0.21,0.22,745.6400146484375,1,102,0.1289149609375,0.04,0.013
SPY,2026-05-25,2026-06-18,23,call,800.0,0.20500000000000002,0.2,0.21,745.6400146484375,5190,25027,0.129891513671875,0.04,0.013
SPY,2026-05-25,2026-06-18,23,call,805.0,0.14500000000000002,0.14,0.15,745.6400146484375,106,4887,0.132821171875,0.04,0.013
SPY,2026-05-25,2026-06-18,23,call,810.0,0.10500000000000001,0.1,0.11,745.6400146484375,112,8191,0.1362391064453125,0.04,0.013
SPY,2026-05-25,2026-06-18,23,call,815.0,0.08499999999999999,0.08,0.09,745.6400146484375,6,2184,0.14112187011718752,0.04,0.013
SPY,2026-05-25,2026-06-18,23,call,820.0,0.065,0.06,0.07,745.6400146484375,187,9808,0.1450280810546875,0.04,0.013
SPY,2026-05-25,2026-06-18,23,call,825.0,0.055,0.05,0.06,745.6400146484375,94,6886,0.15039912109375003,0.04,0.013
SPY,2026-05-25,2026-06-18,23,call,830.0,0.045,0.04,0.05,745.6400146484375,8,3542,0.15528188476562502,0.04,0.013
SPY,2026-05-25,2026-06-18,23,call,835.0,0.045,0.04,0.05,745.6400146484375,24,5174,0.16309430664062502,0.04,0.013
SPY,2026-05-25,2026-06-18,23,call,840.0,0.035,0.03,0.04,745.6400146484375,127,9190,0.16700051757812504,0.04,0.013
SPY,2026-05-25,2026-06-18,23,call,845.0,0.035,0.03,0.04,745.6400146484375,69,8454,0.17383638671875,0.04,0.013
SPY,2026-05-25,2026-06-18,23,call,850.0,0.03,0.02,0.04,745.6400146484375,136,7857,0.18164880859375,0.04,0.013
SPY,2026-05-25,2026-06-18,23,call,855.0,0.025,0.02,0.03,745.6400146484375,2,5983,0.18360191406249998,0.04,0.013
SPY,2026-05-25,2026-06-18,23,call,860.0,0.025,0.02,0.03,745.6400146484375,2,8065,0.19043778320312502,0.04,0.013
SPY,2026-05-25,2026-06-18,23,call,865.0,0.025,0.02,0.03,745.6400146484375,16,9278,0.19727365234375,0.04,0.013
SPY,2026-05-25,2026-06-18,23,call,870.0,0.025,0.02,0.03,745.6400146484375,170,17199,0.20410952148437497,0.04,0.013
SPY,2026-05-25,2026-06-18,23,call,875.0,0.015,0.01,0.02,745.6400146484375,44,2873,0.20313296874999998,0.04,0.013
SPY,2026-05-25,2026-06-18,23,call,880.0,0.015,0.01,0.02,745.6400146484375,1,4800,0.20899228515624996,0.04,0.013
SPY,2026-05-25,2026-06-18,23,call,885.0,0.015,0.01,0.02,745.6400146484375,1,16864,0.21680470703125,0.04,0.013
SPY,2026-05-25,2026-06-18,23,call,890.0,0.015,0.01,0.02,745.6400146484375,148,13011,0.22266402343749997,0.04,0.013
SPY,2026-05-25,2026-06-18,23,call,895.0,0.015,0.01,0.02,745.6400146484375,1,9622,0.22852333984375,0.04,0.013
SPY,2026-05-25,2026-06-18,23,call,900.0,0.015,0.01,0.02,745.6400146484375,10,6591,0.23438265625,0.04,0.013
SPY,2026-05-25,2026-06-18,23,call,905.0,0.015,0.01,0.02,745.6400146484375,13,6585,0.242195078125,0.04,0.013
SPY,2026-05-25,2026-06-18,23,call,910.0,0.015,0.01,0.02,745.6400146484375,44,3352,0.24805439453125,0.04,0.013
SPY,2026-05-25,2026-06-18,23,call,915.0,0.015,0.01,0.02,745.6400146484375,20,3739,0.25391371093750004,0.04,0.013
SPY,2026-05-25,2026-06-18,23,call,920.0,0.015,0.01,0.02,745.6400146484375,25,3304,0.25977302734375,0.04,0.013
SPY,2026-05-25,2026-06-18,23,call,925.0,0.015,0.01,0.02,745.6400146484375,10,2227,0.26563234375,0.04,0.013
SPY,2026-05-25,2026-06-18,23,call,930.0,0.015,0.01,0.02,745.6400146484375,105,6099,0.27149166015625,0.04,0.013
SPY,2026-05-25,2026-06-18,23,call,945.0,0.02,0.0,0.01,745.6400146484375,119,1101,0.273444765625,0.04,0.013
SPY,2026-05-25,2026-06-26,31,call,450.0,297.015,295.42,298.61,745.6400146484375,1,0,0.8413101806640625,0.04,0.013
SPY,2026-05-25,2026-06-26,31,call,505.0,242.205,240.61,243.8,745.6400146484375,0,1,0.6857941577148439,0.04,0.013
SPY,2026-05-25,2026-06-26,31,call,510.0,237.225,235.63,238.82,745.6400146484375,0,4,0.6723665576171877,0.04,0.013
SPY,2026-05-25,2026-06-26,31,call,560.0,187.45,185.85,189.05,745.6400146484375,0,4,0.5418136639404298,0.04,0.013
SPY,2026-05-25,2026-06-26,31,call,570.0,177.505,175.91,179.1,745.6400146484375,0,1,0.516606396484375,0.04,0.013
SPY,2026-05-25,2026-06-26,31,call,600.0,147.71,146.11,149.31,745.6400146484375,0,5,0.5041553491210937,0.04,0.013
SPY,2026-05-25,2026-06-26,31,call,625.0,122.94,121.34,124.54,745.6400146484375,2,4,0.4357356231689453,0.04,0.013
SPY,2026-05-25,2026-06-26,31,call,635.0,113.06,111.46,114.66,745.6400146484375,1,3,0.4089414575195312,0.04,0.013
SPY,2026-05-25,2026-06-26,31,call,640.0,108.125,106.53,109.72,745.6400146484375,0,2,0.3954528228759766,0.04,0.013
SPY,2026-05-25,2026-06-26,31,call,645.0,103.19999999999999,101.6,104.8,745.6400146484375,0,1,0.3823914300537109,0.04,0.013
SPY,2026-05-25,2026-06-26,31,call,650.0,98.285,96.68,99.89,745.6400146484375,0,3,0.3694521063232422,0.04,0.013
SPY,2026-05-25,2026-06-26,31,call,660.0,88.47999999999999,86.88,90.08,745.6400146484375,1,10,0.34339035522460937,0.04,0.013
SPY,2026-05-25,2026-06-26,31,call,665.0,83.61,82.0,85.22,745.6400146484375,1,9,0.33115292877197267,0.04,0.013
SPY,2026-05-25,2026-06-26,31,call,670.0,78.75,77.14,80.36,745.6400146484375,1,10,0.31867136413574215,0.04,0.013
SPY,2026-05-25,2026-06-26,31,call,675.0,73.92,72.31,75.53,745.6400146484375,2,12,0.30652548950195313,0.04,0.013
SPY,2026-05-25,2026-06-26,31,call,680.0,69.11500000000001,67.5,70.73,745.6400146484375,1,41,0.2946237530517578,0.04,0.013
SPY,2026-05-25,2026-06-26,31,call,685.0,64.34,62.72,65.96,745.6400146484375,1,19,0.28293563751220696,0.04,0.013
SPY,2026-05-25,2026-06-26,31,call,690.0,59.615,57.99,61.24,745.6400146484375,2,56,0.2717052810668945,0.04,0.013
SPY,2026-05-25,2026-06-26,31,call,695.0,54.925,53.3,56.55,745.6400146484375,1,32,0.2604138900756836,0.04,0.013
SPY,2026-05-25,2026-06-26,31,call,700.0,50.295,48.67,51.92,745.6400146484375,4,38,0.24951922363281248,0.04,0.013
SPY,2026-05-25,2026-06-26,31,call,701.0,49.375,47.75,51.0,745.6400146484375,0,3,0.24735249725341796,0.04,0.013
SPY,2026-05-25,2026-06-26,31,call,702.0,48.46,46.83,50.09,745.6400146484375,1,2,0.2453078399658203,0.04,0.013
SPY,2026-05-25,2026-06-26,31,call,703.0,47.55,45.92,49.18,745.6400146484375,0,2,0.24323266540527344,0.04,0.013
SPY,2026-05-25,2026-06-26,31,call,704.0,46.64,45.01,48.27,745.6400146484375,1,2,0.24109645629882812,0.04,0.013
SPY,2026-05-25,2026-06-26,31,call,705.0,45.730000000000004,44.1,47.36,745.6400146484375,1,4,0.2389602471923828,0.04,0.013
SPY,2026-05-25,2026-06-26,31,call,706.0,44.83,43.2,46.46,745.6400146484375,1,1,0.23694610717773437,0.04,0.013
SPY,2026-05-25,2026-06-26,31,call,707.0,43.935,42.3,45.57,745.6400146484375,1,5,0.23502351898193358,0.04,0.013
SPY,2026-05-25,2026-06-26,31,call,708.0,43.035,41.4,44.67,745.6400146484375,1,6,0.2329178271484375,0.04,0.013
SPY,2026-05-25,2026-06-26,31,call,709.0,42.144999999999996,40.51,43.78,745.6400146484375,1,3,0.23090368713378906,0.04,0.013
SPY,2026-05-25,2026-06-26,31,call,710.0,41.254999999999995,39.62,42.89,745.6400146484375,6,20,0.22885902984619144,0.04,0.013
SPY,2026-05-25,2026-06-26,31,call,711.0,40.37,38.73,42.01,745.6400146484375,4,6,0.2269364416503906,0.04,0.013
SPY,2026-05-25,2026-06-26,31,call,712.0,39.49,37.85,41.13,745.6400146484375,1,2,0.2249528189086914,0.04,0.013
SPY,2026-05-25,2026-06-26,31,call,713.0,38.614999999999995,36.97,40.26,745.6400146484375,1,2,0.2230607479858398,0.04,0.013
SPY,2026-05-25,2026-06-26,31,call,714.0,37.74,36.1,39.38,745.6400146484375,1,9,0.22098557342529296,0.04,0.013
SPY,2026-05-25,2026-06-26,31,call,715.0,36.875,35.23,38.52,745.6400146484375,1,41,0.21915453704833981,0.04,0.013
SPY,2026-05-25,2026-06-26,31,call,716.0,36.015,34.37,37.66,745.6400146484375,1,4,0.21726246612548827,0.04,0.013
SPY,2026-05-25,2026-06-26,31,call,717.0,35.16,33.51,36.81,745.6400146484375,4,1,0.21546194702148438,0.04,0.013
SPY,2026-05-25,2026-06-26,31,call,718.0,34.305,32.66,35.95,745.6400146484375,1,5,0.21344780700683597,0.04,0.013
SPY,2026-05-25,2026-06-26,31,call,719.0,33.46,31.81,35.11,745.6400146484375,0,1,0.21167780517578122,0.04,0.013
SPY,2026-05-25,2026-06-26,31,call,720.0,32.620000000000005,30.97,34.27,745.6400146484375,33,144,0.2098467687988281,0.04,0.013
SPY,2026-05-25,2026-06-26,31,call,721.0,31.78,30.13,33.43,745.6400146484375,10,29,0.20793943923950192,0.04,0.013
SPY,2026-05-25,2026-06-26,31,call,722.0,30.950000000000003,29.3,32.6,745.6400146484375,2,21,0.2061236614990234,0.04,0.013
SPY,2026-05-25,2026-06-26,31,call,723.0,30.125,28.47,31.78,745.6400146484375,1,1,0.2043536596679687,0.04,0.013
SPY,2026-05-25,2026-06-26,31,call,724.0,29.31,27.65,30.97,745.6400146484375,3,18,0.20264469238281246,0.04,0.013
SPY,2026-05-25,2026-06-26,31,call,725.0,28.5,26.84,30.16,745.6400146484375,36,150,0.200905207824707,0.04,0.013
SPY,2026-05-25,2026-06-26,31,call,726.0,27.7,26.04,29.36,745.6400146484375,1,9,0.19919624053955076,0.04,0.013
SPY,2026-05-25,2026-06-26,31,call,727.0,26.9,25.24,28.56,745.6400146484375,2,6,0.19742623870849607,0.04,0.013
SPY,2026-05-25,2026-06-26,31,call,728.0,26.115000000000002,24.45,27.78,745.6400146484375,6,61,0.1958088232421875,0.04,0.013
SPY,2026-05-25,2026-06-26,31,call,729.0,25.33,23.66,27.0,745.6400146484375,1,13,0.19414563186645512,0.04,0.013
SPY,2026-05-25,2026-06-26,31,call,730.0,24.555,22.88,26.23,745.6400146484375,12,151,0.1925129577636719,0.04,0.013
SPY,2026-05-25,2026-06-26,31,call,731.0,23.79,22.12,25.46,745.6400146484375,3,52,0.19080399047851562,0.04,0.013
SPY,2026-05-25,2026-06-26,31,call,732.0,23.035,21.36,24.71,745.6400146484375,1,56,0.18927812683105472,0.04,0.013
SPY,2026-05-25,2026-06-26,31,call,733.0,22.405,20.85,23.96,745.6400146484375,2,157,0.18763019409179688,0.04,0.013
SPY,2026-05-25,2026-06-26,31,call,734.0,21.22,19.87,22.57,745.6400146484375,4,234,0.1785360467529297,0.04,0.013
SPY,2026-05-25,2026-06-26,31,call,735.0,20.285,19.13,21.44,745.6400146484375,23,371,0.17241733352661137,0.04,0.013
SPY,2026-05-25,2026-06-26,31,call,736.0,20.1,18.41,21.79,745.6400146484375,11,229,0.18317467224121092,0.04,0.013
SPY,2026-05-25,2026-06-26,31,call,737.0,18.655,17.7,19.61,745.6400146484375,23,284,0.16497111892700195,0.04,0.013
SPY,2026-05-25,2026-06-26,31,call,738.0,18.63,17.81,19.45,745.6400146484375,27,154,0.16968603759765627,0.04,0.013
SPY,2026-05-25,2026-06-26,31,call,739.0,17.305,16.31,18.3,745.6400146484375,29,277,0.16309430664062502,0.04,0.013
SPY,2026-05-25,2026-06-26,31,call,740.0,17.13,16.31,17.95,745.6400146484375,121,395,0.16538310211181645,0.04,0.013
SPY,2026-05-25,2026-06-26,31,call,741.0,16.67,14.96,18.38,745.6400146484375,67,425,0.1762472512817383,0.04,0.013
SPY,2026-05-25,2026-06-26,31,call,742.0,16.23,15.7,16.76,745.6400146484375,176,454,0.16416241119384767,0.04,0.013
SPY,2026-05-25,2026-06-26,31,call,743.0,15.225,14.32,16.13,745.6400146484375,56,473,0.16297223754882814,0.04,0.013
SPY,2026-05-25,2026-06-26,31,call,744.0,14.79,14.76,14.82,745.6400146484375,30,197,0.15418326293945314,0.04,0.013
SPY,2026-05-25,2026-06-26,31,call,745.0,14.175,14.14,14.21,745.6400146484375,1032,291,0.15300834793090823,0.04,0.013
SPY,2026-05-25,2026-06-26,31,call,746.0,13.58,13.55,13.61,745.6400146484375,116,135,0.15181817428588867,0.04,0.013
SPY,2026-05-25,2026-06-26,31,call,747.0,12.99,12.96,13.02,745.6400146484375,495,330,0.15061274200439456,0.04,0.013
SPY,2026-05-25,2026-06-26,31,call,748.0,12.42,12.39,12.45,745.6400146484375,481,170,0.1495141201782227,0.04,0.013
SPY,2026-05-25,2026-06-26,31,call,749.0,11.86,11.83,11.89,745.6400146484375,1059,409,0.14838498107910159,0.04,0.013
SPY,2026-05-25,2026-06-26,31,call,750.0,11.32,11.29,11.35,745.6400146484375,154,542,0.14733213516235355,0.04,0.013
SPY,2026-05-25,2026-06-26,31,call,751.0,10.79,10.76,10.82,745.6400146484375,104,148,0.14626403060913085,0.04,0.013
SPY,2026-05-25,2026-06-26,31,call,752.0,10.275,10.25,10.3,745.6400146484375,66,202,0.14516540878295897,0.04,0.013
SPY,2026-05-25,2026-06-26,31,call,753.0,9.775,9.75,9.8,745.6400146484375,13,212,0.14414308013916016,0.04,0.013
SPY,2026-05-25,2026-06-26,31,call,754.0,9.295,9.27,9.32,745.6400146484375,26,24,0.1432275619506836,0.04,0.013
SPY,2026-05-25,2026-06-26,31,call,755.0,8.825,8.8,8.85,745.6400146484375,78,416,0.14225100921630857,0.04,0.013
SPY,2026-05-25,2026-06-26,31,call,756.0,8.375,8.35,8.4,745.6400146484375,123,147,0.14136600830078128,0.04,0.013
SPY,2026-05-25,2026-06-26,31,call,757.0,7.9350000000000005,7.91,7.96,745.6400146484375,41,158,0.1404504901123047,0.04,0.013
SPY,2026-05-25,2026-06-26,31,call,758.0,7.515000000000001,7.49,7.54,745.6400146484375,37,117,0.13959600646972659,0.04,0.013
SPY,2026-05-25,2026-06-26,31,call,759.0,7.115,7.09,7.14,745.6400146484375,22,60,0.1388330746459961,0.04,0.013
SPY,2026-05-25,2026-06-26,31,call,760.0,6.725,6.7,6.75,745.6400146484375,1506,993,0.13803962554931642,0.04,0.013
SPY,2026-05-25,2026-06-26,31,call,761.0,6.345000000000001,6.32,6.37,745.6400146484375,9,44,0.13721565917968753,0.04,0.013
SPY,2026-05-25,2026-06-26,31,call,762.0,5.99,5.97,6.01,745.6400146484375,103,133,0.13648324462890626,0.04,0.013
SPY,2026-05-25,2026-06-26,31,call,763.0,5.645,5.62,5.67,745.6400146484375,34,95,0.13581186462402345,0.04,0.013
SPY,2026-05-25,2026-06-26,31,call,764.0,5.3149999999999995,5.29,5.34,745.6400146484375,74,145,0.13514048461914066,0.04,0.013
SPY,2026-05-25,2026-06-26,31,call,765.0,5.005000000000001,4.98,5.03,745.6400146484375,306,647,0.1345606564331055,0.04,0.013
SPY,2026-05-25,2026-06-26,31,call,766.0,4.705,4.68,4.73,745.6400146484375,15,96,0.13395031097412108,0.04,0.013
SPY,2026-05-25,2026-06-26,31,call,767.0,4.42,4.4,4.44,745.6400146484375,23,122,0.1333094482421875,0.04,0.013
SPY,2026-05-25,2026-06-26,31,call,768.0,4.15,4.13,4.17,745.6400146484375,32,36,0.13276013732910158,0.04,0.013
SPY,2026-05-25,2026-06-26,31,call,769.0,3.89,3.87,3.91,745.6400146484375,29,50,0.13221082641601564,0.04,0.013
SPY,2026-05-25,2026-06-26,31,call,770.0,3.64,3.62,3.66,745.6400146484375,1767,765,0.13163099822998048,0.04,0.013
SPY,2026-05-25,2026-06-26,31,call,771.0,3.41,3.39,3.43,745.6400146484375,80,93,0.13120375640869142,0.04,0.013
SPY,2026-05-25,2026-06-26,31,call,772.0,3.19,3.17,3.21,745.6400146484375,93,45,0.1307765145874023,0.04,0.013
SPY,2026-05-25,2026-06-26,31,call,773.0,2.98,2.96,3.0,745.6400146484375,5,116,0.13031875549316402,0.04,0.013
SPY,2026-05-25,2026-06-26,31,call,774.0,2.78,2.76,2.8,745.6400146484375,15,36,0.1298609963989258,0.04,0.013
SPY,2026-05-25,2026-06-26,31,call,775.0,2.5949999999999998,2.58,2.61,745.6400146484375,476,679,0.1294032373046875,0.04,0.013
SPY,2026-05-25,2026-06-26,31,call,776.0,2.42,2.4,2.44,745.6400146484375,7,107,0.12915909912109375,0.04,0.013
SPY,2026-05-25,2026-06-26,31,call,777.0,2.255,2.24,2.27,745.6400146484375,22,356,0.1287318572998047,0.04,0.013
SPY,2026-05-25,2026-06-26,31,call,778.0,2.1,2.08,2.12,745.6400146484375,48,394,0.12851823638916016,0.04,0.013
SPY,2026-05-25,2026-06-26,31,call,779.0,1.95,1.93,1.97,745.6400146484375,469,91,0.1281520291137695,0.04,0.013
SPY,2026-05-25,2026-06-26,31,call,780.0,1.81,1.79,1.83,745.6400146484375,135,745,0.12781633911132811,0.04,0.013
SPY,2026-05-25,2026-06-26,31,call,781.0,1.685,1.67,1.7,745.6400146484375,1,85,0.12751116638183596,0.04,0.013
SPY,2026-05-25,2026-06-26,31,call,782.0,1.56,1.54,1.58,745.6400146484375,4,49,0.12729754547119143,0.04,0.013
SPY,2026-05-25,2026-06-26,31,call,783.0,1.4449999999999998,1.43,1.46,745.6400146484375,83,247,0.12690082092285154,0.04,0.013
SPY,2026-05-25,2026-06-26,31,call,784.0,1.3450000000000002,1.33,1.36,745.6400146484375,5,40,0.12683978637695312,0.04,0.013
SPY,2026-05-25,2026-06-26,31,call,785.0,1.245,1.23,1.26,745.6400146484375,144,315,0.12659564819335936,0.04,0.013
SPY,2026-05-25,2026-06-26,31,call,786.0,1.1549999999999998,1.14,1.17,745.6400146484375,171,19,0.12653461364746094,0.04,0.013
SPY,2026-05-25,2026-06-26,31,call,787.0,1.065,1.05,1.08,745.6400146484375,158,59,0.12622944091796873,0.04,0.013
SPY,2026-05-25,2026-06-26,31,call,788.0,0.985,0.97,1.0,745.6400146484375,53,5,0.12610737182617188,0.04,0.013
SPY,2026-05-25,2026-06-26,31,call,789.0,0.915,0.9,0.93,745.6400146484375,28,3,0.12610737182617188,0.04,0.013
SPY,2026-05-25,2026-06-26,31,call,790.0,0.845,0.83,0.86,745.6400146484375,302,770,0.125985302734375,0.04,0.013
SPY,2026-05-25,2026-06-26,31,call,791.0,0.785,0.77,0.8,745.6400146484375,3,59,0.12604633728027342,0.04,0.013
SPY,2026-05-25,2026-06-26,31,call,792.0,0.725,0.71,0.74,745.6400146484375,143,632,0.125985302734375,0.04,0.013
SPY,2026-05-25,2026-06-26,31,call,793.0,0.67,0.66,0.68,745.6400146484375,2,23,0.1258021990966797,0.04,0.013
SPY,2026-05-25,2026-06-26,31,call,794.0,0.62,0.61,0.63,745.6400146484375,51,154,0.1258021990966797,0.04,0.013
SPY,2026-05-25,2026-06-26,31,call,795.0,0.575,0.56,0.59,745.6400146484375,27,535,0.12610737182617188,0.04,0.013
SPY,2026-05-25,2026-06-26,31,call,800.0,0.4,0.39,0.41,745.6400146484375,584,830,0.12696185546875,0.04,0.013
SPY,2026-05-25,2026-06-26,31,call,805.0,0.28,0.27,0.29,745.6400146484375,11,110,0.1283046154785156,0.04,0.013
SPY,2026-05-25,2026-06-26,31,call,810.0,0.20500000000000002,0.2,0.21,745.6400146484375,34,146,0.1302577209472656,0.04,0.013
SPY,2026-05-25,2026-06-26,31,call,815.0,0.155,0.15,0.16,745.6400146484375,23,45,0.13306531005859373,0.04,0.013
SPY,2026-05-25,2026-06-26,31,call,820.0,0.12,0.11,0.13,745.6400146484375,47,211,0.13721565917968753,0.04,0.013
SPY,2026-05-25,2026-06-26,31,call,825.0,0.1,0.09,0.11,745.6400146484375,1,41,0.141610146484375,0.04,0.013
SPY,2026-05-25,2026-06-26,31,call,830.0,0.08,0.07,0.09,745.6400146484375,5,146,0.14527221923828126,0.04,0.013
SPY,2026-05-25,2026-06-26,31,call,835.0,0.07,0.06,0.08,745.6400146484375,3,10,0.15039912109375003,0.04,0.013
SPY,2026-05-25,2026-06-26,31,call,840.0,0.060000000000000005,0.05,0.07,745.6400146484375,13,15,0.15479360839843753,0.04,0.013
SPY,2026-05-25,2026-06-26,31,call,845.0,0.05,0.04,0.06,745.6400146484375,62,249,0.15869981933593752,0.04,0.013
SPY,2026-05-25,2026-06-26,31,call,850.0,0.045,0.04,0.05,745.6400146484375,2,150,0.16211775390625,0.04,0.013
SPY,2026-05-25,2026-06-26,31,call,855.0,0.04,0.03,0.05,745.6400146484375,7,75,0.16895362304687503,0.04,0.013
SPY,2026-05-25,2026-06-26,31,call,860.0,0.035,0.03,0.04,745.6400146484375,61,70,0.17090672851562502,0.04,0.013
SPY,2026-05-25,2026-06-26,31,call,865.0,0.035,0.03,0.04,745.6400146484375,60,240,0.17774259765625,0.04,0.013
SPY,2026-05-25,2026-06-26,31,call,870.0,0.035,0.03,0.04,745.6400146484375,62,138,0.18360191406249998,0.04,0.013
SPY,2026-05-25,2026-06-26,31,call,875.0,0.03,0.02,0.04,745.6400146484375,2,245,0.18946123046875002,0.04,0.013
SPY,2026-05-25,2026-06-26,31,call,880.0,0.025,0.02,0.03,745.6400146484375,140,120,0.19043778320312502,0.04,0.013
SPY,2026-05-25,2026-06-26,31,call,885.0,0.025,0.02,0.03,745.6400146484375,22,60,0.196297099609375,0.04,0.013
SPY,2026-05-25,2026-06-26,31,call,890.0,0.025,0.02,0.03,745.6400146484375,0,13,0.20215641601562498,0.04,0.013
SPY,2026-05-25,2026-06-26,31,call,900.0,0.02,0.01,0.03,745.6400146484375,9,11,0.21289849609375,0.04,0.013
SPY,2026-05-25,2026-06-30,35,call,410.0,336.96500000000003,335.19,338.74,745.6400146484375,158,79,0.9191902612304688,0.04,0.013
SPY,2026-05-25,2026-06-30,35,call,420.0,225.05,0.0,0.0,745.6400146484375,6,0,1.0000000000000003e-05,0.04,0.013
SPY,2026-05-25,2026-06-30,35,call,430.0,224.23,0.0,0.0,745.6400146484375,2,2,1.0000000000000003e-05,0.04,0.013
SPY,2026-05-25,2026-06-30,35,call,440.0,236.29,0.0,0.0,745.6400146484375,5,0,1.0000000000000003e-05,0.04,0.013
SPY,2026-05-25,2026-06-30,35,call,445.0,248.48,0.0,0.0,745.6400146484375,6,0,1.0000000000000003e-05,0.04,0.013
SPY,2026-05-25,2026-06-30,35,call,450.0,194.08,0.0,0.0,745.6400146484375,3,0,1.0000000000000003e-05,0.04,0.013
SPY,2026-05-25,2026-06-30,35,call,455.0,292.16999999999996,290.45,293.89,745.6400146484375,1,3,0.7941915112304687,0.04,0.013
SPY,2026-05-25,2026-06-30,35,call,460.0,203.64499999999998,202.01,205.28,745.6400146484375,13,13,1.0000000000000003e-05,0.04,0.013
SPY,2026-05-25,2026-06-30,35,call,470.0,192.33,0.0,0.0,745.6400146484375,6,0,1.0000000000000003e-05,0.04,0.013
SPY,2026-05-25,2026-06-30,35,call,475.0,272.24,270.52,273.96,745.6400146484375,3,9,0.7388942126464844,0.04,0.013
SPY,2026-05-25,2026-06-30,35,call,480.0,219.035,217.38,220.69,745.6400146484375,7,10,1.0000000000000003e-05,0.04,0.013
SPY,2026-05-25,2026-06-30,35,call,485.0,179.25,0.0,0.0,745.6400146484375,7,0,1.0000000000000003e-05,0.04,0.013
SPY,2026-05-25,2026-06-30,35,call,490.0,249.76,248.02,251.5,745.6400146484375,1,11,1.0000000000000003e-05,0.04,0.013
SPY,2026-05-25,2026-06-30,35,call,495.0,219.29000000000002,217.58,221.0,745.6400146484375,11,5,1.0000000000000003e-05,0.04,0.013
SPY,2026-05-25,2026-06-30,35,call,500.0,247.335,245.62,249.05,745.6400146484375,2001,252,0.6722444885253909,0.04,0.013
SPY,2026-05-25,2026-06-30,35,call,505.0,242.36,240.64,244.08,745.6400146484375,4,8,0.6595493029785158,0.04,0.013
SPY,2026-05-25,2026-06-30,35,call,509.0,238.375,236.66,240.09,745.6400146484375,0,1,0.6490513610839843,0.04,0.013
SPY,2026-05-25,2026-06-30,35,call,510.0,237.385,235.67,239.1,745.6400146484375,2,34,0.6468541174316407,0.04,0.013
SPY,2026-05-25,2026-06-30,35,call,515.0,232.405,230.69,234.12,745.6400146484375,1,26,0.633914793701172,0.04,0.013
SPY,2026-05-25,2026-06-30,35,call,520.0,227.425,225.71,229.14,745.6400146484375,1,89,0.6209754699707033,0.04,0.013
SPY,2026-05-25,2026-06-30,35,call,523.0,224.44,222.72,226.16,745.6400146484375,0,1,0.6134071862792969,0.04,0.013
SPY,2026-05-25,2026-06-30,35,call,525.0,214.905,213.26,216.55,745.6400146484375,1,19,1.0000000000000003e-05,0.04,0.013
SPY,2026-05-25,2026-06-30,35,call,526.0,221.335,219.74,222.93,745.6400146484375,0,7,0.5983926879882813,0.04,0.013
SPY,2026-05-25,2026-06-30,35,call,530.0,217.475,215.76,219.19,745.6400146484375,4,19,0.5959513061523438,0.04,0.013
SPY,2026-05-25,2026-06-30,35,call,535.0,212.5,210.78,214.22,745.6400146484375,1,83,0.5835002587890624,0.04,0.013
SPY,2026-05-25,2026-06-30,35,call,536.0,211.505,209.79,213.22,745.6400146484375,1,2,0.5810588769531251,0.04,0.013
SPY,2026-05-25,2026-06-30,35,call,537.0,210.515,208.8,212.23,745.6400146484375,1,1,0.5788616333007812,0.04,0.013
SPY,2026-05-25,2026-06-30,35,call,540.0,207.525,205.81,209.24,745.6400146484375,1,40,0.5710492114257812,0.04,0.013
SPY,2026-05-25,2026-06-30,35,call,545.0,202.555,200.84,204.27,745.6400146484375,2,79,0.5589643713378907,0.04,0.013
SPY,2026-05-25,2026-06-30,35,call,550.0,197.58,195.86,199.3,745.6400146484375,35,93,0.5466353930664063,0.04,0.013
SPY,2026-05-25,2026-06-30,35,call,551.0,196.59,194.87,198.31,745.6400146484375,1,2,0.5444381494140625,0.04,0.013
SPY,2026-05-25,2026-06-30,35,call,554.0,106.49,0.0,0.0,745.6400146484375,1,0,1.0000000000000003e-05,0.04,0.013
SPY,2026-05-25,2026-06-30,35,call,555.0,192.61,190.89,194.33,745.6400146484375,20,156,0.5345505529785157,0.04,0.013
SPY,2026-05-25,2026-06-30,35,call,556.0,132.14,0.0,0.0,745.6400146484375,0,0,1.0000000000000003e-05,0.04,0.013
SPY,2026-05-25,2026-06-30,35,call,557.0,190.625,188.91,192.34,745.6400146484375,0,5,0.5297898583984376,0.04,0.013
SPY,2026-05-25,2026-06-30,35,call,558.0,108.15,0.0,0.0,745.6400146484375,1,0,1.0000000000000003e-05,0.04,0.013
SPY,2026-05-25,2026-06-30,35,call,559.0,188.64,186.92,190.36,745.6400146484375,1,6,0.5251512329101562,0.04,0.013
SPY,2026-05-25,2026-06-30,35,call,560.0,187.615,185.93,189.3,745.6400146484375,6,79,0.5211229528808592,0.04,0.013
SPY,2026-05-25,2026-06-30,35,call,561.0,186.555,184.94,188.17,745.6400146484375,9,17,0.5153857055664062,0.04,0.013
SPY,2026-05-25,2026-06-30,35,call,562.0,111.565,109.89,113.24,745.6400146484375,4,12,1.0000000000000003e-05,0.04,0.013
SPY,2026-05-25,2026-06-30,35,call,563.0,103.96,0.0,0.0,745.6400146484375,1,0,1.0000000000000003e-05,0.04,0.013
SPY,2026-05-25,2026-06-30,35,call,564.0,117.04,115.4,118.68,745.6400146484375,1,1,1.0000000000000003e-05,0.04,0.013
SPY,2026-05-25,2026-06-30,35,call,565.0,182.57,180.96,184.18,745.6400146484375,37,71,0.5053760400390624,0.04,0.013
SPY,2026-05-25,2026-06-30,35,call,566.0,128.97500000000002,128.52,129.43,745.6400146484375,1,8,1.0000000000000003e-05,0.04,0.013
SPY,2026-05-25,2026-06-30,35,call,568.0,179.7,177.98,181.42,745.6400146484375,2,29,0.5037891418457032,0.04,0.013
SPY,2026-05-25,2026-06-30,35,call,569.0,178.70499999999998,176.99,180.42,745.6400146484375,1,3,0.5012867254638673,0.04,0.013
SPY,2026-05-25,2026-06-30,35,call,570.0,177.595,176.0,179.19,745.6400146484375,5,151,0.5598188549804688,0.04,0.013
SPY,2026-05-25,2026-06-30,35,call,571.0,176.6,175.0,178.2,745.6400146484375,1,2,0.5572554040527344,0.04,0.013
SPY,2026-05-25,2026-06-30,35,call,572.0,102.6,101.61,103.59,745.6400146484375,1,2,1.0000000000000003e-05,0.04,0.013
SPY,2026-05-25,2026-06-30,35,call,573.0,174.61,173.01,176.21,745.6400146484375,5,8,0.551762294921875,0.04,0.013
SPY,2026-05-25,2026-06-30,35,call,574.0,141.785,140.06,143.51,745.6400146484375,4,9,1.0000000000000003e-05,0.04,0.013
SPY,2026-05-25,2026-06-30,35,call,575.0,172.75,171.03,174.47,745.6400146484375,25,28,0.5549360913085939,0.04,0.013
SPY,2026-05-25,2026-06-30,35,call,576.0,133.62,131.24,136.0,745.6400146484375,1,1,1.0000000000000003e-05,0.04,0.013
SPY,2026-05-25,2026-06-30,35,call,577.0,90.28,0.0,0.0,745.6400146484375,2,0,1.0000000000000003e-05,0.04,0.013
SPY,2026-05-25,2026-06-30,35,call,578.0,169.77,168.05,171.49,745.6400146484375,5,6,0.5467574621582032,0.04,0.013
SPY,2026-05-25,2026-06-30,35,call,579.0,161.44,159.79,163.09,745.6400146484375,1,2,1.0000000000000003e-05,0.04,0.013
SPY,2026-05-25,2026-06-30,35,call,580.0,167.785,166.07,169.5,745.6400146484375,1,200,0.5412033184814455,0.04,0.013
SPY,2026-05-25,2026-06-30,35,call,581.0,85.75,0.0,0.0,745.6400146484375,1,0,1.0000000000000003e-05,0.04,0.013
SPY,2026-05-25,2026-06-30,35,call,582.0,107.47,105.71,109.23,745.6400146484375,2,18,1.0000000000000003e-05,0.04,0.013
SPY,2026-05-25,2026-06-30,35,call,583.0,157.60000000000002,155.84,159.36,745.6400146484375,2,15,1.0000000000000003e-05,0.04,0.013
SPY,2026-05-25,2026-06-30,35,call,584.0,132.09,130.36,133.82,745.6400146484375,1,6,1.0000000000000003e-05,0.04,0.013
SPY,2026-05-25,2026-06-30,35,call,585.0,162.825,161.11,164.54,745.6400146484375,6,85,0.5277757183837892,0.04,0.013
SPY,2026-05-25,2026-06-30,35,call,586.0,130.15499999999997,128.42,131.89,745.6400146484375,3,4,1.0000000000000003e-05,0.04,0.013
SPY,2026-05-25,2026-06-30,35,call,587.0,80.2,0.0,0.0,745.6400146484375,1,0,1.0000000000000003e-05,0.04,0.013
SPY,2026-05-25,2026-06-30,35,call,588.0,159.85,158.13,161.57,745.6400146484375,1,2,0.519963296508789,0.04,0.013
SPY,2026-05-25,2026-06-30,35,call,589.0,101.34,100.12,102.56,745.6400146484375,1,3,1.0000000000000003e-05,0.04,0.013
SPY,2026-05-25,2026-06-30,35,call,590.0,157.87,156.15,159.59,745.6400146484375,1,432,0.5147143255615234,0.04,0.013
SPY,2026-05-25,2026-06-30,35,call,591.0,156.88,155.16,158.6,745.6400146484375,1,5,0.5120898400878906,0.04,0.013
SPY,2026-05-25,2026-06-30,35,call,592.0,155.89,154.17,157.61,745.6400146484375,1,6,0.5095263891601562,0.04,0.013
SPY,2026-05-25,2026-06-30,35,call,593.0,154.895,153.18,156.61,745.6400146484375,8,4,0.5065967309570312,0.04,0.013
SPY,2026-05-25,2026-06-30,35,call,594.0,146.745,144.99,148.5,745.6400146484375,1,3,1.0000000000000003e-05,0.04,0.013
SPY,2026-05-25,2026-06-30,35,call,595.0,152.91,151.19,154.63,745.6400146484375,568,347,0.5013477600097658,0.04,0.013
SPY,2026-05-25,2026-06-30,35,call,596.0,151.925,150.21,153.64,745.6400146484375,2,6,0.49872327453613285,0.04,0.013
SPY,2026-05-25,2026-06-30,35,call,597.0,150.93,149.21,152.65,745.6400146484375,6,10,0.49609878906250005,0.04,0.013
SPY,2026-05-25,2026-06-30,35,call,598.0,149.94,148.22,151.66,745.6400146484375,16,15,0.4935353381347657,0.04,0.013
SPY,2026-05-25,2026-06-30,35,call,599.0,148.95,147.23,150.67,745.6400146484375,2,5,0.4909108526611329,0.04,0.013
SPY,2026-05-25,2026-06-30,35,call,600.0,147.835,146.24,149.43,745.6400146484375,110,4230,0.4805960144042969,0.04,0.013
SPY,2026-05-25,2026-06-30,35,call,601.0,71.45,0.0,0.0,745.6400146484375,8,0,1.0000000000000003e-05,0.04,0.013
SPY,2026-05-25,2026-06-30,35,call,602.0,145.85,144.26,147.44,745.6400146484375,3,19,0.4751639398193359,0.04,0.013
SPY,2026-05-25,2026-06-30,35,call,603.0,144.985,143.27,146.7,745.6400146484375,1,28,0.4801077380371094,0.04,0.013
SPY,2026-05-25,2026-06-30,35,call,604.0,136.82,135.14,138.5,745.6400146484375,2,6,1.0000000000000003e-05,0.04,0.013
SPY,2026-05-25,2026-06-30,35,call,605.0,142.88,141.29,144.47,745.6400146484375,1,243,0.4674125524902344,0.04,0.013
SPY,2026-05-25,2026-06-30,35,call,606.0,86.42,85.28,87.56,745.6400146484375,1,2,1.0000000000000003e-05,0.04,0.013
SPY,2026-05-25,2026-06-30,35,call,607.0,141.02,139.3,142.74,745.6400146484375,1,980,0.4696708306884766,0.04,0.013
SPY,2026-05-25,2026-06-30,35,call,608.0,140.035,138.32,141.75,745.6400146484375,4,29,0.4670463452148438,0.04,0.013
SPY,2026-05-25,2026-06-30,35,call,609.0,139.04,137.32,140.76,745.6400146484375,1,6,0.464421859741211,0.04,0.013
SPY,2026-05-25,2026-06-30,35,call,610.0,138.055,136.34,139.77,745.6400146484375,2,69,0.46179737426757816,0.04,0.013
SPY,2026-05-25,2026-06-30,35,call,611.0,137.06,135.34,138.78,745.6400146484375,2,10,0.45917288879394536,0.04,0.013
SPY,2026-05-25,2026-06-30,35,call,612.0,136.075,134.36,137.79,745.6400146484375,10,4,0.45654840332031255,0.04,0.013
SPY,2026-05-25,2026-06-30,35,call,613.0,80.41,79.31,81.51,745.6400146484375,1,4,1.0000000000000003e-05,0.04,0.013
SPY,2026-05-25,2026-06-30,35,call,614.0,127.075,125.32,128.83,745.6400146484375,1,8,1.0000000000000003e-05,0.04,0.013
SPY,2026-05-25,2026-06-30,35,call,615.0,133.11,131.39,134.83,745.6400146484375,7,53,0.4489801196289062,0.04,0.013
SPY,2026-05-25,2026-06-30,35,call,616.0,132.12,130.4,133.84,745.6400146484375,3,15,0.44635563415527346,0.04,0.013
SPY,2026-05-25,2026-06-30,35,call,617.0,131.13,129.41,132.85,745.6400146484375,2,15,0.4437311486816406,0.04,0.013
SPY,2026-05-25,2026-06-30,35,call,618.0,130.14,128.42,131.86,745.6400146484375,1,26,0.44110666320800784,0.04,0.013
SPY,2026-05-25,2026-06-30,35,call,619.0,129.15,127.43,130.87,745.6400146484375,1,36,0.4384516604614258,0.04,0.013
SPY,2026-05-25,2026-06-30,35,call,620.0,128.135,126.45,129.82,745.6400146484375,2,603,0.43420975952148444,0.04,0.013
SPY,2026-05-25,2026-06-30,35,call,621.0,127.18,125.46,128.9,745.6400146484375,7,89,0.4334773449707031,0.04,0.013
SPY,2026-05-25,2026-06-30,35,call,622.0,119.24000000000001,117.48,121.0,745.6400146484375,3,107,1.0000000000000003e-05,0.04,0.013
SPY,2026-05-25,2026-06-30,35,call,623.0,125.2,123.48,126.92,745.6400146484375,2,60,0.42816733947753904,0.04,0.013
SPY,2026-05-25,2026-06-30,35,call,624.0,117.265,115.53,119.0,745.6400146484375,2,70,1.0000000000000003e-05,0.04,0.013
SPY,2026-05-25,2026-06-30,35,call,625.0,123.23,121.51,124.95,745.6400146484375,70,1187,0.4231625067138671,0.04,0.013
SPY,2026-05-25,2026-06-30,35,call,626.0,122.24,120.52,123.96,745.6400146484375,1,8,0.4205380212402344,0.04,0.013
SPY,2026-05-25,2026-06-30,35,call,627.0,121.255,119.54,122.97,745.6400146484375,1,10,0.4179135357666015,0.04,0.013
SPY,2026-05-25,2026-06-30,35,call,628.0,120.27,118.55,121.99,745.6400146484375,3,29,0.4155026712036133,0.04,0.013
SPY,2026-05-25,2026-06-30,35,call,629.0,112.32,110.64,114.0,745.6400146484375,1,20,1.0000000000000003e-05,0.04,0.013
SPY,2026-05-25,2026-06-30,35,call,630.0,118.28999999999999,116.57,120.01,745.6400146484375,7,394,0.41022318298339844,0.04,0.013
SPY,2026-05-25,2026-06-30,35,call,631.0,117.305,115.58,119.03,745.6400146484375,2,12,0.4078123184204102,0.04,0.013
SPY,2026-05-25,2026-06-30,35,call,632.0,116.32,114.6,118.04,745.6400146484375,6,33,0.40515731567382807,0.04,0.013
SPY,2026-05-25,2026-06-30,35,call,633.0,115.33,113.61,117.05,745.6400146484375,4,23,0.40250231292724614,0.04,0.013
SPY,2026-05-25,2026-06-30,35,call,634.0,114.35,112.63,116.07,745.6400146484375,3,32,0.4000914483642578,0.04,0.013
SPY,2026-05-25,2026-06-30,35,call,635.0,113.36,111.64,115.08,745.6400146484375,3,433,0.39743644561767577,0.04,0.013
SPY,2026-05-25,2026-06-30,35,call,636.0,112.38,110.66,114.1,745.6400146484375,1,76,0.39502558105468755,0.04,0.013
SPY,2026-05-25,2026-06-30,35,call,637.0,111.39500000000001,109.68,113.11,745.6400146484375,2,64,0.39234006103515623,0.04,0.013
SPY,2026-05-25,2026-06-30,35,call,638.0,110.41,108.69,112.13,745.6400146484375,1,89,0.38992919647216795,0.04,0.013
SPY,2026-05-25,2026-06-30,35,call,639.0,109.42500000000001,107.7,111.15,745.6400146484375,1,74,0.3875183319091796,0.04,0.013
SPY,2026-05-25,2026-06-30,35,call,640.0,108.44,106.72,110.16,745.6400146484375,7,885,0.38483281188964835,0.04,0.013
SPY,2026-05-25,2026-06-30,35,call,641.0,107.46000000000001,105.74,109.18,745.6400146484375,1,94,0.3823914300537109,0.04,0.013
SPY,2026-05-25,2026-06-30,35,call,642.0,106.41499999999999,104.75,108.08,745.6400146484375,1,101,0.37708142456054683,0.04,0.013
SPY,2026-05-25,2026-06-30,35,call,643.0,105.495,103.77,107.22,745.6400146484375,6,41,0.3775086663818359,0.04,0.013
SPY,2026-05-25,2026-06-30,35,call,644.0,104.51,102.79,106.23,745.6400146484375,2,76,0.3748231463623046,0.04,0.013
SPY,2026-05-25,2026-06-30,35,call,645.0,103.53,101.81,105.25,745.6400146484375,3,331,0.3723817645263672,0.04,0.013
SPY,2026-05-25,2026-06-30,35,call,646.0,102.55,100.83,104.27,745.6400146484375,1,62,0.3698793481445312,0.04,0.013
SPY,2026-05-25,2026-06-30,35,call,647.0,101.57,99.85,103.29,745.6400146484375,4,215,0.36743796630859377,0.04,0.013
SPY,2026-05-25,2026-06-30,35,call,648.0,100.59,98.87,102.31,745.6400146484375,1,137,0.36496606719970703,0.04,0.013
SPY,2026-05-25,2026-06-30,35,call,649.0,99.60499999999999,97.88,101.33,745.6400146484375,2,66,0.36249416809082036,0.04,0.013
SPY,2026-05-25,2026-06-30,35,call,650.0,98.625,96.9,100.35,745.6400146484375,4,4196,0.35999175170898434,0.04,0.013
SPY,2026-05-25,2026-06-30,35,call,651.0,97.65,95.93,99.37,745.6400146484375,1,122,0.35751985260009767,0.04,0.013
SPY,2026-05-25,2026-06-30,35,call,652.0,96.67,94.95,98.39,745.6400146484375,2,134,0.35501743621826165,0.04,0.013
SPY,2026-05-25,2026-06-30,35,call,653.0,95.61,93.97,97.25,745.6400146484375,1,54,0.34897501617431637,0.04,0.013
SPY,2026-05-25,2026-06-30,35,call,654.0,94.715,92.99,96.44,745.6400146484375,1,306,0.3502262243652343,0.04,0.013
SPY,2026-05-25,2026-06-30,35,call,655.0,93.65,92.01,95.29,745.6400146484375,2,712,0.34400070068359373,0.04,0.013
SPY,2026-05-25,2026-06-30,35,call,656.0,92.76,91.04,94.48,745.6400146484375,1,166,0.3452213916015625,0.04,0.013
SPY,2026-05-25,2026-06-30,35,call,657.0,91.785,90.06,93.51,745.6400146484375,5,50,0.34290207885742185,0.04,0.013
SPY,2026-05-25,2026-06-30,35,call,658.0,84.31,82.62,86.0,745.6400146484375,1,102,1.0000000000000003e-05,0.04,0.013
SPY,2026-05-25,2026-06-30,35,call,659.0,89.83500000000001,88.11,91.56,745.6400146484375,8,33,0.33804983245849607,0.04,0.013
SPY,2026-05-25,2026-06-30,35,call,660.0,88.78,87.13,90.43,745.6400146484375,6,2408,0.33234310241699216,0.04,0.013
SPY,2026-05-25,2026-06-30,35,call,661.0,87.89,86.17,89.61,745.6400146484375,3,290,0.33316706878662117,0.04,0.013
SPY,2026-05-25,2026-06-30,35,call,662.0,86.82,85.19,88.45,745.6400146484375,1,157,0.32684999328613284,0.04,0.013
SPY,2026-05-25,2026-06-30,35,call,663.0,85.945,84.22,87.67,745.6400146484375,1,257,0.3284368914794922,0.04,0.013
SPY,2026-05-25,2026-06-30,35,call,664.0,84.86,83.25,86.47,745.6400146484375,5,232,0.3213568841552734,0.04,0.013
SPY,2026-05-25,2026-06-30,35,call,665.0,84.0,82.28,85.72,745.6400146484375,9,1552,0.32349309326171866,0.04,0.013
SPY,2026-05-25,2026-06-30,35,call,666.0,82.95,81.31,84.59,745.6400146484375,2,144,0.3179084323120117,0.04,0.013
SPY,2026-05-25,2026-06-30,35,call,667.0,81.955,80.34,83.57,745.6400146484375,1,70,0.31452101501464835,0.04,0.013
SPY,2026-05-25,2026-06-30,35,call,668.0,81.095,79.37,82.82,745.6400146484375,1,186,0.31650463775634763,0.04,0.013
SPY,2026-05-25,2026-06-30,35,call,669.0,80.035,78.41,81.66,745.6400146484375,4,43,0.31037066589355466,0.04,0.013
SPY,2026-05-25,2026-06-30,35,call,670.0,79.16499999999999,77.44,80.89,745.6400146484375,3,4143,0.3118660122680663,0.04,0.013
SPY,2026-05-25,2026-06-30,35,call,671.0,78.11,76.47,79.75,745.6400146484375,1,383,0.3061592822265625,0.04,0.013
SPY,2026-05-25,2026-06-30,35,call,672.0,77.235,75.51,78.96,745.6400146484375,1,194,0.30716635223388666,0.04,0.013
SPY,2026-05-25,2026-06-30,35,call,673.0,76.17,74.55,77.79,745.6400146484375,1,256,0.3009103112792969,0.04,0.013
SPY,2026-05-25,2026-06-30,35,call,674.0,75.305,73.58,77.03,745.6400146484375,6,188,0.3024361749267578,0.04,0.013
SPY,2026-05-25,2026-06-30,35,call,675.0,74.345,72.62,76.07,745.6400146484375,5,1689,0.30014737945556635,0.04,0.013
SPY,2026-05-25,2026-06-30,35,call,676.0,73.38499999999999,71.66,75.11,745.6400146484375,2,356,0.2978280667114257,0.04,0.013
SPY,2026-05-25,2026-06-30,35,call,677.0,72.42500000000001,70.7,74.15,745.6400146484375,1,67,0.29550875396728515,0.04,0.013
SPY,2026-05-25,2026-06-30,35,call,678.0,71.475,69.75,73.2,745.6400146484375,12,203,0.29337254486083975,0.04,0.013
SPY,2026-05-25,2026-06-30,35,call,679.0,70.515,68.79,72.24,745.6400146484375,1,193,0.2910227148437499,0.04,0.013
SPY,2026-05-25,2026-06-30,35,call,680.0,69.565,67.84,71.29,745.6400146484375,35,3434,0.28882547119140617,0.04,0.013
SPY,2026-05-25,2026-06-30,35,call,681.0,68.61,66.88,70.34,745.6400146484375,1,29,0.2866282275390625,0.04,0.013
SPY,2026-05-25,2026-06-30,35,call,682.0,67.66,65.93,69.39,745.6400146484375,1,100,0.28443098388671867,0.04,0.013
SPY,2026-05-25,2026-06-30,35,call,683.0,66.715,64.99,68.44,745.6400146484375,7,173,0.2821727056884765,0.04,0.013
SPY,2026-05-25,2026-06-30,35,call,684.0,65.75999999999999,64.03,67.49,745.6400146484375,2,19144,0.27994494476318355,0.04,0.013
SPY,2026-05-25,2026-06-30,35,call,685.0,64.81,63.08,66.54,745.6400146484375,3,1779,0.2776561492919921,0.04,0.013
SPY,2026-05-25,2026-06-30,35,call,686.0,63.865,62.14,65.59,745.6400146484375,1,116,0.27539787109374997,0.04,0.013
SPY,2026-05-25,2026-06-30,35,call,687.0,62.92,61.19,64.65,745.6400146484375,2,95,0.2732616619873046,0.04,0.013
SPY,2026-05-25,2026-06-30,35,call,688.0,61.980000000000004,60.25,63.71,745.6400146484375,2,95,0.2710949356079102,0.04,0.013
SPY,2026-05-25,2026-06-30,35,call,689.0,61.040000000000006,59.31,62.77,745.6400146484375,1,172,0.26892820922851557,0.04,0.013
SPY,2026-05-25,2026-06-30,35,call,690.0,60.105000000000004,58.38,61.83,745.6400146484375,16,1768,0.26673096557617193,0.04,0.013
SPY,2026-05-25,2026-06-30,35,call,691.0,59.165,57.44,60.89,745.6400146484375,1,188,0.26453372192382807,0.04,0.013
SPY,2026-05-25,2026-06-30,35,call,692.0,58.230000000000004,56.5,59.96,745.6400146484375,3,218,0.2624585473632813,0.04,0.013
SPY,2026-05-25,2026-06-30,35,call,693.0,57.305,55.58,59.03,745.6400146484375,2,166,0.26035285552978515,0.04,0.013
SPY,2026-05-25,2026-06-30,35,call,694.0,56.370000000000005,54.64,58.1,745.6400146484375,1,65,0.25821664642333986,0.04,0.013
SPY,2026-05-25,2026-06-30,35,call,695.0,55.445,53.72,57.17,745.6400146484375,43,1885,0.25608043731689456,0.04,0.013
SPY,2026-05-25,2026-06-30,35,call,696.0,54.519999999999996,52.79,56.25,745.6400146484375,1,244,0.25406629730224617,0.04,0.013
SPY,2026-05-25,2026-06-30,35,call,697.0,53.599999999999994,51.87,55.33,745.6400146484375,1,176,0.25202164001464844,0.04,0.013
SPY,2026-05-25,2026-06-30,35,call,698.0,52.68,50.95,54.41,745.6400146484375,1,184,0.24994646545410154,0.04,0.013
SPY,2026-05-25,2026-06-30,35,call,699.0,51.760000000000005,50.03,53.49,745.6400146484375,22,112,0.2478712908935547,0.04,0.013
SPY,2026-05-25,2026-06-30,35,call,700.0,50.315,49.11,51.52,745.6400146484375,15,5619,0.2298660998535156,0.04,0.013
SPY,2026-05-25,2026-06-30,35,call,701.0,49.93,48.2,51.66,745.6400146484375,1,302,0.24375145904541018,0.04,0.013
SPY,2026-05-25,2026-06-30,35,call,702.0,49.019999999999996,47.29,50.75,745.6400146484375,6,90,0.2417068017578125,0.04,0.013
SPY,2026-05-25,2026-06-30,35,call,703.0,48.115,46.39,49.84,745.6400146484375,1,161,0.23963162719726558,0.04,0.013
SPY,2026-05-25,2026-06-30,35,call,704.0,47.215,45.49,48.94,745.6400146484375,1,277,0.23767852172851558,0.04,0.013
SPY,2026-05-25,2026-06-30,35,call,705.0,46.31,44.58,48.04,745.6400146484375,1,2562,0.2356948989868164,0.04,0.013
SPY,2026-05-25,2026-06-30,35,call,706.0,45.42,43.69,47.15,745.6400146484375,1,197,0.23383334533691402,0.04,0.013
SPY,2026-05-25,2026-06-30,35,call,707.0,44.525,42.8,46.25,745.6400146484375,2,94,0.2317734294128418,0.04,0.013
SPY,2026-05-25,2026-06-30,35,call,708.0,43.635,41.91,45.36,745.6400146484375,2,190,0.2298355825805664,0.04,0.013
SPY,2026-05-25,2026-06-30,35,call,709.0,42.75,41.02,44.48,745.6400146484375,1,395,0.22797402893066404,0.04,0.013
SPY,2026-05-25,2026-06-30,35,call,710.0,41.86,40.13,43.59,745.6400146484375,4,2501,0.22595988891601562,0.04,0.013
SPY,2026-05-25,2026-06-30,35,call,711.0,40.985,39.25,42.72,745.6400146484375,1,660,0.22415936981201168,0.04,0.013
SPY,2026-05-25,2026-06-30,35,call,712.0,40.11,38.38,41.84,745.6400146484375,10,105,0.22217574707031246,0.04,0.013
SPY,2026-05-25,2026-06-30,35,call,713.0,39.18000000000001,37.77,40.59,745.6400146484375,75,586,0.2153398779296875,0.04,0.013
SPY,2026-05-25,2026-06-30,35,call,714.0,38.379999999999995,36.65,40.11,745.6400146484375,20,141,0.21851367431640623,0.04,0.013
SPY,2026-05-25,2026-06-30,35,call,715.0,37.519999999999996,35.79,39.25,745.6400146484375,20,6904,0.2166826379394531,0.04,0.013
SPY,2026-05-25,2026-06-30,35,call,716.0,36.475,34.93,38.02,745.6400146484375,16,466,0.21009090698242186,0.04,0.013
SPY,2026-05-25,2026-06-30,35,call,717.0,35.81,34.08,37.54,745.6400146484375,6,936,0.21299004791259768,0.04,0.013
SPY,2026-05-25,2026-06-30,35,call,718.0,34.959999999999994,33.23,36.69,745.6400146484375,18,688,0.21112849426269528,0.04,0.013
SPY,2026-05-25,2026-06-30,35,call,719.0,34.315,32.78,35.85,745.6400146484375,4,149,0.2093584924316406,0.04,0.013
SPY,2026-05-25,2026-06-30,35,call,720.0,33.285000000000004,31.55,35.02,745.6400146484375,840,1704,0.20764952514648435,0.04,0.013
SPY,2026-05-25,2026-06-30,35,call,721.0,32.685,31.18,34.19,745.6400146484375,410,552,0.20589478195190425,0.04,0.013
SPY,2026-05-25,2026-06-30,35,call,722.0,31.625,29.89,33.36,745.6400146484375,1,191,0.20407900421142577,0.04,0.013
SPY,2026-05-25,2026-06-30,35,call,723.0,30.81,29.08,32.54,745.6400146484375,10,556,0.20233951965332028,0.04,0.013
SPY,2026-05-25,2026-06-30,35,call,724.0,29.995,28.26,31.73,745.6400146484375,12,157,0.20064581100463863,0.04,0.013
SPY,2026-05-25,2026-06-30,35,call,725.0,28.665,27.46,29.87,745.6400146484375,19,2541,0.18660786544799807,0.04,0.013
SPY,2026-05-25,2026-06-30,35,call,726.0,28.395,26.66,30.13,745.6400146484375,14,202,0.19733468688964845,0.04,0.013
SPY,2026-05-25,2026-06-30,35,call,727.0,27.619999999999997,25.9,29.34,745.6400146484375,3,355,0.19568675415039063,0.04,0.013
SPY,2026-05-25,2026-06-30,35,call,728.0,26.82,25.08,28.56,745.6400146484375,1,281,0.19409985595703128,0.04,0.013
SPY,2026-05-25,2026-06-30,35,call,729.0,26.04,24.3,27.78,745.6400146484375,10,143,0.19245192321777344,0.04,0.013
SPY,2026-05-25,2026-06-30,35,call,730.0,25.270000000000003,23.53,27.01,745.6400146484375,48,1839,0.19083450775146482,0.04,0.013
SPY,2026-05-25,2026-06-30,35,call,731.0,24.509999999999998,22.77,26.25,745.6400146484375,2,171,0.18927812683105472,0.04,0.013
SPY,2026-05-25,2026-06-30,35,call,732.0,23.8,22.1,25.5,745.6400146484375,6,171,0.18775226318359373,0.04,0.013
SPY,2026-05-25,2026-06-30,35,call,733.0,22.59,21.37,23.81,745.6400146484375,3,322,0.17583526809692385,0.04,0.013
SPY,2026-05-25,2026-06-30,35,call,734.0,22.1,21.19,23.01,745.6400146484375,59,373,0.17368380035400394,0.04,0.013
SPY,2026-05-25,2026-06-30,35,call,735.0,21.535,20.56,22.51,745.6400146484375,121,3096,0.17472138763427736,0.04,0.013
SPY,2026-05-25,2026-06-30,35,call,736.0,20.8,19.8,21.8,745.6400146484375,37,278,0.17337862762451173,0.04,0.013
SPY,2026-05-25,2026-06-30,35,call,737.0,20.244999999999997,18.61,21.88,745.6400146484375,29,403,0.18039760040283204,0.04,0.013
SPY,2026-05-25,2026-06-30,35,call,738.0,19.46,17.73,21.19,745.6400146484375,18,321,0.1790548403930664,0.04,0.013
SPY,2026-05-25,2026-06-30,35,call,739.0,17.985,16.99,18.98,745.6400146484375,5,1216,0.16149214981079102,0.04,0.013
SPY,2026-05-25,2026-06-30,35,call,740.0,18.064999999999998,17.95,18.18,745.6400146484375,563,2893,0.15888292297363282,0.04,0.013
SPY,2026-05-25,2026-06-30,35,call,741.0,17.439999999999998,16.0,18.88,745.6400146484375,103,409,0.1719748330688477,0.04,0.013
SPY,2026-05-25,2026-06-30,35,call,742.0,16.009999999999998,15.0,17.02,745.6400146484375,38,587,0.15799792205810548,0.04,0.013
SPY,2026-05-25,2026-06-30,35,call,743.0,15.629999999999999,14.76,16.5,745.6400146484375,20,390,0.1580284393310547,0.04,0.013
SPY,2026-05-25,2026-06-30,35,call,744.0,15.475,15.45,15.5,745.6400146484375,22,547,0.15293205474853522,0.04,0.013
SPY,2026-05-25,2026-06-30,35,call,745.0,14.865,14.84,14.89,745.6400146484375,615,2202,0.15181817428588867,0.04,0.013
SPY,2026-05-25,2026-06-30,35,call,746.0,14.265,14.24,14.29,745.6400146484375,152,196,0.15068903518676763,0.04,0.013
SPY,2026-05-25,2026-06-30,35,call,747.0,13.685,13.66,13.71,745.6400146484375,164,161,0.14966670654296876,0.04,0.013
SPY,2026-05-25,2026-06-30,35,call,748.0,13.11,13.08,13.14,745.6400146484375,200,450,0.14861386062622073,0.04,0.013
SPY,2026-05-25,2026-06-30,35,call,749.0,12.555,12.53,12.58,745.6400146484375,343,562,0.1475610147094727,0.04,0.013
SPY,2026-05-25,2026-06-30,35,call,750.0,12.004999999999999,11.98,12.03,745.6400146484375,806,4411,0.14649291015625,0.04,0.013
SPY,2026-05-25,2026-06-30,35,call,751.0,11.475,11.45,11.5,745.6400146484375,10,495,0.1455010987854004,0.04,0.013
SPY,2026-05-25,2026-06-30,35,call,752.0,10.965,10.94,10.99,745.6400146484375,393,475,0.14460083923339845,0.04,0.013
SPY,2026-05-25,2026-06-30,35,call,753.0,10.46,10.44,10.48,745.6400146484375,127,221,0.143563251953125,0.04,0.013
SPY,2026-05-25,2026-06-30,35,call,754.0,9.975,9.95,10.0,745.6400146484375,105,214,0.14273928558349608,0.04,0.013
SPY,2026-05-25,2026-06-30,35,call,755.0,9.5,9.48,9.52,745.6400146484375,359,2128,0.1417627328491211,0.04,0.013
SPY,2026-05-25,2026-06-30,35,call,756.0,9.045,9.02,9.07,745.6400146484375,379,158,0.14099980102539064,0.04,0.013
SPY,2026-05-25,2026-06-30,35,call,757.0,8.594999999999999,8.57,8.62,745.6400146484375,281,30,0.14008428283691404,0.04,0.013
SPY,2026-05-25,2026-06-30,35,call,758.0,8.17,8.15,8.19,745.6400146484375,272,373,0.1392603164672852,0.04,0.013
SPY,2026-05-25,2026-06-30,35,call,759.0,7.755000000000001,7.73,7.78,745.6400146484375,388,308,0.13851264328002932,0.04,0.013
SPY,2026-05-25,2026-06-30,35,call,760.0,7.355,7.33,7.38,745.6400146484375,376,3647,0.13773445281982422,0.04,0.013
SPY,2026-05-25,2026-06-30,35,call,761.0,6.970000000000001,6.95,6.99,745.6400146484375,59,179,0.13694100372314455,0.04,0.013
SPY,2026-05-25,2026-06-30,35,call,762.0,6.6,6.58,6.62,745.6400146484375,8,135,0.1362391064453125,0.04,0.013
SPY,2026-05-25,2026-06-30,35,call,763.0,6.25,6.23,6.27,745.6400146484375,14,730,0.13562876098632815,0.04,0.013
SPY,2026-05-25,2026-06-30,35,call,764.0,5.904999999999999,5.88,5.93,745.6400146484375,16,141,0.13498789825439456,0.04,0.013
SPY,2026-05-25,2026-06-30,35,call,765.0,5.58,5.56,5.6,745.6400146484375,580,1133,0.13431651824951174,0.04,0.013
SPY,2026-05-25,2026-06-30,35,call,766.0,5.27,5.25,5.29,745.6400146484375,254,52,0.13376720733642578,0.04,0.013
SPY,2026-05-25,2026-06-30,35,call,767.0,4.970000000000001,4.95,4.99,745.6400146484375,28,54,0.1331873791503906,0.04,0.013
SPY,2026-05-25,2026-06-30,35,call,768.0,4.68,4.66,4.7,745.6400146484375,18,104,0.13257703369140628,0.04,0.013
SPY,2026-05-25,2026-06-30,35,call,769.0,4.41,4.39,4.43,745.6400146484375,16,273,0.13208875732421876,0.04,0.013
SPY,2026-05-25,2026-06-30,35,call,770.0,4.15,4.13,4.17,745.6400146484375,655,2426,0.13160048095703125,0.04,0.013
SPY,2026-05-25,2026-06-30,35,call,771.0,3.9,3.88,3.92,745.6400146484375,2,69,0.1310816873168945,0.04,0.013
SPY,2026-05-25,2026-06-30,35,call,772.0,3.66,3.64,3.68,745.6400146484375,22,157,0.1305781523132324,0.04,0.013
SPY,2026-05-25,2026-06-30,35,call,773.0,3.44,3.42,3.46,745.6400146484375,13,159,0.13019668640136717,0.04,0.013
SPY,2026-05-25,2026-06-30,35,call,774.0,3.225,3.21,3.24,745.6400146484375,4,45,0.12967789276123048,0.04,0.013
SPY,2026-05-25,2026-06-30,35,call,775.0,3.025,3.01,3.04,745.6400146484375,203,2573,0.12931168548583982,0.04,0.013
SPY,2026-05-25,2026-06-30,35,call,776.0,2.83,2.81,2.85,745.6400146484375,4,1335,0.12897599548339844,0.04,0.013
SPY,2026-05-25,2026-06-30,35,call,777.0,2.65,2.63,2.67,745.6400146484375,12,132,0.128640305480957,0.04,0.013
SPY,2026-05-25,2026-06-30,35,call,778.0,2.48,2.46,2.5,745.6400146484375,30,271,0.1283046154785156,0.04,0.013
SPY,2026-05-25,2026-06-30,35,call,779.0,2.315,2.3,2.33,745.6400146484375,5,326,0.12784685638427734,0.04,0.013
SPY,2026-05-25,2026-06-30,35,call,780.0,2.165,2.15,2.18,745.6400146484375,263,2989,0.12760271820068358,0.04,0.013
SPY,2026-05-25,2026-06-30,35,call,781.0,2.0149999999999997,2.0,2.03,745.6400146484375,19,312,0.12720599365234375,0.04,0.013
SPY,2026-05-25,2026-06-30,35,call,782.0,1.885,1.87,1.9,745.6400146484375,72,203,0.12702289001464845,0.04,0.013
SPY,2026-05-25,2026-06-30,35,call,783.0,1.755,1.74,1.77,745.6400146484375,182,49,0.12674823455810547,0.04,0.013
SPY,2026-05-25,2026-06-30,35,call,784.0,1.635,1.62,1.65,745.6400146484375,35,83,0.1265040963745117,0.04,0.013
SPY,2026-05-25,2026-06-30,35,call,785.0,1.525,1.51,1.54,745.6400146484375,173,1799,0.1263515100097656,0.04,0.013
SPY,2026-05-25,2026-06-30,35,call,786.0,1.415,1.4,1.43,745.6400146484375,31,246,0.12604633728027342,0.04,0.013
SPY,2026-05-25,2026-06-30,35,call,787.0,1.315,1.3,1.33,745.6400146484375,18,29,0.12586323364257812,0.04,0.013
SPY,2026-05-25,2026-06-30,35,call,788.0,1.225,1.21,1.24,745.6400146484375,30,462,0.12574116455078127,0.04,0.013
SPY,2026-05-25,2026-06-30,35,call,789.0,1.14,1.13,1.15,745.6400146484375,45,363,0.12549702636718751,0.04,0.013
SPY,2026-05-25,2026-06-30,35,call,790.0,1.06,1.05,1.07,745.6400146484375,128,2131,0.12537495727539064,0.04,0.013
SPY,2026-05-25,2026-06-30,35,call,791.0,0.985,0.97,1.0,745.6400146484375,43,104,0.12543599182128906,0.04,0.013
SPY,2026-05-25,2026-06-30,35,call,792.0,0.915,0.9,0.93,745.6400146484375,69,65,0.12537495727539064,0.04,0.013
SPY,2026-05-25,2026-06-30,35,call,793.0,0.85,0.84,0.86,745.6400146484375,99,74,0.12513081909179688,0.04,0.013
SPY,2026-05-25,2026-06-30,35,call,794.0,0.79,0.78,0.8,745.6400146484375,89,578,0.12513081909179688,0.04,0.013
SPY,2026-05-25,2026-06-30,35,call,795.0,0.735,0.72,0.75,745.6400146484375,394,1677,0.1253139227294922,0.04,0.013
SPY,2026-05-25,2026-06-30,35,call,800.0,0.51,0.5,0.52,745.6400146484375,734,9453,0.12543599182128906,0.04,0.013
SPY,2026-05-25,2026-06-30,35,call,805.0,0.36,0.35,0.37,745.6400146484375,119,1497,0.12641254455566403,0.04,0.013
SPY,2026-05-25,2026-06-30,35,call,810.0,0.26,0.25,0.27,745.6400146484375,57,2460,0.12806047729492187,0.04,0.013
SPY,2026-05-25,2026-06-30,35,call,815.0,0.195,0.19,0.2,745.6400146484375,3,1958,0.13001358276367186,0.04,0.013
SPY,2026-05-25,2026-06-30,35,call,820.0,0.15000000000000002,0.14,0.16,745.6400146484375,20,1523,0.1333094482421875,0.04,0.013
SPY,2026-05-25,2026-06-30,35,call,825.0,0.12,0.11,0.13,745.6400146484375,164,1762,0.13672738281250002,0.04,0.013
SPY,2026-05-25,2026-06-30,35,call,830.0,0.095,0.09,0.1,745.6400146484375,42,4276,0.13916876464843753,0.04,0.013
SPY,2026-05-25,2026-06-30,35,call,835.0,0.08,0.07,0.09,745.6400146484375,6,2092,0.14405152832031248,0.04,0.013
SPY,2026-05-25,2026-06-30,35,call,840.0,0.07,0.06,0.08,745.6400146484375,17,1629,0.14869015380859374,0.04,0.013
SPY,2026-05-25,2026-06-30,35,call,845.0,0.060000000000000005,0.05,0.07,745.6400146484375,2,1323,0.15284050292968754,0.04,0.013
SPY,2026-05-25,2026-06-30,35,call,850.0,0.055,0.05,0.06,745.6400146484375,64,2955,0.1562584375,0.04,0.013
SPY,2026-05-25,2026-06-30,35,call,855.0,0.045,0.04,0.05,745.6400146484375,126,1095,0.1596763720703125,0.04,0.013
SPY,2026-05-25,2026-06-30,35,call,860.0,0.045,0.04,0.05,745.6400146484375,7,565,0.16553568847656253,0.04,0.013
SPY,2026-05-25,2026-06-30,35,call,865.0,0.035,0.03,0.04,745.6400146484375,2,678,0.16797707031250003,0.04,0.013
SPY,2026-05-25,2026-06-30,35,call,870.0,0.035,0.03,0.04,745.6400146484375,60,3809,0.17383638671875,0.04,0.013
SPY,2026-05-25,2026-06-30,35,call,875.0,0.035,0.03,0.04,745.6400146484375,7,1280,0.179695703125,0.04,0.013
SPY,2026-05-25,2026-06-30,35,call,880.0,0.035,0.03,0.04,745.6400146484375,240,1105,0.18457846679687498,0.04,0.013
SPY,2026-05-25,2026-06-30,35,call,885.0,0.025,0.02,0.03,745.6400146484375,72,4482,0.18555501953124998,0.04,0.013
SPY,2026-05-25,2026-06-30,35,call,890.0,0.025,0.02,0.03,745.6400146484375,1,2960,0.1914143359375,0.04,0.013
SPY,2026-05-25,2026-06-30,35,call,895.0,0.025,0.02,0.03,745.6400146484375,4,1503,0.196297099609375,0.04,0.013
SPY,2026-05-25,2026-06-30,35,call,900.0,0.025,0.02,0.03,745.6400146484375,12,1993,0.20215641601562498,0.04,0.013
SPY,2026-05-25,2026-07-02,37,call,600.0,147.93,146.33,149.53,745.6400146484375,5,0,0.4714408325195312,0.04,0.013
SPY,2026-05-25,2026-07-02,37,call,665.0,84.15,82.54,85.76,745.6400146484375,1,0,0.3161079132080078,0.04,0.013
SPY,2026-05-25,2026-07-02,37,call,690.0,60.39,58.79,61.99,745.6400146484375,4,0,0.2625195819091797,0.04,0.013
SPY,2026-05-25,2026-07-02,37,call,695.0,55.785,54.16,57.41,745.6400146484375,1,0,0.25321181365966794,0.04,0.013
SPY,2026-05-25,2026-07-02,37,call,700.0,51.225,49.6,52.85,745.6400146484375,2,0,0.24353783813476562,0.04,0.013
SPY,2026-05-25,2026-07-02,37,call,703.0,48.53,46.9,50.16,745.6400146484375,1,0,0.238014211730957,0.04,0.013
SPY,2026-05-25,2026-07-02,37,call,704.0,47.629999999999995,46.0,49.26,745.6400146484375,1,0,0.2360763648986816,0.04,0.013
SPY,2026-05-25,2026-07-02,37,call,720.0,33.86,32.21,35.51,745.6400146484375,1,0,0.20816831878662106,0.04,0.013
SPY,2026-05-25,2026-07-02,37,call,722.0,32.225,30.57,33.88,745.6400146484375,3,0,0.2049334878540039,0.04,0.013
SPY,2026-05-25,2026-07-02,37,call,724.0,30.615000000000002,28.96,32.27,745.6400146484375,1,0,0.20172917419433595,0.04,0.013
SPY,2026-05-25,2026-07-02,37,call,726.0,29.03,27.37,30.69,745.6400146484375,0,3,0.1986164123535156,0.04,0.013
SPY,2026-05-25,2026-07-02,37,call,727.0,28.25,26.59,29.91,745.6400146484375,10,0,0.19707529006958008,0.04,0.013
SPY,2026-05-25,2026-07-02,37,call,730.0,25.950000000000003,24.28,27.62,745.6400146484375,1,0,0.19263502685546874,0.04,0.013
SPY,2026-05-25,2026-07-02,37,call,732.0,24.455,22.78,26.13,745.6400146484375,0,1,0.18975114456176762,0.04,0.013
SPY,2026-05-25,2026-07-02,37,call,733.0,23.72,22.04,25.4,745.6400146484375,1,1,0.18836260864257812,0.04,0.013
SPY,2026-05-25,2026-07-02,37,call,734.0,23.0,21.32,24.68,745.6400146484375,1,0,0.1870045899963379,0.04,0.013
SPY,2026-05-25,2026-07-02,37,call,735.0,22.445,20.93,23.96,745.6400146484375,40,25,0.1855855368041992,0.04,0.013
SPY,2026-05-25,2026-07-02,37,call,736.0,21.575000000000003,19.89,23.26,745.6400146484375,0,2,0.1842732940673828,0.04,0.013
SPY,2026-05-25,2026-07-02,37,call,737.0,20.869999999999997,19.18,22.56,745.6400146484375,0,3,0.18291527542114255,0.04,0.013
SPY,2026-05-25,2026-07-02,37,call,738.0,20.185,18.49,21.88,745.6400146484375,2,72,0.1816640672302246,0.04,0.013
SPY,2026-05-25,2026-07-02,37,call,739.0,19.505,17.81,21.2,745.6400146484375,0,2,0.18033656585693358,0.04,0.013
SPY,2026-05-25,2026-07-02,37,call,740.0,18.72,17.3,20.14,745.6400146484375,23,8,0.1750265603637695,0.04,0.013
SPY,2026-05-25,2026-07-02,37,call,741.0,18.185000000000002,16.48,19.89,745.6400146484375,1,9,0.17795621856689453,0.04,0.013
SPY,2026-05-25,2026-07-02,37,call,742.0,17.475,16.1,18.85,745.6400146484375,1,21,0.1727072476196289,0.04,0.013
SPY,2026-05-25,2026-07-02,37,call,743.0,16.965,15.31,18.62,745.6400146484375,9,75,0.17565216445922854,0.04,0.013
SPY,2026-05-25,2026-07-02,37,call,744.0,16.310000000000002,16.28,16.34,745.6400146484375,102,87,0.1576164561462402,0.04,0.013
SPY,2026-05-25,2026-07-02,37,call,745.0,15.7,15.67,15.73,745.6400146484375,126,39,0.15650257568359377,0.04,0.013
SPY,2026-05-25,2026-07-02,37,call,746.0,15.100000000000001,15.07,15.13,745.6400146484375,28,1,0.1554039538574219,0.04,0.013
SPY,2026-05-25,2026-07-02,37,call,747.0,14.51,14.48,14.54,745.6400146484375,122,42,0.15430533203125002,0.04,0.013
SPY,2026-05-25,2026-07-02,37,call,748.0,13.93,13.9,13.96,745.6400146484375,60,7,0.15317619293212892,0.04,0.013
SPY,2026-05-25,2026-07-02,37,call,749.0,13.370000000000001,13.34,13.4,745.6400146484375,44,1,0.15216912292480472,0.04,0.013
SPY,2026-05-25,2026-07-02,37,call,750.0,12.82,12.79,12.85,745.6400146484375,40,43,0.1511315356445313,0.04,0.013
SPY,2026-05-25,2026-07-02,37,call,751.0,12.285,12.26,12.31,745.6400146484375,10,70,0.15009394836425782,0.04,0.013
SPY,2026-05-25,2026-07-02,37,call,752.0,11.765,11.74,11.79,745.6400146484375,5,75,0.14914791290283202,0.04,0.013
SPY,2026-05-25,2026-07-02,37,call,753.0,11.254999999999999,11.23,11.28,745.6400146484375,51,5,0.14820187744140628,0.04,0.013
SPY,2026-05-25,2026-07-02,37,call,754.0,10.76,10.73,10.79,745.6400146484375,8,10,0.14731687652587894,0.04,0.013
SPY,2026-05-25,2026-07-02,37,call,755.0,10.280000000000001,10.25,10.31,745.6400146484375,36,0,0.14643187561035154,0.04,0.013
SPY,2026-05-25,2026-07-02,37,call,756.0,9.809999999999999,9.78,9.84,745.6400146484375,6,0,0.14553161605834958,0.04,0.013
SPY,2026-05-25,2026-07-02,37,call,757.0,9.355,9.33,9.38,745.6400146484375,14,0,0.14460083923339845,0.04,0.013
SPY,2026-05-25,2026-07-02,37,call,758.0,8.915,8.89,8.94,745.6400146484375,13,0,0.1437768728637695,0.04,0.013
SPY,2026-05-25,2026-07-02,37,call,759.0,8.49,8.46,8.52,745.6400146484375,10,0,0.14302919967651367,0.04,0.013
SPY,2026-05-25,2026-07-02,37,call,760.0,8.075,8.05,8.1,745.6400146484375,106,0,0.14215945739746094,0.04,0.013
SPY,2026-05-25,2026-07-02,37,call,761.0,7.68,7.65,7.71,745.6400146484375,15,0,0.14148807739257813,0.04,0.013
SPY,2026-05-25,2026-07-02,37,call,762.0,7.295,7.27,7.32,745.6400146484375,6,0,0.14067936965942385,0.04,0.013
SPY,2026-05-25,2026-07-02,37,call,763.0,6.925000000000001,6.9,6.95,745.6400146484375,3,0,0.1399622137451172,0.04,0.013
SPY,2026-05-25,2026-07-02,37,call,765.0,6.225,6.2,6.25,745.6400146484375,13,0,0.13861945373535156,0.04,0.013
SPY,2026-05-25,2026-07-02,37,call,766.0,5.895,5.87,5.92,745.6400146484375,3,0,0.13796333236694336,0.04,0.013
SPY,2026-05-25,2026-07-02,37,call,767.0,5.58,5.56,5.6,745.6400146484375,30,0,0.1373072109985352,0.04,0.013
SPY,2026-05-25,2026-07-02,37,call,768.0,5.275,5.25,5.3,745.6400146484375,6,0,0.13674264144897463,0.04,0.013
SPY,2026-05-25,2026-07-02,37,call,769.0,4.984999999999999,4.96,5.01,745.6400146484375,7,0,0.13617807189941405,0.04,0.013
SPY,2026-05-25,2026-07-02,37,call,770.0,4.710000000000001,4.69,4.73,745.6400146484375,7,0,0.13559824371337892,0.04,0.013
SPY,2026-05-25,2026-07-02,37,call,771.0,4.445,4.42,4.47,745.6400146484375,1,0,0.13515574325561525,0.04,0.013
SPY,2026-05-25,2026-07-02,37,call,772.0,4.1899999999999995,4.17,4.21,745.6400146484375,12,0,0.1345606564331055,0.04,0.013
SPY,2026-05-25,2026-07-02,37,call,773.0,3.95,3.93,3.97,745.6400146484375,2,0,0.1341028973388672,0.04,0.013
SPY,2026-05-25,2026-07-02,37,call,774.0,3.72,3.7,3.74,745.6400146484375,7,0,0.13364513824462892,0.04,0.013
SPY,2026-05-25,2026-07-02,37,call,775.0,3.5,3.48,3.52,745.6400146484375,79,0,0.1332178964233398,0.04,0.013
SPY,2026-05-25,2026-07-02,37,call,776.0,3.29,3.27,3.31,745.6400146484375,4,0,0.13276013732910158,0.04,0.013
SPY,2026-05-25,2026-07-02,37,call,777.0,3.09,3.07,3.11,745.6400146484375,6,0,0.13236341278076175,0.04,0.013
SPY,2026-05-25,2026-07-02,37,call,778.0,2.9,2.88,2.92,745.6400146484375,88,0,0.1319361709594727,0.04,0.013
SPY,2026-05-25,2026-07-02,37,call,779.0,2.725,2.7,2.75,745.6400146484375,3,0,0.13172255004882813,0.04,0.013
SPY,2026-05-25,2026-07-02,37,call,780.0,2.5549999999999997,2.53,2.58,745.6400146484375,562,0,0.1313563427734375,0.04,0.013
SPY,2026-05-25,2026-07-02,37,call,785.0,1.835,1.82,1.85,745.6400146484375,165,0,0.12967789276123048,0.04,0.013
SPY,2026-05-25,2026-07-02,37,call,790.0,1.3,1.28,1.32,745.6400146484375,45,0,0.1287318572998047,0.04,0.013
SPY,2026-05-25,2026-07-02,37,call,795.0,0.915,0.9,0.93,745.6400146484375,10,0,0.12799944274902342,0.04,0.013
SPY,2026-05-25,2026-07-02,37,call,800.0,0.645,0.63,0.66,745.6400146484375,109,0,0.12806047729492187,0.04,0.013
SPY,2026-05-25,2026-07-02,37,call,805.0,0.45999999999999996,0.45,0.47,745.6400146484375,28,0,0.12854875366210936,0.04,0.013
SPY,2026-05-25,2026-07-02,37,call,810.0,0.33,0.32,0.34,745.6400146484375,76,0,0.12952530639648438,0.04,0.013
SPY,2026-05-25,2026-07-02,37,call,815.0,0.25,0.24,0.26,745.6400146484375,5,0,0.131844619140625,0.04,0.013
SPY,2026-05-25,2026-07-02,37,call,820.0,0.19,0.18,0.2,745.6400146484375,128,0,0.13404186279296876,0.04,0.013
SPY,2026-05-25,2026-07-02,37,call,825.0,0.15000000000000002,0.14,0.16,745.6400146484375,1,0,0.13697152099609378,0.04,0.013
SPY,2026-05-25,2026-07-02,37,call,835.0,0.1,0.09,0.11,745.6400146484375,7,0,0.14405152832031248,0.04,0.013
SPY,2026-05-25,2026-07-02,37,call,840.0,0.08,0.07,0.09,745.6400146484375,10,0,0.1469811865234375,0.04,0.013
SPY,2026-05-25,2026-07-02,37,call,870.0,0.04,0.03,0.05,745.6400146484375,10,0,0.17285983398437502,0.04,0.013
SPY,2026-05-25,2026-07-02,37,call,875.0,0.035,0.03,0.04,745.6400146484375,7,0,0.174812939453125,0.04,0.013
SPY,2026-05-25,2026-07-02,37,call,885.0,0.035,0.03,0.04,745.6400146484375,120,0,0.18555501953124998,0.04,0.013
SPY,2026-05-25,2026-07-02,37,call,895.0,0.03,0.02,0.04,745.6400146484375,1,0,0.196297099609375,0.04,0.013
SPY,2026-05-25,2026-07-17,52,call,360.0,386.93499999999995,385.53,388.34,745.6400146484375,7,50,0.9089364575195311,0.04,0.013
SPY,2026-05-25,2026-07-17,52,call,365.0,381.96000000000004,380.55,383.37,745.6400146484375,7,31,0.8957529956054686,0.04,0.013
SPY,2026-05-25,2026-07-17,52,call,370.0,376.97,375.57,378.37,745.6400146484375,10,1,0.8813488427734374,0.04,0.013
SPY,2026-05-25,2026-07-17,52,call,375.0,371.985,370.58,373.39,745.6400146484375,13,5,0.8676771044921875,0.04,0.013
SPY,2026-05-25,2026-07-17,52,call,380.0,367.01,365.61,368.41,745.6400146484375,0,10,0.8549819189453125,0.04,0.013
SPY,2026-05-25,2026-07-17,52,call,385.0,362.03,360.62,363.44,745.6400146484375,0,0,0.84179845703125,0.04,0.013
SPY,2026-05-25,2026-07-17,52,call,400.0,347.08500000000004,345.68,348.49,745.6400146484375,1,4,0.8029804858398437,0.04,0.013
SPY,2026-05-25,2026-07-17,52,call,405.0,342.105,340.7,343.51,745.6400146484375,0,4,0.7902853002929688,0.04,0.013
SPY,2026-05-25,2026-07-17,52,call,410.0,329.495,328.09,330.9,745.6400146484375,0,0,1.0000000000000003e-05,0.04,0.013
SPY,2026-05-25,2026-07-17,52,call,420.0,327.15999999999997,325.76,328.56,745.6400146484375,1,93,0.7526880200195312,0.04,0.013
SPY,2026-05-25,2026-07-17,52,call,430.0,317.21500000000003,315.81,318.62,745.6400146484375,1,1,0.729494892578125,0.04,0.013
SPY,2026-05-25,2026-07-17,52,call,440.0,307.25,305.85,308.65,745.6400146484375,0,3,0.7050810742187501,0.04,0.013
SPY,2026-05-25,2026-07-17,52,call,450.0,297.29999999999995,295.9,298.7,745.6400146484375,1,7,0.6821320849609377,0.04,0.013
SPY,2026-05-25,2026-07-17,52,call,460.0,287.355,285.95,288.76,745.6400146484375,14,15,0.6597934411621094,0.04,0.013
SPY,2026-05-25,2026-07-17,52,call,465.0,282.39,280.99,283.79,745.6400146484375,0,1,0.6490513610839843,0.04,0.013
SPY,2026-05-25,2026-07-17,52,call,480.0,180.59,0.0,0.0,745.6400146484375,1,0,1.0000000000000003e-05,0.04,0.013
SPY,2026-05-25,2026-07-17,52,call,485.0,175.84,0.0,0.0,745.6400146484375,1,0,1.0000000000000003e-05,0.04,0.013
SPY,2026-05-25,2026-07-17,52,call,490.0,250.095,248.69,251.5,745.6400146484375,1,0,1.0000000000000003e-05,0.04,0.013
SPY,2026-05-25,2026-07-17,52,call,495.0,252.59,251.18,254.0,745.6400146484375,1,22,0.5852092260742188,0.04,0.013
SPY,2026-05-25,2026-07-17,52,call,500.0,247.635,246.23,249.04,745.6400146484375,1,26,0.5751995605468749,0.04,0.013
SPY,2026-05-25,2026-07-17,52,call,505.0,242.67000000000002,241.27,244.07,745.6400146484375,2,14,0.5647626531982424,0.04,0.013
SPY,2026-05-25,2026-07-17,52,call,510.0,237.715,236.32,239.11,745.6400146484375,9,12,0.554814022216797,0.04,0.013
SPY,2026-05-25,2026-07-17,52,call,515.0,232.785,231.38,234.19,745.6400146484375,30,55,0.5460860821533204,0.04,0.013
SPY,2026-05-25,2026-07-17,52,call,520.0,227.825,226.43,229.22,745.6400146484375,1,12,0.5358933129882812,0.04,0.013
SPY,2026-05-25,2026-07-17,52,call,525.0,222.89,221.49,224.29,745.6400146484375,1,43,0.5267381311035157,0.04,0.013
SPY,2026-05-25,2026-07-17,52,call,530.0,217.95,216.54,219.36,745.6400146484375,1,5,0.5173998455810547,0.04,0.013
SPY,2026-05-25,2026-07-17,52,call,535.0,118.66,0.0,0.0,745.6400146484375,1,0,1.0000000000000003e-05,0.04,0.013
SPY,2026-05-25,2026-07-17,52,call,540.0,208.075,206.67,209.48,745.6400146484375,2564,2520,0.5493209130859377,0.04,0.013
SPY,2026-05-25,2026-07-17,52,call,545.0,203.135,201.73,204.54,745.6400146484375,1,19,0.5384567639160158,0.04,0.013
SPY,2026-05-25,2026-07-17,52,call,550.0,198.185,196.79,199.58,745.6400146484375,5,20,0.5269212347412109,0.04,0.013
SPY,2026-05-25,2026-07-17,52,call,555.0,193.26,191.86,194.66,745.6400146484375,1,3,0.5166674310302735,0.04,0.013
SPY,2026-05-25,2026-07-17,52,call,560.0,188.335,186.93,189.74,745.6400146484375,2,19,0.5063525927734375,0.04,0.013
SPY,2026-05-25,2026-07-17,52,call,565.0,183.39499999999998,182.0,184.79,745.6400146484375,3,67,0.4951832708740235,0.04,0.013
SPY,2026-05-25,2026-07-17,52,call,570.0,178.47,177.07,179.87,745.6400146484375,1,105,0.48480739807128903,0.04,0.013
SPY,2026-05-25,2026-07-17,52,call,575.0,173.54500000000002,172.15,174.94,745.6400146484375,6,50,0.474187387084961,0.04,0.013
SPY,2026-05-25,2026-07-17,52,call,580.0,168.62,167.22,170.02,745.6400146484375,1,10,0.4637504797363281,0.04,0.013
SPY,2026-05-25,2026-07-17,52,call,585.0,163.72,162.31,165.13,745.6400146484375,2,12,0.45407650421142576,0.04,0.013
SPY,2026-05-25,2026-07-17,52,call,590.0,158.805,157.4,160.21,745.6400146484375,3,494,0.4435785623168945,0.04,0.013
SPY,2026-05-25,2026-07-17,52,call,595.0,153.89,152.49,155.29,745.6400146484375,6,118,0.43305010314941406,0.04,0.013
SPY,2026-05-25,2026-07-17,52,call,600.0,148.995,147.59,150.4,745.6400146484375,1,761,0.4231625067138671,0.04,0.013
SPY,2026-05-25,2026-07-17,52,call,605.0,144.09,142.69,145.49,745.6400146484375,5,81,0.41275611663818357,0.04,0.013
SPY,2026-05-25,2026-07-17,52,call,610.0,139.2,137.8,140.6,745.6400146484375,1,41,0.4027159338378906,0.04,0.013
SPY,2026-05-25,2026-07-17,52,call,615.0,134.31,132.91,135.71,745.6400146484375,1,134,0.39264523376464844,0.04,0.013
SPY,2026-05-25,2026-07-17,52,call,620.0,129.435,128.03,130.84,745.6400146484375,1,160,0.3828491891479492,0.04,0.013
SPY,2026-05-25,2026-07-17,52,call,625.0,124.57,123.17,125.97,745.6400146484375,1,108,0.37296159271240237,0.04,0.013
SPY,2026-05-25,2026-07-17,52,call,630.0,119.705,118.3,121.11,745.6400146484375,3,230,0.3631655480957031,0.04,0.013
SPY,2026-05-25,2026-07-17,52,call,635.0,114.86,113.46,116.26,745.6400146484375,1,125,0.3534000207519531,0.04,0.013
SPY,2026-05-25,2026-07-17,52,call,640.0,110.025,108.62,111.43,745.6400146484375,2,692,0.3438786315917969,0.04,0.013
SPY,2026-05-25,2026-07-17,52,call,645.0,105.21000000000001,103.8,106.62,745.6400146484375,12,1317,0.3345403460693359,0.04,0.013
SPY,2026-05-25,2026-07-17,52,call,650.0,100.405,99.0,101.81,745.6400146484375,1005,1857,0.32498843963623036,0.04,0.013
SPY,2026-05-25,2026-07-17,52,call,655.0,95.615,94.21,97.02,745.6400146484375,2,1373,0.31558911956787106,0.04,0.013
SPY,2026-05-25,2026-07-17,52,call,660.0,90.86,89.45,92.27,745.6400146484375,2751,2860,0.3065865240478516,0.04,0.013
SPY,2026-05-25,2026-07-17,52,call,665.0,86.115,84.71,87.52,745.6400146484375,12,1215,0.29730927307128896,0.04,0.013
SPY,2026-05-25,2026-07-17,52,call,670.0,81.41,80.01,82.81,745.6400146484375,1245,2206,0.2883677120971678,0.04,0.013
SPY,2026-05-25,2026-07-17,52,call,675.0,76.725,75.33,78.12,745.6400146484375,6,1508,0.27936511657714835,0.04,0.013
SPY,2026-05-25,2026-07-17,52,call,680.0,72.08500000000001,70.69,73.48,745.6400146484375,10,1940,0.270713469696045,0.04,0.013
SPY,2026-05-25,2026-07-17,52,call,685.0,67.485,66.09,68.88,745.6400146484375,7,2639,0.26215337463378907,0.04,0.013
SPY,2026-05-25,2026-07-17,52,call,690.0,62.94499999999999,61.54,64.35,745.6400146484375,61,2619,0.25403578002929694,0.04,0.013
SPY,2026-05-25,2026-07-17,52,call,695.0,58.435,57.04,59.83,745.6400146484375,34,1750,0.24552146087646481,0.04,0.013
SPY,2026-05-25,2026-07-17,52,call,700.0,54.019999999999996,52.62,55.42,745.6400146484375,436,4282,0.23770903900146478,0.04,0.013
SPY,2026-05-25,2026-07-17,52,call,701.0,53.14,51.74,54.54,745.6400146484375,1,5,0.23609162353515623,0.04,0.013
SPY,2026-05-25,2026-07-17,52,call,702.0,52.25,50.86,53.64,745.6400146484375,2,1,0.2342300698852539,0.04,0.013
SPY,2026-05-25,2026-07-17,52,call,703.0,51.375,49.98,52.77,745.6400146484375,1,1,0.23268894760131836,0.04,0.013
SPY,2026-05-25,2026-07-17,52,call,704.0,50.504999999999995,49.11,51.9,745.6400146484375,0,2,0.23110204940795898,0.04,0.013
SPY,2026-05-25,2026-07-17,52,call,705.0,49.635000000000005,48.24,51.03,745.6400146484375,10,2042,0.229499892578125,0.04,0.013
SPY,2026-05-25,2026-07-17,52,call,707.0,47.92,46.53,49.31,745.6400146484375,1,1,0.22640238937377927,0.04,0.013
SPY,2026-05-25,2026-07-17,52,call,708.0,47.06,45.67,48.45,745.6400146484375,1,0,0.22481549118041988,0.04,0.013
SPY,2026-05-25,2026-07-17,52,call,709.0,46.21,44.82,47.6,745.6400146484375,1,1,0.22330488616943356,0.04,0.013
SPY,2026-05-25,2026-07-17,52,call,710.0,45.9,45.05,46.75,745.6400146484375,255,5460,0.221763763885498,0.04,0.013
SPY,2026-05-25,2026-07-17,52,call,711.0,44.515,43.12,45.91,745.6400146484375,0,1,0.22028367614746092,0.04,0.013
SPY,2026-05-25,2026-07-17,52,call,712.0,43.675,42.28,45.07,745.6400146484375,1,2,0.2187883297729492,0.04,0.013
SPY,2026-05-25,2026-07-17,52,call,715.0,41.185,39.79,42.58,745.6400146484375,11,2209,0.21436332519531248,0.04,0.013
SPY,2026-05-25,2026-07-17,52,call,716.0,40.365,38.96,41.77,745.6400146484375,0,7,0.21302056518554688,0.04,0.013
SPY,2026-05-25,2026-07-17,52,call,717.0,39.545,38.14,40.95,745.6400146484375,20,11,0.21154047744750976,0.04,0.013
SPY,2026-05-25,2026-07-17,52,call,718.0,38.72,37.33,40.11,745.6400146484375,0,1,0.2098162515258789,0.04,0.013
SPY,2026-05-25,2026-07-17,52,call,719.0,37.91,36.52,39.3,745.6400146484375,4,4,0.20836668106079098,0.04,0.013
SPY,2026-05-25,2026-07-17,52,call,720.0,37.075,35.74,38.41,745.6400146484375,73,19160,0.20609314422607417,0.04,0.013
SPY,2026-05-25,2026-07-17,52,call,721.0,36.305,34.91,37.7,745.6400146484375,0,32,0.20552857467651364,0.04,0.013
SPY,2026-05-25,2026-07-17,52,call,722.0,35.535,34.14,36.93,745.6400146484375,0,2,0.2043384010314941,0.04,0.013
SPY,2026-05-25,2026-07-17,52,call,723.0,34.745000000000005,33.35,36.14,745.6400146484375,7,31,0.20291934783935545,0.04,0.013
SPY,2026-05-25,2026-07-17,52,call,724.0,33.945,32.55,35.34,745.6400146484375,2,1,0.20134770828247067,0.04,0.013
SPY,2026-05-25,2026-07-17,52,call,725.0,33.18,31.78,34.58,745.6400146484375,1050,4421,0.20011175872802733,0.04,0.013
SPY,2026-05-25,2026-07-17,52,call,726.0,32.4,31.02,33.78,745.6400146484375,1005,19,0.1984638259887695,0.04,0.013
SPY,2026-05-25,2026-07-17,52,call,727.0,31.604999999999997,30.24,32.97,745.6400146484375,0,3,0.1966938241577148,0.04,0.013
SPY,2026-05-25,2026-07-17,52,call,728.0,30.845,29.48,32.21,745.6400146484375,0,4,0.195320546875,0.04,0.013
SPY,2026-05-25,2026-07-17,52,call,729.0,30.095,28.73,31.46,745.6400146484375,0,13,0.1940083041381836,0.04,0.013
SPY,2026-05-25,2026-07-17,52,call,730.0,29.35,29.18,29.52,745.6400146484375,192,18876,0.18175561904907228,0.04,0.013
SPY,2026-05-25,2026-07-17,52,call,731.0,28.6,27.6,29.6,745.6400146484375,0,83,0.18795062545776364,0.04,0.013
SPY,2026-05-25,2026-07-17,52,call,732.0,27.91,27.76,28.06,745.6400146484375,0,67,0.17936001312255856,0.04,0.013
SPY,2026-05-25,2026-07-17,52,call,733.0,27.189999999999998,27.04,27.34,745.6400146484375,3,88,0.17815458084106445,0.04,0.013
SPY,2026-05-25,2026-07-17,52,call,734.0,26.485,26.35,26.62,745.6400146484375,1,40,0.1769033726501465,0.04,0.013
SPY,2026-05-25,2026-07-17,52,call,735.0,25.755000000000003,25.64,25.87,745.6400146484375,186,9836,0.17533173309326172,0.04,0.013
SPY,2026-05-25,2026-07-17,52,call,736.0,25.060000000000002,24.92,25.2,745.6400146484375,0,374,0.1744162149047852,0.04,0.013
SPY,2026-05-25,2026-07-17,52,call,737.0,24.37,24.23,24.51,745.6400146484375,24,305,0.17325655853271482,0.04,0.013
SPY,2026-05-25,2026-07-17,52,call,738.0,23.685000000000002,23.55,23.82,745.6400146484375,6,298,0.1720358676147461,0.04,0.013
SPY,2026-05-25,2026-07-17,52,call,739.0,23.049999999999997,22.9,23.2,745.6400146484375,11,240,0.17136448760986328,0.04,0.013
SPY,2026-05-25,2026-07-17,52,call,740.0,22.335,22.21,22.46,745.6400146484375,552,11701,0.16957922714233398,0.04,0.013
SPY,2026-05-25,2026-07-17,52,call,741.0,21.689999999999998,21.56,21.82,745.6400146484375,18,280,0.16861793304443362,0.04,0.013
SPY,2026-05-25,2026-07-17,52,call,742.0,21.08,20.94,21.22,745.6400146484375,26,347,0.1679312944030762,0.04,0.013
SPY,2026-05-25,2026-07-17,52,call,743.0,20.415,20.3,20.53,745.6400146484375,109,2647,0.16639017211914067,0.04,0.013
SPY,2026-05-25,2026-07-17,52,call,744.0,19.8,19.64,19.96,745.6400146484375,12,635,0.16582560256958012,0.04,0.013
SPY,2026-05-25,2026-07-17,52,call,745.0,19.145000000000003,19.12,19.17,745.6400146484375,8585,17179,0.16327741027832032,0.04,0.013
SPY,2026-05-25,2026-07-17,52,call,746.0,18.535,18.51,18.56,745.6400146484375,114,324,0.1622245643615723,0.04,0.013
SPY,2026-05-25,2026-07-17,52,call,747.0,17.935000000000002,17.91,17.96,745.6400146484375,354,231,0.1611869770812988,0.04,0.013
SPY,2026-05-25,2026-07-17,52,call,748.0,17.345,17.32,17.37,745.6400146484375,98,453,0.1601646484375,0.04,0.013
SPY,2026-05-25,2026-07-17,52,call,749.0,16.765,16.74,16.79,745.6400146484375,42,578,0.1591575784301758,0.04,0.013
SPY,2026-05-25,2026-07-17,52,call,750.0,16.205,16.18,16.23,745.6400146484375,2392,22703,0.15824206024169923,0.04,0.013
SPY,2026-05-25,2026-07-17,52,call,751.0,15.645,15.62,15.67,745.6400146484375,62,540,0.1572502488708496,0.04,0.013
SPY,2026-05-25,2026-07-17,52,call,752.0,15.094999999999999,15.07,15.12,745.6400146484375,168,318,0.1562584375,0.04,0.013
SPY,2026-05-25,2026-07-17,52,call,753.0,14.565,14.54,14.59,745.6400146484375,78,353,0.15537343658447267,0.04,0.013
SPY,2026-05-25,2026-07-17,52,call,754.0,14.045,14.02,14.07,745.6400146484375,157,353,0.15448843566894532,0.04,0.013
SPY,2026-05-25,2026-07-17,52,call,755.0,13.535,13.51,13.56,745.6400146484375,7930,10691,0.15360343475341798,0.04,0.013
SPY,2026-05-25,2026-07-17,52,call,756.0,13.035,13.01,13.06,745.6400146484375,48,332,0.15273369247436525,0.04,0.013
SPY,2026-05-25,2026-07-17,52,call,757.0,12.545,12.52,12.57,745.6400146484375,67,390,0.1518639501953125,0.04,0.013
SPY,2026-05-25,2026-07-17,52,call,758.0,12.07,12.05,12.09,745.6400146484375,225,353,0.15100946655273442,0.04,0.013
SPY,2026-05-25,2026-07-17,52,call,759.0,11.605,11.58,11.63,745.6400146484375,60,121,0.15023127609252934,0.04,0.013
SPY,2026-05-25,2026-07-17,52,call,760.0,11.155000000000001,11.13,11.18,745.6400146484375,1558,6667,0.14946834426879885,0.04,0.013
SPY,2026-05-25,2026-07-17,52,call,761.0,10.715,10.69,10.74,745.6400146484375,74,368,0.14870541244506835,0.04,0.013
SPY,2026-05-25,2026-07-17,52,call,762.0,10.285,10.26,10.31,745.6400146484375,42,294,0.1479424806213379,0.04,0.013
SPY,2026-05-25,2026-07-17,52,call,763.0,9.865,9.84,9.89,745.6400146484375,106,444,0.14717954879760742,0.04,0.013
SPY,2026-05-25,2026-07-17,52,call,764.0,9.46,9.44,9.48,745.6400146484375,190,398,0.14641661697387692,0.04,0.013
SPY,2026-05-25,2026-07-17,52,call,765.0,9.065,9.04,9.09,745.6400146484375,175,4702,0.14576049560546872,0.04,0.013
SPY,2026-05-25,2026-07-17,52,call,766.0,8.685,8.66,8.71,745.6400146484375,49,351,0.14508911560058596,0.04,0.013
SPY,2026-05-25,2026-07-17,52,call,767.0,8.315,8.29,8.34,745.6400146484375,160,516,0.14444825286865232,0.04,0.013
SPY,2026-05-25,2026-07-17,52,call,768.0,7.955,7.93,7.98,745.6400146484375,176,981,0.1437921315002441,0.04,0.013
SPY,2026-05-25,2026-07-17,52,call,769.0,7.609999999999999,7.59,7.63,745.6400146484375,61,781,0.14313601013183597,0.04,0.013
SPY,2026-05-25,2026-07-17,52,call,770.0,7.27,7.25,7.29,745.6400146484375,471,4893,0.14249514739990232,0.04,0.013
SPY,2026-05-25,2026-07-17,52,call,771.0,6.949999999999999,6.93,6.97,745.6400146484375,45,352,0.14196109512329103,0.04,0.013
SPY,2026-05-25,2026-07-17,52,call,772.0,6.630000000000001,6.61,6.65,745.6400146484375,43,374,0.14133549102783205,0.04,0.013
SPY,2026-05-25,2026-07-17,52,call,773.0,6.33,6.31,6.35,745.6400146484375,47,539,0.1408014387512207,0.04,0.013
SPY,2026-05-25,2026-07-17,52,call,774.0,6.039999999999999,6.02,6.06,745.6400146484375,40,541,0.14029790374755857,0.04,0.013
SPY,2026-05-25,2026-07-17,52,call,775.0,5.76,5.74,5.78,745.6400146484375,221,7097,0.1397943687438965,0.04,0.013
SPY,2026-05-25,2026-07-17,52,call,776.0,5.49,5.47,5.51,745.6400146484375,66,363,0.1393213510131836,0.04,0.013
SPY,2026-05-25,2026-07-17,52,call,777.0,5.220000000000001,5.2,5.24,745.6400146484375,278,490,0.13874152282714847,0.04,0.013
SPY,2026-05-25,2026-07-17,52,call,778.0,4.970000000000001,4.95,4.99,745.6400146484375,44,187,0.13828376373291018,0.04,0.013
SPY,2026-05-25,2026-07-17,52,call,779.0,4.73,4.71,4.75,745.6400146484375,98,140,0.1378412632751465,0.04,0.013
SPY,2026-05-25,2026-07-17,52,call,780.0,4.5,4.48,4.52,745.6400146484375,382,16237,0.13742928009033206,0.04,0.013
SPY,2026-05-25,2026-07-17,52,call,781.0,4.279999999999999,4.26,4.3,745.6400146484375,182,187,0.13703255554199223,0.04,0.013
SPY,2026-05-25,2026-07-17,52,call,782.0,4.0649999999999995,4.05,4.08,745.6400146484375,96,494,0.13655953781127933,0.04,0.013
SPY,2026-05-25,2026-07-17,52,call,783.0,3.86,3.84,3.88,745.6400146484375,81,218,0.1362391064453125,0.04,0.013
SPY,2026-05-25,2026-07-17,52,call,784.0,3.665,3.65,3.68,745.6400146484375,138,144,0.13581186462402345,0.04,0.013
SPY,2026-05-25,2026-07-17,52,call,785.0,3.475,3.46,3.49,745.6400146484375,222,4373,0.13541514007568362,0.04,0.013
SPY,2026-05-25,2026-07-17,52,call,786.0,3.295,3.28,3.31,745.6400146484375,207,252,0.135048932800293,0.04,0.013
SPY,2026-05-25,2026-07-17,52,call,787.0,3.125,3.11,3.14,745.6400146484375,61,110,0.1347437600708008,0.04,0.013
SPY,2026-05-25,2026-07-17,52,call,788.0,2.96,2.94,2.98,745.6400146484375,127,109,0.13446910461425782,0.04,0.013
SPY,2026-05-25,2026-07-17,52,call,789.0,2.8,2.78,2.82,745.6400146484375,72,115,0.13413341461181644,0.04,0.013
SPY,2026-05-25,2026-07-17,52,call,790.0,2.6500000000000004,2.64,2.66,745.6400146484375,736,5988,0.13367565551757812,0.04,0.013
SPY,2026-05-25,2026-07-17,52,call,791.0,2.51,2.49,2.53,745.6400146484375,217,671,0.13358410369873047,0.04,0.013
SPY,2026-05-25,2026-07-17,52,call,792.0,2.375,2.36,2.39,745.6400146484375,244,153,0.13324841369628904,0.04,0.013
SPY,2026-05-25,2026-07-17,52,call,793.0,2.245,2.23,2.26,745.6400146484375,126,65,0.1329737582397461,0.04,0.013
SPY,2026-05-25,2026-07-17,52,call,794.0,2.12,2.1,2.14,745.6400146484375,23,119,0.1327906546020508,0.04,0.013
SPY,2026-05-25,2026-07-17,52,call,795.0,2.005,1.99,2.02,745.6400146484375,557,2679,0.13251599914550782,0.04,0.013
SPY,2026-05-25,2026-07-17,52,call,800.0,1.495,1.48,1.51,745.6400146484375,913,6002,0.1313563427734375,0.04,0.013
SPY,2026-05-25,2026-07-17,52,call,805.0,1.11,1.1,1.12,745.6400146484375,732,2590,0.13050185913085935,0.04,0.013
SPY,2026-05-25,2026-07-17,52,call,810.0,0.83,0.82,0.84,745.6400146484375,258,1129,0.13037979003906247,0.04,0.013
SPY,2026-05-25,2026-07-17,52,call,815.0,0.62,0.61,0.63,745.6400146484375,2287,1089,0.13050185913085935,0.04,0.013
SPY,2026-05-25,2026-07-17,52,call,820.0,0.47,0.46,0.48,745.6400146484375,35,2608,0.13123427368164062,0.04,0.013
SPY,2026-05-25,2026-07-17,52,call,825.0,0.36,0.35,0.37,745.6400146484375,20,1087,0.13221082641601564,0.04,0.013
SPY,2026-05-25,2026-07-17,52,call,830.0,0.28,0.27,0.29,745.6400146484375,13,1193,0.13367565551757812,0.04,0.013
SPY,2026-05-25,2026-07-17,52,call,835.0,0.225,0.22,0.23,745.6400146484375,19,962,0.13526255371093754,0.04,0.013
SPY,2026-05-25,2026-07-17,52,call,840.0,0.18,0.17,0.19,745.6400146484375,20,826,0.13770393554687502,0.04,0.013
SPY,2026-05-25,2026-07-17,52,call,845.0,0.15000000000000002,0.14,0.16,745.6400146484375,106,1932,0.14038945556640625,0.04,0.013
SPY,2026-05-25,2026-07-17,52,call,850.0,0.125,0.12,0.13,745.6400146484375,136,975,0.14234256103515625,0.04,0.013
SPY,2026-05-25,2026-07-17,52,call,855.0,0.10500000000000001,0.1,0.11,745.6400146484375,196,717,0.14478394287109375,0.04,0.013
SPY,2026-05-25,2026-07-17,52,call,860.0,0.09,0.08,0.1,745.6400146484375,6,533,0.148446015625,0.04,0.013
SPY,2026-05-25,2026-07-17,52,call,865.0,0.08,0.07,0.09,745.6400146484375,6,115,0.1518639501953125,0.04,0.013
SPY,2026-05-25,2026-07-17,52,call,870.0,0.07,0.06,0.08,745.6400146484375,3,597,0.15528188476562502,0.04,0.013
SPY,2026-05-25,2026-07-17,52,call,875.0,0.060000000000000005,0.05,0.07,745.6400146484375,6,363,0.1577232666015625,0.04,0.013
SPY,2026-05-25,2026-07-17,52,call,880.0,0.055,0.05,0.06,745.6400146484375,2,396,0.1601646484375,0.04,0.013
SPY,2026-05-25,2026-07-17,52,call,885.0,0.05,0.04,0.06,745.6400146484375,3,579,0.165047412109375,0.04,0.013
SPY,2026-05-25,2026-07-17,52,call,890.0,0.045,0.04,0.05,745.6400146484375,3,232,0.16700051757812504,0.04,0.013
SPY,2026-05-25,2026-07-17,52,call,895.0,0.045,0.04,0.05,745.6400146484375,10,943,0.1713950048828125,0.04,0.013
SPY,2026-05-25,2026-07-17,52,call,900.0,0.045,0.04,0.05,745.6400146484375,120,1813,0.1757894921875,0.04,0.013
SPY,2026-05-25,2026-07-17,52,call,905.0,0.035,0.03,0.04,745.6400146484375,120,1383,0.176766044921875,0.04,0.013
SPY,2026-05-25,2026-07-17,52,call,910.0,0.035,0.03,0.04,745.6400146484375,7,844,0.18164880859375,0.04,0.013
SPY,2026-05-25,2026-07-17,52,call,915.0,0.035,0.03,0.04,745.6400146484375,120,944,0.18555501953124998,0.04,0.013
SPY,2026-05-25,2026-07-17,52,call,920.0,0.035,0.03,0.04,745.6400146484375,121,1408,0.19043778320312502,0.04,0.013
SPY,2026-05-25,2026-07-17,52,call,925.0,0.025,0.02,0.03,745.6400146484375,37,1434,0.18946123046875002,0.04,0.013
SPY,2026-05-25,2026-07-17,52,call,930.0,0.025,0.02,0.03,745.6400146484375,10,1726,0.19336744140625,0.04,0.013
SPY,2026-05-25,2026-07-17,52,call,935.0,0.025,0.02,0.03,745.6400146484375,2,1109,0.198250205078125,0.04,0.013
SPY,2026-05-25,2026-07-17,52,call,940.0,0.025,0.02,0.03,745.6400146484375,10,3887,0.20215641601562498,0.04,0.013
SPY,2026-05-25,2026-07-17,52,call,945.0,0.025,0.02,0.03,745.6400146484375,10,1560,0.20703917968749996,0.04,0.013
SPY,2026-05-25,2026-07-17,52,call,950.0,0.025,0.02,0.03,745.6400146484375,8,2847,0.21094539062499998,0.04,0.013
SPY,2026-05-25,2026-07-17,52,call,955.0,0.02,0.01,0.03,745.6400146484375,10,3453,0.2148516015625,0.04,0.013
SPY,2026-05-25,2026-07-17,52,call,960.0,0.02,0.01,0.03,745.6400146484375,20,2307,0.21875781249999998,0.04,0.013
SPY,2026-05-25,2026-07-17,52,call,965.0,0.02,0.01,0.03,745.6400146484375,37,2229,0.22266402343749997,0.04,0.013
SPY,2026-05-25,2026-07-17,52,call,970.0,0.02,0.01,0.03,745.6400146484375,7,1154,0.22657023437499998,0.04,0.013
SPY,2026-05-25,2026-07-17,52,call,975.0,0.02,0.01,0.03,745.6400146484375,4,1414,0.2304764453125,0.04,0.013
SPY,2026-05-25,2026-07-17,52,call,980.0,0.02,0.01,0.03,745.6400146484375,3,985,0.23438265625,0.04,0.013
SPY,2026-05-25,2026-07-17,52,call,985.0,0.015,0.01,0.02,745.6400146484375,0,939,0.2304764453125,0.04,0.013
SPY,2026-05-25,2026-07-17,52,call,990.0,0.015,0.01,0.02,745.6400146484375,1,739,0.23438265625,0.04,0.013
SPY,2026-05-25,2026-07-17,52,call,995.0,0.015,0.01,0.02,745.6400146484375,10,191,0.23828886718749998,0.04,0.013
SPY,2026-05-25,2026-07-17,52,call,1000.0,0.015,0.01,0.02,745.6400146484375,18,552,0.242195078125,0.04,0.013
SPY,2026-05-25,2026-07-31,66,call,375.0,364.31,362.67,365.95,745.6400146484375,0,4,1.0000000000000003e-05,0.04,0.013
SPY,2026-05-25,2026-07-31,66,call,435.0,304.95,303.4,306.5,745.6400146484375,0,1,1.0000000000000003e-05,0.04,0.013
SPY,2026-05-25,2026-07-31,66,call,445.0,212.0,0.0,0.0,745.6400146484375,2,0,1.0000000000000003e-05,0.04,0.013
SPY,2026-05-25,2026-07-31,66,call,450.0,214.85,0.0,0.0,745.6400146484375,49,0,1.0000000000000003e-05,0.04,0.013
SPY,2026-05-25,2026-07-31,66,call,465.0,250.185,248.57,251.8,745.6400146484375,6,6,1.0000000000000003e-05,0.04,0.013
SPY,2026-05-25,2026-07-31,66,call,470.0,192.74,0.0,0.0,745.6400146484375,1,0,1.0000000000000003e-05,0.04,0.013
SPY,2026-05-25,2026-07-31,66,call,475.0,273.075,271.51,274.64,745.6400146484375,18,33,0.590946473388672,0.04,0.013
SPY,2026-05-25,2026-07-31,66,call,485.0,255.75,254.11,257.39,745.6400146484375,32,33,1.0000000000000003e-05,0.04,0.013
SPY,2026-05-25,2026-07-31,66,call,490.0,158.96,0.0,0.0,745.6400146484375,2,0,1.0000000000000003e-05,0.04,0.013
SPY,2026-05-25,2026-07-31,66,call,495.0,253.33999999999997,251.76,254.92,745.6400146484375,20,20,0.5554243676757813,0.04,0.013
SPY,2026-05-25,2026-07-31,66,call,500.0,248.405,246.83,249.98,745.6400146484375,1,35,0.5463912548828126,0.04,0.013
SPY,2026-05-25,2026-07-31,66,call,505.0,165.9,0.0,0.0,745.6400146484375,25,0,1.0000000000000003e-05,0.04,0.013
SPY,2026-05-25,2026-07-31,66,call,510.0,206.29,204.64,207.94,745.6400146484375,1,3,1.0000000000000003e-05,0.04,0.013
SPY,2026-05-25,2026-07-31,66,call,515.0,233.61,232.03,235.19,745.6400146484375,8,8,0.5196581237792968,0.04,0.013
SPY,2026-05-25,2026-07-31,66,call,520.0,228.69,227.11,230.27,745.6400146484375,2,8,0.5111132873535156,0.04,0.013
SPY,2026-05-25,2026-07-31,66,call,525.0,223.75,222.18,225.32,745.6400146484375,1,9,0.5018360363769532,0.04,0.013
SPY,2026-05-25,2026-07-31,66,call,530.0,218.82999999999998,217.26,220.4,745.6400146484375,1,2,0.5393112475585939,0.04,0.013
SPY,2026-05-25,2026-07-31,66,call,535.0,213.91,212.34,215.48,745.6400146484375,8,31,0.529423651123047,0.04,0.013
SPY,2026-05-25,2026-07-31,66,call,540.0,201.76,200.12,203.4,745.6400146484375,1,2,1.0000000000000003e-05,0.04,0.013
SPY,2026-05-25,2026-07-31,66,call,545.0,196.87,195.23,198.51,745.6400146484375,1,3,1.0000000000000003e-05,0.04,0.013
SPY,2026-05-25,2026-07-31,66,call,550.0,199.175,197.6,200.75,745.6400146484375,1,23,0.5003712072753908,0.04,0.013
SPY,2026-05-25,2026-07-31,66,call,555.0,162.77499999999998,161.1,164.45,745.6400146484375,1,0,1.0000000000000003e-05,0.04,0.013
SPY,2026-05-25,2026-07-31,66,call,560.0,189.36,187.78,190.94,745.6400146484375,4,8,0.4811758425903321,0.04,0.013
SPY,2026-05-25,2026-07-31,66,call,565.0,184.44,182.87,186.01,745.6400146484375,1,3,0.47095255615234377,0.04,0.013
SPY,2026-05-25,2026-07-31,66,call,570.0,172.48000000000002,170.84,174.12,745.6400146484375,1,16,1.0000000000000003e-05,0.04,0.013
SPY,2026-05-25,2026-07-31,66,call,575.0,174.65,173.08,176.22,745.6400146484375,1,9,0.45206236419677737,0.04,0.013
SPY,2026-05-25,2026-07-31,66,call,580.0,169.76,168.18,171.34,745.6400146484375,1,8,0.44287666503906253,0.04,0.013
SPY,2026-05-25,2026-07-31,66,call,585.0,164.88,163.3,166.46,745.6400146484375,1,26,0.4335994140625,0.04,0.013
SPY,2026-05-25,2026-07-31,66,call,590.0,159.985,158.41,161.56,745.6400146484375,1,14,0.42389492126464845,0.04,0.013
SPY,2026-05-25,2026-07-31,66,call,595.0,155.125,153.54,156.71,745.6400146484375,1,409,0.4151364639282227,0.04,0.013
SPY,2026-05-25,2026-07-31,66,call,600.0,150.255,148.67,151.84,745.6400146484375,3,282,0.4058897302246094,0.04,0.013
SPY,2026-05-25,2026-07-31,66,call,605.0,145.39499999999998,143.81,146.98,745.6400146484375,1,29,0.3967345483398438,0.04,0.013
SPY,2026-05-25,2026-07-31,66,call,610.0,140.54500000000002,138.96,142.13,745.6400146484375,3,134,0.387701435546875,0.04,0.013
SPY,2026-05-25,2026-07-31,66,call,615.0,135.69,134.11,137.27,745.6400146484375,3,580,0.37842418457031246,0.04,0.013
SPY,2026-05-25,2026-07-31,66,call,620.0,130.86,129.28,132.44,745.6400146484375,7,1220,0.3695131408691406,0.04,0.013
SPY,2026-05-25,2026-07-31,66,call,621.0,129.905,128.32,131.49,745.6400146484375,2,10,0.3679872772216797,0.04,0.013
SPY,2026-05-25,2026-07-31,66,call,622.0,122.37,120.74,124.0,745.6400146484375,3,12,0.19605296142578127,0.04,0.013
SPY,2026-05-25,2026-07-31,66,call,623.0,127.965,126.39,129.54,745.6400146484375,1,95,0.3641115835571289,0.04,0.013
SPY,2026-05-25,2026-07-31,66,call,624.0,74.94,0.0,0.0,745.6400146484375,1,0,1.0000000000000003e-05,0.04,0.013
SPY,2026-05-25,2026-07-31,66,call,625.0,126.05,124.46,127.64,745.6400146484375,2,603,0.3609988217163086,0.04,0.013
SPY,2026-05-25,2026-07-31,66,call,626.0,125.095,123.5,126.69,745.6400146484375,1,2,0.3594424407958984,0.04,0.013
SPY,2026-05-25,2026-07-31,66,call,627.0,117.64500000000001,116.0,119.29,745.6400146484375,10,10,0.20716124877929684,0.04,0.013
SPY,2026-05-25,2026-07-31,66,call,628.0,77.64,0.0,0.0,745.6400146484375,1,0,1.0000000000000003e-05,0.04,0.013
SPY,2026-05-25,2026-07-31,66,call,629.0,115.75,114.1,117.4,745.6400146484375,2,3,0.20948056152343747,0.04,0.013
SPY,2026-05-25,2026-07-31,66,call,630.0,121.255,119.66,122.85,745.6400146484375,3,746,0.3524845025634765,0.04,0.013
SPY,2026-05-25,2026-07-31,66,call,631.0,120.295,118.7,121.89,745.6400146484375,8,11,0.35074501800537106,0.04,0.013
SPY,2026-05-25,2026-07-31,66,call,632.0,41.89,0.0,0.0,745.6400146484375,5,0,1.0000000000000003e-05,0.04,0.013
SPY,2026-05-25,2026-07-31,66,call,633.0,118.37,116.78,119.96,745.6400146484375,1,6,0.34708294525146477,0.04,0.013
SPY,2026-05-25,2026-07-31,66,call,634.0,111.035,109.38,112.69,745.6400146484375,2,14,0.2135088415527344,0.04,0.013
SPY,2026-05-25,2026-07-31,66,call,635.0,116.46000000000001,114.86,118.06,745.6400146484375,1,26,0.34384811431884765,0.04,0.013
SPY,2026-05-25,2026-07-31,66,call,636.0,115.5,113.91,117.09,745.6400146484375,2,16,0.3418950088500976,0.04,0.013
SPY,2026-05-25,2026-07-31,66,call,637.0,108.215,106.56,109.87,745.6400146484375,1,702,0.2148516015625,0.04,0.013
SPY,2026-05-25,2026-07-31,66,call,638.0,107.275,105.62,108.93,745.6400146484375,1,566,0.2151567742919922,0.04,0.013
SPY,2026-05-25,2026-07-31,66,call,639.0,112.64,111.04,114.24,745.6400146484375,1,23,0.3369817279052735,0.04,0.013
SPY,2026-05-25,2026-07-31,66,call,640.0,111.67,110.09,113.25,745.6400146484375,7,360,0.3347234497070312,0.04,0.013
SPY,2026-05-25,2026-07-31,66,call,641.0,35.62,0.0,0.0,745.6400146484375,89,0,1.0000000000000003e-05,0.04,0.013
SPY,2026-05-25,2026-07-31,66,call,642.0,103.535,101.88,105.19,745.6400146484375,1,14,0.2161943615722656,0.04,0.013
SPY,2026-05-25,2026-07-31,66,call,643.0,102.595,100.94,104.25,745.6400146484375,1,103,0.21613332702636717,0.04,0.013
SPY,2026-05-25,2026-07-31,66,call,644.0,107.88,106.28,109.48,745.6400146484375,6,94,0.3284674087524414,0.04,0.013
SPY,2026-05-25,2026-07-31,66,call,645.0,106.93,105.33,108.53,745.6400146484375,3,175,0.32675844146728517,0.04,0.013
SPY,2026-05-25,2026-07-31,66,call,646.0,105.97999999999999,104.38,107.58,745.6400146484375,1,32,0.3250494741821288,0.04,0.013
SPY,2026-05-25,2026-07-31,66,call,647.0,105.03,103.43,106.63,745.6400146484375,6,1217,0.3233405068969726,0.04,0.013
SPY,2026-05-25,2026-07-31,66,call,648.0,97.94,96.28,99.6,745.6400146484375,1,9,0.21631643066406248,0.04,0.013
SPY,2026-05-25,2026-07-31,66,call,649.0,103.14,101.54,104.74,745.6400146484375,1,11,0.320044641418457,0.04,0.013
SPY,2026-05-25,2026-07-31,66,call,650.0,102.17500000000001,100.59,103.76,745.6400146484375,1,1284,0.3179084323120117,0.04,0.013
SPY,2026-05-25,2026-07-31,66,call,651.0,95.9,94.98,96.82,745.6400146484375,1,19,0.2160112579345703,0.04,0.013
SPY,2026-05-25,2026-07-31,66,call,652.0,100.305,98.7,101.91,745.6400146484375,1,21,0.3150703259277343,0.04,0.013
SPY,2026-05-25,2026-07-31,66,call,653.0,99.345,97.76,100.93,745.6400146484375,2,46,0.3129188581848144,0.04,0.013
SPY,2026-05-25,2026-07-31,66,call,654.0,98.41999999999999,96.82,100.02,745.6400146484375,2,154,0.31168290863037107,0.04,0.013
SPY,2026-05-25,2026-07-31,66,call,655.0,97.465,95.88,99.05,745.6400146484375,1,190,0.30963825134277345,0.04,0.013
SPY,2026-05-25,2026-07-31,66,call,656.0,96.53999999999999,94.94,98.14,745.6400146484375,1,132,0.3083870431518554,0.04,0.013
SPY,2026-05-25,2026-07-31,66,call,657.0,95.58500000000001,94.0,97.17,745.6400146484375,1,168,0.30634238586425777,0.04,0.013
SPY,2026-05-25,2026-07-31,66,call,658.0,94.67,93.06,96.28,745.6400146484375,2,25,0.3053047985839844,0.04,0.013
SPY,2026-05-25,2026-07-31,66,call,659.0,31.5,0.0,0.0,745.6400146484375,91,0,1.0000000000000003e-05,0.04,0.013
SPY,2026-05-25,2026-07-31,66,call,660.0,92.77000000000001,91.18,94.36,745.6400146484375,28,504,0.30142910491943364,0.04,0.013
SPY,2026-05-25,2026-07-31,66,call,661.0,91.86,90.25,93.47,745.6400146484375,3,286,0.30036100036621094,0.04,0.013
SPY,2026-05-25,2026-07-31,66,call,662.0,90.92,89.31,92.53,745.6400146484375,1,82,0.2986520330810546,0.04,0.013
SPY,2026-05-25,2026-07-31,66,call,663.0,89.985,88.38,91.59,745.6400146484375,2,161,0.2969125485229491,0.04,0.013
SPY,2026-05-25,2026-07-31,66,call,664.0,89.06,87.45,90.67,745.6400146484375,4,71,0.2954324607849121,0.04,0.013
SPY,2026-05-25,2026-07-31,66,call,665.0,88.13,86.52,89.74,745.6400146484375,1,568,0.2938150453186034,0.04,0.013
SPY,2026-05-25,2026-07-31,66,call,666.0,87.195,85.59,88.8,745.6400146484375,1,259,0.29206030212402334,0.04,0.013
SPY,2026-05-25,2026-07-31,66,call,667.0,86.265,84.66,87.87,745.6400146484375,2,469,0.29041236938476556,0.04,0.013
SPY,2026-05-25,2026-07-31,66,call,668.0,26.71,0.0,0.0,745.6400146484375,4,0,1.0000000000000003e-05,0.04,0.013
SPY,2026-05-25,2026-07-31,66,call,669.0,84.42,82.81,86.03,745.6400146484375,2,173,0.28733012481689446,0.04,0.013
SPY,2026-05-25,2026-07-31,66,call,670.0,83.475,81.88,85.07,745.6400146484375,5,784,0.28531598480224607,0.04,0.013
SPY,2026-05-25,2026-07-31,66,call,671.0,82.57,80.96,84.18,745.6400146484375,11,149,0.28409529388427723,0.04,0.013
SPY,2026-05-25,2026-07-31,66,call,672.0,81.65,80.04,83.26,745.6400146484375,1,57,0.2825083956909179,0.04,0.013
SPY,2026-05-25,2026-07-31,66,call,673.0,80.73,79.12,82.34,745.6400146484375,1,265,0.28092149749755857,0.04,0.013
SPY,2026-05-25,2026-07-31,66,call,674.0,79.81,78.2,81.42,745.6400146484375,1,388,0.27930408203124996,0.04,0.013
SPY,2026-05-25,2026-07-31,66,call,675.0,78.89500000000001,77.28,80.51,745.6400146484375,4,652,0.27779347702026363,0.04,0.013
SPY,2026-05-25,2026-07-31,66,call,676.0,77.985,76.37,79.6,745.6400146484375,5,104,0.27628287200927726,0.04,0.013
SPY,2026-05-25,2026-07-31,66,call,677.0,77.05000000000001,75.45,78.65,745.6400146484375,1,49,0.2742839906311035,0.04,0.013
SPY,2026-05-25,2026-07-31,66,call,678.0,76.135,74.54,77.73,745.6400146484375,1,135,0.2726207992553711,0.04,0.013
SPY,2026-05-25,2026-07-31,66,call,679.0,75.225,73.63,76.82,745.6400146484375,1,267,0.271064418334961,0.04,0.013
SPY,2026-05-25,2026-07-31,66,call,680.0,74.32,72.72,75.92,745.6400146484375,1,670,0.26959958923339844,0.04,0.013
SPY,2026-05-25,2026-07-31,66,call,681.0,73.43,71.81,75.05,745.6400146484375,1,478,0.26843993286132806,0.04,0.013
SPY,2026-05-25,2026-07-31,66,call,682.0,72.5,70.9,74.1,745.6400146484375,2,390,0.26639527557373044,0.04,0.013
SPY,2026-05-25,2026-07-31,66,call,683.0,71.62,70.0,73.24,745.6400146484375,3,286,0.26532717102050785,0.04,0.013
SPY,2026-05-25,2026-07-31,66,call,684.0,70.72,69.1,72.34,745.6400146484375,1,243,0.26378604873657224,0.04,0.013
SPY,2026-05-25,2026-07-31,66,call,685.0,69.82,68.2,71.44,745.6400146484375,3,611,0.26224492645263675,0.04,0.013
SPY,2026-05-25,2026-07-31,66,call,686.0,68.92,67.3,70.54,745.6400146484375,1,153,0.2606732868957519,0.04,0.013
SPY,2026-05-25,2026-07-31,66,call,687.0,68.025,66.4,69.65,745.6400146484375,3,61,0.2591931991577149,0.04,0.013
SPY,2026-05-25,2026-07-31,66,call,688.0,67.135,65.51,68.76,745.6400146484375,2,129,0.2576978527832031,0.04,0.013
SPY,2026-05-25,2026-07-31,66,call,689.0,66.245,64.62,67.87,745.6400146484375,3,185,0.25620250640869147,0.04,0.013
SPY,2026-05-25,2026-07-31,66,call,690.0,65.355,63.73,66.98,745.6400146484375,4,1138,0.2546613841247559,0.04,0.013
SPY,2026-05-25,2026-07-31,66,call,691.0,64.465,62.84,66.09,745.6400146484375,2,176,0.25312026184082037,0.04,0.013
SPY,2026-05-25,2026-07-31,66,call,692.0,63.58,61.95,65.21,745.6400146484375,1,237,0.25165543273925783,0.04,0.013
SPY,2026-05-25,2026-07-31,66,call,693.0,62.7,61.07,64.33,745.6400146484375,9,253,0.2501753450012207,0.04,0.013
SPY,2026-05-25,2026-07-31,66,call,694.0,61.82,60.19,63.45,745.6400146484375,11,117,0.2486647399902344,0.04,0.013
SPY,2026-05-25,2026-07-31,66,call,695.0,60.94,59.31,62.57,745.6400146484375,13,899,0.24715413497924804,0.04,0.013
SPY,2026-05-25,2026-07-31,66,call,696.0,60.06,58.43,61.69,745.6400146484375,5,448,0.2456130126953125,0.04,0.013
SPY,2026-05-25,2026-07-31,66,call,697.0,59.19,57.56,60.82,745.6400146484375,11,208,0.24414818359375,0.04,0.013
SPY,2026-05-25,2026-07-31,66,call,698.0,58.32,56.69,59.95,745.6400146484375,3,136,0.24266809585571286,0.04,0.013
SPY,2026-05-25,2026-07-31,66,call,699.0,57.455,55.82,59.09,745.6400146484375,6,348,0.24126430130004883,0.04,0.013
SPY,2026-05-25,2026-07-31,66,call,700.0,56.67,55.12,58.22,745.6400146484375,19,2414,0.23973843765258784,0.04,0.013
SPY,2026-05-25,2026-07-31,66,call,701.0,55.739999999999995,54.12,57.36,745.6400146484375,13,276,0.23828886718749998,0.04,0.013
SPY,2026-05-25,2026-07-31,66,call,702.0,54.864999999999995,53.23,56.5,745.6400146484375,1,353,0.2368240380859375,0.04,0.013
SPY,2026-05-25,2026-07-31,66,call,703.0,54.01,52.37,55.65,745.6400146484375,21,230,0.2354202435302734,0.04,0.013
SPY,2026-05-25,2026-07-31,66,call,704.0,53.16,51.52,54.8,745.6400146484375,1,208,0.23400119033813477,0.04,0.013
SPY,2026-05-25,2026-07-31,66,call,705.0,52.31,50.67,53.95,745.6400146484375,3,416,0.23255161987304687,0.04,0.013
SPY,2026-05-25,2026-07-31,66,call,706.0,51.465,49.82,53.11,745.6400146484375,59,393,0.23117834259033204,0.04,0.013
SPY,2026-05-25,2026-07-31,66,call,707.0,50.625,48.98,52.27,745.6400146484375,1,263,0.22977454803466796,0.04,0.013
SPY,2026-05-25,2026-07-31,66,call,708.0,49.785,48.14,51.43,745.6400146484375,1,334,0.2283402362060547,0.04,0.013
SPY,2026-05-25,2026-07-31,66,call,709.0,48.945,47.3,50.59,745.6400146484375,1,153,0.22687540710449217,0.04,0.013
SPY,2026-05-25,2026-07-31,66,call,710.0,48.114999999999995,46.47,49.76,745.6400146484375,3,1137,0.2255021298217773,0.04,0.013
SPY,2026-05-25,2026-07-31,66,call,711.0,47.425,46.05,48.8,745.6400146484375,15,445,0.22290816162109373,0.04,0.013
SPY,2026-05-25,2026-07-31,66,call,712.0,46.46,44.81,48.11,745.6400146484375,1,320,0.22272505798339842,0.04,0.013
SPY,2026-05-25,2026-07-31,66,call,713.0,45.745000000000005,44.2,47.29,745.6400146484375,17,351,0.22133652206420895,0.04,0.013
SPY,2026-05-25,2026-07-31,66,call,714.0,45.045,43.61,46.48,745.6400146484375,1,415,0.22000902069091793,0.04,0.013
SPY,2026-05-25,2026-07-31,66,call,715.0,43.595,42.82,44.37,745.6400146484375,8,894,0.20728331787109372,0.04,0.013
SPY,2026-05-25,2026-07-31,66,call,716.0,43.205,41.55,44.86,745.6400146484375,14,517,0.2172929833984375,0.04,0.013
SPY,2026-05-25,2026-07-31,66,call,717.0,42.400000000000006,40.74,44.06,745.6400146484375,6,468,0.21596548202514648,0.04,0.013
SPY,2026-05-25,2026-07-31,66,call,718.0,41.605000000000004,39.95,43.26,745.6400146484375,8,102,0.21460746337890624,0.04,0.013
SPY,2026-05-25,2026-07-31,66,call,719.0,40.325,39.56,41.09,745.6400146484375,9,1162,0.2015002946472168,0.04,0.013
SPY,2026-05-25,2026-07-31,66,call,720.0,40.795,39.91,41.68,745.6400146484375,20,2491,0.21196771926879882,0.04,0.013
SPY,2026-05-25,2026-07-31,66,call,721.0,39.235,37.57,40.9,745.6400146484375,9,616,0.21068599380493164,0.04,0.013
SPY,2026-05-25,2026-07-31,66,call,722.0,38.459999999999994,36.8,40.12,745.6400146484375,8,521,0.20937375106811518,0.04,0.013
SPY,2026-05-25,2026-07-31,66,call,725.0,36.760000000000005,35.7,37.82,745.6400146484375,3,1475,0.20557435058593748,0.04,0.013
SPY,2026-05-25,2026-07-31,66,call,726.0,35.39,33.72,37.06,745.6400146484375,1,285,0.2042773664855957,0.04,0.013
SPY,2026-05-25,2026-07-31,66,call,727.0,34.64,32.97,36.31,745.6400146484375,2,49,0.2030414169311523,0.04,0.013
SPY,2026-05-25,2026-07-31,66,call,728.0,33.894999999999996,32.22,35.57,745.6400146484375,5,343,0.2018512432861328,0.04,0.013
SPY,2026-05-25,2026-07-31,66,call,729.0,33.155,31.48,34.83,745.6400146484375,4,202,0.2006152937316894,0.04,0.013
SPY,2026-05-25,2026-07-31,66,call,730.0,32.42,30.74,34.1,745.6400146484375,13,1456,0.1994251200866699,0.04,0.013
SPY,2026-05-25,2026-07-31,66,call,731.0,31.78,30.19,33.37,745.6400146484375,1,236,0.19818917053222657,0.04,0.013
SPY,2026-05-25,2026-07-31,66,call,732.0,31.075,29.5,32.65,745.6400146484375,7,203,0.196998996887207,0.04,0.013
SPY,2026-05-25,2026-07-31,66,call,733.0,30.365000000000002,28.79,31.94,745.6400146484375,2,422,0.19585459915161135,0.04,0.013
SPY,2026-05-25,2026-07-31,66,call,734.0,29.549999999999997,27.86,31.24,745.6400146484375,2,890,0.1947407186889648,0.04,0.013
SPY,2026-05-25,2026-07-31,66,call,735.0,29.575,28.61,30.54,745.6400146484375,8,716,0.19358106231689454,0.04,0.013
SPY,2026-05-25,2026-07-31,66,call,736.0,28.155,26.46,29.85,745.6400146484375,65,351,0.19246718185424805,0.04,0.013
SPY,2026-05-25,2026-07-31,66,call,737.0,27.465,25.77,29.16,745.6400146484375,1,231,0.19130752548217772,0.04,0.013
SPY,2026-05-25,2026-07-31,66,call,738.0,27.29,26.72,27.86,745.6400146484375,269,287,0.18531088134765622,0.04,0.013
SPY,2026-05-25,2026-07-31,66,call,739.0,26.2,24.58,27.82,745.6400146484375,3,392,0.1891560577392578,0.04,0.013
SPY,2026-05-25,2026-07-31,66,call,740.0,25.54,25.39,25.69,745.6400146484375,65,1612,0.1766287171936035,0.04,0.013
SPY,2026-05-25,2026-07-31,66,call,741.0,25.015,23.53,26.5,745.6400146484375,12,501,0.1869893313598633,0.04,0.013
SPY,2026-05-25,2026-07-31,66,call,742.0,24.95,24.04,25.86,745.6400146484375,48,430,0.18598226135253904,0.04,0.013
SPY,2026-05-25,2026-07-31,66,call,743.0,24.33,23.44,25.22,745.6400146484375,9,238,0.184929415435791,0.04,0.013
SPY,2026-05-25,2026-07-31,66,call,744.0,23.42,22.25,24.59,745.6400146484375,68,403,0.1839070867919922,0.04,0.013
SPY,2026-05-25,2026-07-31,66,call,745.0,22.33,22.19,22.47,745.6400146484375,197,812,0.17130345306396483,0.04,0.013
SPY,2026-05-25,2026-07-31,66,call,746.0,21.68,21.65,21.71,745.6400146484375,24,333,0.16919776123046876,0.04,0.013
SPY,2026-05-25,2026-07-31,66,call,747.0,21.075000000000003,21.05,21.1,745.6400146484375,33,407,0.16817543258666995,0.04,0.013
SPY,2026-05-25,2026-07-31,66,call,748.0,20.475,20.45,20.5,745.6400146484375,96,166,0.16718362121582034,0.04,0.013
SPY,2026-05-25,2026-07-31,66,call,749.0,19.884999999999998,19.86,19.91,745.6400146484375,80,287,0.16622232711791995,0.04,0.013
SPY,2026-05-25,2026-07-31,66,call,750.0,19.305,19.28,19.33,745.6400146484375,1034,6974,0.16527629165649416,0.04,0.013
SPY,2026-05-25,2026-07-31,66,call,751.0,18.735,18.71,18.76,745.6400146484375,2,485,0.16434551483154297,0.04,0.013
SPY,2026-05-25,2026-07-31,66,call,752.0,18.174999999999997,18.15,18.2,745.6400146484375,38,374,0.16342999664306646,0.04,0.013
SPY,2026-05-25,2026-07-31,66,call,753.0,17.625,17.6,17.65,745.6400146484375,7,383,0.16252973709106444,0.04,0.013
SPY,2026-05-25,2026-07-31,66,call,754.0,17.085,17.06,17.11,745.6400146484375,5,344,0.1616447361755371,0.04,0.013
SPY,2026-05-25,2026-07-31,66,call,755.0,16.555,16.53,16.58,745.6400146484375,49,27355,0.16079025253295898,0.04,0.013
SPY,2026-05-25,2026-07-31,66,call,756.0,16.035,16.01,16.06,745.6400146484375,8,523,0.15993576889038086,0.04,0.013
SPY,2026-05-25,2026-07-31,66,call,757.0,15.525,15.5,15.55,745.6400146484375,14,91,0.15911180252075197,0.04,0.013
SPY,2026-05-25,2026-07-31,66,call,758.0,15.025,15.0,15.05,745.6400146484375,21,265,0.15828783615112307,0.04,0.013
SPY,2026-05-25,2026-07-31,66,call,759.0,14.535,14.51,14.56,745.6400146484375,2,164,0.15749438705444335,0.04,0.013
SPY,2026-05-25,2026-07-31,66,call,760.0,14.055,14.03,14.08,745.6400146484375,144,2929,0.1567009379577637,0.04,0.013
SPY,2026-05-25,2026-07-31,66,call,761.0,13.585,13.56,13.61,745.6400146484375,10,145,0.15592274749755858,0.04,0.013
SPY,2026-05-25,2026-07-31,66,call,762.0,13.125,13.1,13.15,745.6400146484375,1,112,0.15515981567382814,0.04,0.013
SPY,2026-05-25,2026-07-31,66,call,763.0,12.675,12.65,12.7,745.6400146484375,42,176,0.1544121424865723,0.04,0.013
SPY,2026-05-25,2026-07-31,66,call,764.0,12.235,12.21,12.26,745.6400146484375,2,485,0.15367972793579104,0.04,0.013
SPY,2026-05-25,2026-07-31,66,call,765.0,11.805,11.78,11.83,745.6400146484375,120,1252,0.15296257202148442,0.04,0.013
SPY,2026-05-25,2026-07-31,66,call,766.0,11.395,11.37,11.42,745.6400146484375,76,200,0.1523217092895508,0.04,0.013
SPY,2026-05-25,2026-07-31,66,call,767.0,10.985,10.96,11.01,745.6400146484375,7,671,0.15163507064819337,0.04,0.013
SPY,2026-05-25,2026-07-31,66,call,768.0,10.585,10.56,10.61,745.6400146484375,1,242,0.150948432006836,0.04,0.013
SPY,2026-05-25,2026-07-31,66,call,769.0,10.2,10.18,10.22,745.6400146484375,1,197,0.15027705200195315,0.04,0.013
SPY,2026-05-25,2026-07-31,66,call,770.0,9.825,9.8,9.85,745.6400146484375,194,832,0.149697223815918,0.04,0.013
SPY,2026-05-25,2026-07-31,66,call,771.0,9.455,9.43,9.48,745.6400146484375,13,261,0.14905636108398437,0.04,0.013
SPY,2026-05-25,2026-07-31,66,call,772.0,9.105,9.08,9.13,745.6400146484375,2,60,0.14852230880737305,0.04,0.013
SPY,2026-05-25,2026-07-31,66,call,773.0,8.754999999999999,8.73,8.78,745.6400146484375,2,64,0.14789670471191407,0.04,0.013
SPY,2026-05-25,2026-07-31,66,call,774.0,8.42,8.4,8.44,745.6400146484375,18,297,0.14730161788940432,0.04,0.013
SPY,2026-05-25,2026-07-31,66,call,775.0,8.094999999999999,8.07,8.12,745.6400146484375,2502,2050,0.1468133415222168,0.04,0.013
SPY,2026-05-25,2026-07-31,66,call,776.0,7.775,7.75,7.8,745.6400146484375,2,123,0.14624877197265623,0.04,0.013
SPY,2026-05-25,2026-07-31,66,call,777.0,7.470000000000001,7.45,7.49,745.6400146484375,2,228,0.1456994610595703,0.04,0.013
SPY,2026-05-25,2026-07-31,66,call,778.0,7.175000000000001,7.15,7.2,745.6400146484375,2,97,0.14527221923828126,0.04,0.013
SPY,2026-05-25,2026-07-31,66,call,779.0,6.885,6.86,6.91,745.6400146484375,11,614,0.14476868423461914,0.04,0.013
SPY,2026-05-25,2026-07-31,66,call,780.0,6.605,6.58,6.63,745.6400146484375,113,2637,0.14429566650390624,0.04,0.013
SPY,2026-05-25,2026-07-31,66,call,781.0,6.335,6.31,6.36,745.6400146484375,21,160,0.14383790740966795,0.04,0.013
SPY,2026-05-25,2026-07-31,66,call,782.0,6.074999999999999,6.05,6.1,745.6400146484375,175,400,0.14339540695190428,0.04,0.013
SPY,2026-05-25,2026-07-31,66,call,783.0,5.824999999999999,5.8,5.85,745.6400146484375,1,532,0.14298342376708983,0.04,0.013
SPY,2026-05-25,2026-07-31,66,call,784.0,5.58,5.56,5.6,745.6400146484375,11,883,0.14251040603637694,0.04,0.013
SPY,2026-05-25,2026-07-31,66,call,785.0,5.345000000000001,5.32,5.37,745.6400146484375,130,1255,0.14215945739746094,0.04,0.013
SPY,2026-05-25,2026-07-31,66,call,790.0,4.289999999999999,4.27,4.31,745.6400146484375,376,732,0.14031316238403319,0.04,0.013
SPY,2026-05-25,2026-07-31,66,call,795.0,3.41,3.39,3.43,745.6400146484375,67,1334,0.13874152282714847,0.04,0.013
SPY,2026-05-25,2026-07-31,66,call,800.0,2.69,2.67,2.71,745.6400146484375,877,2677,0.13742928009033206,0.04,0.013
SPY,2026-05-25,2026-07-31,66,call,805.0,2.11,2.09,2.13,745.6400146484375,156,737,0.13639169281005858,0.04,0.013
SPY,2026-05-25,2026-07-31,66,call,810.0,1.645,1.63,1.66,745.6400146484375,702,804,0.1355066918945313,0.04,0.013
SPY,2026-05-25,2026-07-31,66,call,815.0,1.2850000000000001,1.27,1.3,745.6400146484375,929,602,0.13510996734619146,0.04,0.013
SPY,2026-05-25,2026-07-31,66,call,820.0,0.995,0.98,1.01,745.6400146484375,630,1219,0.13477427734375003,0.04,0.013
SPY,2026-05-25,2026-07-31,66,call,825.0,0.78,0.77,0.79,745.6400146484375,7306,1202,0.13477427734375003,0.04,0.013
SPY,2026-05-25,2026-07-31,66,call,830.0,0.61,0.6,0.62,745.6400146484375,187,1072,0.13507945007324224,0.04,0.013
SPY,2026-05-25,2026-07-31,66,call,835.0,0.48,0.47,0.49,745.6400146484375,18,46,0.13562876098632815,0.04,0.013
SPY,2026-05-25,2026-07-31,66,call,840.0,0.39,0.38,0.4,745.6400146484375,39,52,0.13697152099609378,0.04,0.013
SPY,2026-05-25,2026-08-21,87,call,360.0,388.09000000000003,386.7,389.48,745.6400146484375,2,3,0.7879659875488281,0.04,0.013
SPY,2026-05-25,2026-08-21,87,call,365.0,375.33000000000004,373.66,377.0,745.6400146484375,0,3,1.0000000000000003e-05,0.04,0.013
SPY,2026-05-25,2026-08-21,87,call,370.0,378.23,376.83,379.63,745.6400146484375,3,3,0.7689232092285156,0.04,0.013
SPY,2026-05-25,2026-08-21,87,call,375.0,365.4,363.8,367.0,745.6400146484375,0,0,1.0000000000000003e-05,0.04,0.013
SPY,2026-05-25,2026-08-21,87,call,395.0,353.55,352.16,354.94,745.6400146484375,1,1,0.7200955725097657,0.04,0.013
SPY,2026-05-25,2026-08-21,87,call,400.0,348.62,347.23,350.01,745.6400146484375,1,1,0.7106962524414062,0.04,0.013
SPY,2026-05-25,2026-08-21,87,call,420.0,328.905,327.51,330.3,745.6400146484375,5,11,0.6735262139892579,0.04,0.013
SPY,2026-05-25,2026-08-21,87,call,435.0,314.12,312.73,315.51,745.6400146484375,0,3,0.6458775646972656,0.04,0.013
SPY,2026-05-25,2026-08-21,87,call,440.0,301.56,299.86,303.26,745.6400146484375,0,0,1.0000000000000003e-05,0.04,0.013
SPY,2026-05-25,2026-08-21,87,call,445.0,304.28499999999997,302.88,305.69,745.6400146484375,4,7,0.6282385809326172,0.04,0.013
SPY,2026-05-25,2026-08-21,87,call,450.0,299.355,297.96,300.75,745.6400146484375,10,222,0.6190223645019532,0.04,0.013
SPY,2026-05-25,2026-08-21,87,call,460.0,289.515,288.12,290.91,745.6400146484375,1,2,0.6012613116455079,0.04,0.013
SPY,2026-05-25,2026-08-21,87,call,465.0,284.595,283.2,285.99,745.6400146484375,1,0,0.5924113024902344,0.04,0.013
SPY,2026-05-25,2026-08-21,87,call,470.0,279.67499999999995,278.28,281.07,745.6400146484375,0,1,0.5835002587890624,0.04,0.013
SPY,2026-05-25,2026-08-21,87,call,475.0,192.09,0.0,0.0,745.6400146484375,6,0,1.0000000000000003e-05,0.04,0.013
SPY,2026-05-25,2026-08-21,87,call,480.0,269.845,268.45,271.24,745.6400146484375,1,10,0.5661054132080079,0.04,0.013
SPY,2026-05-25,2026-08-21,87,call,485.0,264.93,263.54,266.32,745.6400146484375,1,3,0.5573774731445313,0.04,0.013
SPY,2026-05-25,2026-08-21,87,call,490.0,260.02,258.63,261.41,745.6400146484375,1,8,0.5488326367187502,0.04,0.013
SPY,2026-05-25,2026-08-21,87,call,495.0,247.47,245.94,249.0,745.6400146484375,6,0,1.0000000000000003e-05,0.04,0.013
SPY,2026-05-25,2026-08-21,87,call,500.0,250.19,248.81,251.57,745.6400146484375,60,376,0.5313767565917968,0.04,0.013
SPY,2026-05-25,2026-08-21,87,call,505.0,245.3,243.9,246.7,745.6400146484375,1,5,0.523320196533203,0.04,0.013
SPY,2026-05-25,2026-08-21,87,call,510.0,240.39499999999998,239.0,241.79,745.6400146484375,1,11,0.5148363946533203,0.04,0.013
SPY,2026-05-25,2026-08-21,87,call,515.0,235.495,234.1,236.89,745.6400146484375,1,36,0.5064136273193358,0.04,0.013
SPY,2026-05-25,2026-08-21,87,call,520.0,230.595,229.2,231.99,745.6400146484375,2,27,0.5289964093017578,0.04,0.013
SPY,2026-05-25,2026-08-21,87,call,525.0,225.695,224.3,227.09,745.6400146484375,1,5,0.5198412274169921,0.04,0.013
SPY,2026-05-25,2026-08-21,87,call,530.0,220.79500000000002,219.4,222.19,745.6400146484375,1,5,0.5106860455322266,0.04,0.013
SPY,2026-05-25,2026-08-21,87,call,535.0,118.87,0.0,0.0,745.6400146484375,1,0,1.0000000000000003e-05,0.04,0.013
SPY,2026-05-25,2026-08-21,87,call,540.0,211.02499999999998,209.63,212.42,745.6400146484375,4,2,0.4929860272216797,0.04,0.013
SPY,2026-05-25,2026-08-21,87,call,545.0,206.135,204.74,207.53,745.6400146484375,1,233,0.4840139489746094,0.04,0.013
SPY,2026-05-25,2026-08-21,87,call,550.0,201.255,199.86,202.65,745.6400146484375,1,182,0.47519445709228514,0.04,0.013
SPY,2026-05-25,2026-08-21,87,call,555.0,196.38,194.98,197.78,745.6400146484375,1,110,0.46655806884765627,0.04,0.013
SPY,2026-05-25,2026-08-21,87,call,560.0,191.505,190.11,192.9,745.6400146484375,1,9,0.45770805969238293,0.04,0.013
SPY,2026-05-25,2026-08-21,87,call,565.0,186.64,185.24,188.04,745.6400146484375,3,35,0.4491632232666015,0.04,0.013
SPY,2026-05-25,2026-08-21,87,call,570.0,181.785,180.38,183.19,745.6400146484375,8,28,0.44077097320556635,0.04,0.013
SPY,2026-05-25,2026-08-21,87,call,575.0,176.925,175.53,178.32,745.6400146484375,2,27,0.43201251586914063,0.04,0.013
SPY,2026-05-25,2026-08-21,87,call,580.0,172.085,170.68,173.49,745.6400146484375,5,360,0.42383388671875,0.04,0.013
SPY,2026-05-25,2026-08-21,87,call,585.0,167.245,165.84,168.65,745.6400146484375,1,42,0.41544163665771483,0.04,0.013
SPY,2026-05-25,2026-08-21,87,call,590.0,162.405,161.01,163.8,745.6400146484375,3,74,0.4068662829589844,0.04,0.013
SPY,2026-05-25,2026-08-21,87,call,595.0,157.585,156.18,158.99,745.6400146484375,6,556,0.39880972290039063,0.04,0.013
SPY,2026-05-25,2026-08-21,87,call,600.0,152.76,151.36,154.16,745.6400146484375,3,659,0.39038695556640624,0.04,0.013
SPY,2026-05-25,2026-08-21,87,call,605.0,147.97,146.56,149.38,745.6400146484375,2,103,0.3826050509643554,0.04,0.013
SPY,2026-05-25,2026-08-21,87,call,610.0,143.17000000000002,141.77,144.57,745.6400146484375,30,443,0.3743043527221679,0.04,0.013
SPY,2026-05-25,2026-08-21,87,call,615.0,138.4,137.0,139.8,745.6400146484375,2,91,0.36646141357421874,0.04,0.013
SPY,2026-05-25,2026-08-21,87,call,620.0,133.625,132.23,135.02,745.6400146484375,2,67,0.3583743362426758,0.04,0.013
SPY,2026-05-25,2026-08-21,87,call,625.0,128.875,127.47,130.28,745.6400146484375,3,127,0.350668724822998,0.04,0.013
SPY,2026-05-25,2026-08-21,87,call,630.0,124.13499999999999,122.74,125.53,745.6400146484375,1,592,0.3427189752197265,0.04,0.013
SPY,2026-05-25,2026-08-21,87,call,635.0,119.41499999999999,118.01,120.82,745.6400146484375,2,81,0.3351201742553711,0.04,0.013
SPY,2026-05-25,2026-08-21,87,call,640.0,114.71000000000001,113.31,116.11,745.6400146484375,2,2609,0.3273687869262696,0.04,0.013
SPY,2026-05-25,2026-08-21,87,call,645.0,110.035,108.64,111.43,745.6400146484375,1,224,0.3198005032348632,0.04,0.013
SPY,2026-05-25,2026-08-21,87,call,650.0,105.375,103.98,106.77,745.6400146484375,1,364,0.3122627368164062,0.04,0.013
SPY,2026-05-25,2026-08-21,87,call,655.0,100.745,99.34,102.15,745.6400146484375,6,712,0.3049691085815429,0.04,0.013
SPY,2026-05-25,2026-08-21,87,call,660.0,96.13,94.74,97.52,745.6400146484375,1,498,0.2973703076171874,0.04,0.013
SPY,2026-05-25,2026-08-21,87,call,665.0,91.555,90.16,92.95,745.6400146484375,1,1100,0.29015297256469724,0.04,0.013
SPY,2026-05-25,2026-08-21,87,call,670.0,86.995,85.6,88.39,745.6400146484375,1,1978,0.28278305114746094,0.04,0.013
SPY,2026-05-25,2026-08-21,87,call,675.0,82.495,81.09,83.9,745.6400146484375,1,1374,0.27580985427856436,0.04,0.013
SPY,2026-05-25,2026-08-21,87,call,680.0,78.025,76.62,79.43,745.6400146484375,3,2058,0.2687298469543457,0.04,0.013
SPY,2026-05-25,2026-08-21,87,call,685.0,73.595,72.19,75.0,745.6400146484375,3,1565,0.2616956155395508,0.04,0.013
SPY,2026-05-25,2026-08-21,87,call,686.0,72.7,71.31,74.09,745.6400146484375,1,0,0.260047682800293,0.04,0.013
SPY,2026-05-25,2026-08-21,87,call,690.0,69.205,67.8,70.61,745.6400146484375,2,5113,0.2546766427612305,0.04,0.013
SPY,2026-05-25,2026-08-21,87,call,695.0,64.86500000000001,63.47,66.26,745.6400146484375,1,2964,0.24764241134643555,0.04,0.013
SPY,2026-05-25,2026-08-21,87,call,700.0,60.595,59.2,61.99,745.6400146484375,131,3101,0.24085231811523436,0.04,0.013
SPY,2026-05-25,2026-08-21,87,call,705.0,56.394999999999996,55.0,57.79,745.6400146484375,3,1818,0.23419955261230468,0.04,0.013
SPY,2026-05-25,2026-08-21,87,call,707.0,54.735,53.34,56.13,745.6400146484375,5,0,0.23155980850219726,0.04,0.013
SPY,2026-05-25,2026-08-21,87,call,708.0,53.91,52.51,55.31,745.6400146484375,1,0,0.2302933416748047,0.04,0.013
SPY,2026-05-25,2026-08-21,87,call,710.0,52.87,52.08,53.66,745.6400146484375,36,3069,0.22760782165527343,0.04,0.013
SPY,2026-05-25,2026-08-21,87,call,715.0,48.245000000000005,46.84,49.65,745.6400146484375,58,1685,0.22141281524658202,0.04,0.013
SPY,2026-05-25,2026-08-21,87,call,716.0,47.44,46.05,48.83,745.6400146484375,20,0,0.2199785034179687,0.04,0.013
SPY,2026-05-25,2026-08-21,87,call,719.0,45.08,43.68,46.48,745.6400146484375,16,0,0.2163316893005371,0.04,0.013
SPY,2026-05-25,2026-08-21,87,call,720.0,44.295,42.9,45.69,745.6400146484375,125,5084,0.21501944656372068,0.04,0.013
SPY,2026-05-25,2026-08-21,87,call,725.0,40.465,39.07,41.86,745.6400146484375,33,2288,0.20894650924682612,0.04,0.013
SPY,2026-05-25,2026-08-21,87,call,726.0,39.715,38.32,41.11,745.6400146484375,2,0,0.20777159423828123,0.04,0.013
SPY,2026-05-25,2026-08-21,87,call,730.0,36.75,35.6,37.9,745.6400146484375,44,3139,0.20130956169128417,0.04,0.013
SPY,2026-05-25,2026-08-21,87,call,735.0,32.769999999999996,32.14,33.4,745.6400146484375,55,10414,0.1892628681945801,0.04,0.013
SPY,2026-05-25,2026-08-21,87,call,740.0,29.815,29.69,29.94,745.6400146484375,251,7014,0.18366294860839844,0.04,0.013
SPY,2026-05-25,2026-08-21,87,call,741.0,28.52,27.81,29.23,745.6400146484375,1,0,0.1823201885986328,0.04,0.013
SPY,2026-05-25,2026-08-21,87,call,744.0,27.17,25.87,28.47,745.6400146484375,16,0,0.1873555386352539,0.04,0.013
SPY,2026-05-25,2026-08-21,87,call,745.0,26.560000000000002,26.46,26.66,745.6400146484375,277,11623,0.1783834603881836,0.04,0.013
SPY,2026-05-25,2026-08-21,87,call,746.0,26.29,25.38,27.2,745.6400146484375,30,0,0.18531851066589353,0.04,0.013
SPY,2026-05-25,2026-08-21,87,call,747.0,25.310000000000002,25.28,25.34,745.6400146484375,24,0,0.1759573371887207,0.04,0.013
SPY,2026-05-25,2026-08-21,87,call,748.0,24.700000000000003,24.67,24.73,745.6400146484375,28,0,0.1750113017272949,0.04,0.013
SPY,2026-05-25,2026-08-21,87,call,749.0,24.09,24.06,24.12,745.6400146484375,20,0,0.17403474899291993,0.04,0.013
SPY,2026-05-25,2026-08-21,87,call,750.0,23.5,23.47,23.53,745.6400146484375,2258,7125,0.17314974807739258,0.04,0.013
SPY,2026-05-25,2026-08-21,87,call,752.0,22.335,22.31,22.36,745.6400146484375,20,0,0.17131871170043944,0.04,0.013
SPY,2026-05-25,2026-08-21,87,call,753.0,21.765,21.74,21.79,745.6400146484375,6,0,0.17043371078491215,0.04,0.013
SPY,2026-05-25,2026-08-21,87,call,754.0,21.205,21.18,21.23,745.6400146484375,1,0,0.16957922714233398,0.04,0.013
SPY,2026-05-25,2026-08-21,87,call,755.0,20.65,20.62,20.68,745.6400146484375,26,1686,0.16874000213623053,0.04,0.013
SPY,2026-05-25,2026-08-21,87,call,756.0,20.11,20.08,20.14,745.6400146484375,50,0,0.1679312944030762,0.04,0.013
SPY,2026-05-25,2026-08-21,87,call,757.0,19.57,19.54,19.6,745.6400146484375,49,0,0.16707681076049807,0.04,0.013
SPY,2026-05-25,2026-08-21,87,call,758.0,19.045,19.02,19.07,745.6400146484375,126,0,0.16625284439086918,0.04,0.013
SPY,2026-05-25,2026-08-21,87,call,759.0,18.53,18.5,18.56,745.6400146484375,21,0,0.1655051712036133,0.04,0.013
SPY,2026-05-25,2026-08-21,87,call,760.0,18.02,17.99,18.05,745.6400146484375,123,4946,0.16471172210693358,0.04,0.013
SPY,2026-05-25,2026-08-21,87,call,761.0,17.52,17.49,17.55,745.6400146484375,34,0,0.16394879028320314,0.04,0.013
SPY,2026-05-25,2026-08-21,87,call,762.0,17.03,17.0,17.06,745.6400146484375,7,0,0.1632011170959473,0.04,0.013
SPY,2026-05-25,2026-08-21,87,call,763.0,16.545,16.52,16.57,745.6400146484375,11,0,0.1624076679992676,0.04,0.013
SPY,2026-05-25,2026-08-21,87,call,764.0,16.07,16.04,16.1,745.6400146484375,15,0,0.16170577072143555,0.04,0.013
SPY,2026-05-25,2026-08-21,87,call,765.0,15.61,15.58,15.64,745.6400146484375,199,3184,0.16101913208007812,0.04,0.013
SPY,2026-05-25,2026-08-21,87,call,766.0,15.149999999999999,15.12,15.18,745.6400146484375,13,0,0.16028671752929688,0.04,0.013
SPY,2026-05-25,2026-08-21,87,call,767.0,14.705,14.68,14.73,745.6400146484375,13,0,0.1595695616149902,0.04,0.013
SPY,2026-05-25,2026-08-21,87,call,768.0,14.27,14.24,14.3,745.6400146484375,33,0,0.15894395751953128,0.04,0.013
SPY,2026-05-25,2026-08-21,87,call,769.0,13.84,13.81,13.87,745.6400146484375,189,0,0.15827257751464846,0.04,0.013
SPY,2026-05-25,2026-08-21,87,call,770.0,13.42,13.39,13.45,745.6400146484375,919,3827,0.1576240854644775,0.04,0.013
SPY,2026-05-25,2026-08-21,87,call,771.0,13.01,12.98,13.04,745.6400146484375,7,0,0.15699085205078128,0.04,0.013
SPY,2026-05-25,2026-08-21,87,call,772.0,12.605,12.58,12.63,745.6400146484375,6,0,0.15630421340942385,0.04,0.013
SPY,2026-05-25,2026-08-21,87,call,773.0,12.215,12.19,12.24,745.6400146484375,11,0,0.15572438522338866,0.04,0.013
SPY,2026-05-25,2026-08-21,87,call,774.0,11.835,11.81,11.86,745.6400146484375,185,0,0.15514455703735353,0.04,0.013
SPY,2026-05-25,2026-08-21,87,call,775.0,11.455,11.43,11.48,745.6400146484375,195,1977,0.15453421157836916,0.04,0.013
SPY,2026-05-25,2026-08-21,87,call,776.0,11.09,11.06,11.12,745.6400146484375,14,0,0.15401541793823242,0.04,0.013
SPY,2026-05-25,2026-08-21,87,call,777.0,10.735,10.71,10.76,745.6400146484375,12,0,0.1534355897521973,0.04,0.013
SPY,2026-05-25,2026-08-21,87,call,778.0,10.385,10.36,10.41,745.6400146484375,9,0,0.15288627883911138,0.04,0.013
SPY,2026-05-25,2026-08-21,87,call,779.0,10.045,10.02,10.07,745.6400146484375,16,0,0.15235222656250003,0.04,0.013
SPY,2026-05-25,2026-08-21,87,call,780.0,9.715,9.69,9.74,745.6400146484375,972,2986,0.1518486915588379,0.04,0.013
SPY,2026-05-25,2026-08-21,87,call,781.0,9.39,9.37,9.41,745.6400146484375,22,0,0.15128412200927738,0.04,0.013
SPY,2026-05-25,2026-08-21,87,call,782.0,9.075,9.05,9.1,745.6400146484375,68,0,0.1508263629150391,0.04,0.013
SPY,2026-05-25,2026-08-21,87,call,783.0,8.765,8.74,8.79,745.6400146484375,134,0,0.15032282791137697,0.04,0.013
SPY,2026-05-25,2026-08-21,87,call,784.0,8.469999999999999,8.45,8.49,745.6400146484375,48,0,0.14983455154418945,0.04,0.013
SPY,2026-05-25,2026-08-21,87,call,785.0,8.18,8.16,8.2,745.6400146484375,239,941,0.14939205108642578,0.04,0.013
SPY,2026-05-25,2026-08-21,87,call,786.0,7.895,7.87,7.92,745.6400146484375,9,0,0.14896480926513672,0.04,0.013
SPY,2026-05-25,2026-08-21,87,call,787.0,7.625,7.6,7.65,745.6400146484375,11,0,0.1485680847167969,0.04,0.013
SPY,2026-05-25,2026-08-21,87,call,788.0,7.355,7.33,7.38,745.6400146484375,15,0,0.1481103256225586,0.04,0.013
SPY,2026-05-25,2026-08-21,87,call,789.0,7.095000000000001,7.07,7.12,745.6400146484375,18,0,0.14769834243774416,0.04,0.013
SPY,2026-05-25,2026-08-21,87,call,790.0,6.845000000000001,6.82,6.87,745.6400146484375,204,2787,0.14731687652587894,0.04,0.013
SPY,2026-05-25,2026-08-21,87,call,791.0,6.6,6.58,6.62,745.6400146484375,27,0,0.1468743760681152,0.04,0.013
SPY,2026-05-25,2026-08-21,87,call,792.0,6.365,6.34,6.39,745.6400146484375,8,0,0.14656920333862306,0.04,0.013
SPY,2026-05-25,2026-08-21,87,call,793.0,6.135,6.11,6.16,745.6400146484375,5,0,0.1462029960632324,0.04,0.013
SPY,2026-05-25,2026-08-21,87,call,794.0,5.91,5.89,5.93,745.6400146484375,5,0,0.14579101287841795,0.04,0.013
SPY,2026-05-25,2026-08-21,87,call,795.0,5.695,5.67,5.72,745.6400146484375,63,1690,0.1455010987854004,0.04,0.013
SPY,2026-05-25,2026-08-21,87,call,796.0,5.484999999999999,5.46,5.51,745.6400146484375,6,0,0.14515015014648439,0.04,0.013
SPY,2026-05-25,2026-08-21,87,call,797.0,5.279999999999999,5.26,5.3,745.6400146484375,35,0,0.14476868423461914,0.04,0.013
SPY,2026-05-25,2026-08-21,87,call,798.0,5.085,5.06,5.11,745.6400146484375,28,0,0.14450928741455077,0.04,0.013
SPY,2026-05-25,2026-08-21,87,call,799.0,4.895,4.87,4.92,745.6400146484375,15,0,0.14421937332153317,0.04,0.013
SPY,2026-05-25,2026-08-21,87,call,800.0,4.705,4.69,4.72,745.6400146484375,721,6916,0.1437463555908203,0.04,0.013
SPY,2026-05-25,2026-08-21,87,call,805.0,3.87,3.85,3.89,745.6400146484375,663,9008,0.14243411285400392,0.04,0.013
SPY,2026-05-25,2026-08-21,87,call,810.0,3.17,3.15,3.19,745.6400146484375,112,2165,0.14133549102783205,0.04,0.013
SPY,2026-05-25,2026-08-21,87,call,815.0,2.58,2.56,2.6,745.6400146484375,119,1682,0.1403284210205078,0.04,0.013
SPY,2026-05-25,2026-08-21,87,call,820.0,2.0949999999999998,2.08,2.11,745.6400146484375,436,1650,0.1394739373779297,0.04,0.013
SPY,2026-05-25,2026-08-21,87,call,825.0,1.6949999999999998,1.68,1.71,745.6400146484375,1819,6639,0.13886359191894532,0.04,0.013
SPY,2026-05-25,2026-08-21,87,call,830.0,1.375,1.36,1.39,745.6400146484375,4822,814,0.13855841918945314,0.04,0.013
SPY,2026-05-25,2026-08-21,87,call,835.0,1.115,1.1,1.13,745.6400146484375,12,759,0.13843635009765626,0.04,0.013
SPY,2026-05-25,2026-08-21,87,call,840.0,0.905,0.89,0.92,745.6400146484375,57,615,0.1384973846435547,0.04,0.013
SPY,2026-05-25,2026-08-21,87,call,845.0,0.735,0.72,0.75,745.6400146484375,5,452,0.13874152282714847,0.04,0.013
SPY,2026-05-25,2026-08-21,87,call,850.0,0.6,0.59,0.61,745.6400146484375,57,5012,0.13892462646484377,0.04,0.013
SPY,2026-05-25,2026-08-21,87,call,855.0,0.5,0.49,0.51,745.6400146484375,1,368,0.13990117919921874,0.04,0.013
SPY,2026-05-25,2026-08-21,87,call,860.0,0.415,0.41,0.42,745.6400146484375,19,2895,0.14051152465820313,0.04,0.013
SPY,2026-05-25,2026-08-21,87,call,870.0,0.3,0.29,0.31,745.6400146484375,16,1504,0.14344118286132812,0.04,0.013
SPY,2026-05-25,2026-08-21,87,call,880.0,0.22,0.21,0.23,745.6400146484375,3,1708,0.14649291015625,0.04,0.013
SPY,2026-05-25,2026-08-21,87,call,890.0,0.16999999999999998,0.16,0.18,745.6400146484375,3,759,0.15027705200195315,0.04,0.013
SPY,2026-05-25,2026-08-21,87,call,900.0,0.14,0.13,0.15,745.6400146484375,29,2887,0.1550377465820313,0.04,0.013
SPY,2026-05-25,2026-08-21,87,call,905.0,0.125,0.12,0.13,745.6400146484375,2,200,0.1562584375,0.04,0.013
SPY,2026-05-25,2026-08-21,87,call,910.0,0.11,0.1,0.12,745.6400146484375,350,596,0.15869981933593752,0.04,0.013
SPY,2026-05-25,2026-08-21,87,call,915.0,0.1,0.09,0.11,745.6400146484375,3,302,0.161141201171875,0.04,0.013
SPY,2026-05-25,2026-08-21,87,call,920.0,0.095,0.09,0.1,745.6400146484375,78,544,0.16309430664062502,0.04,0.013
SPY,2026-05-25,2026-08-21,87,call,925.0,0.09,0.08,0.1,745.6400146484375,20,312,0.1667563793945313,0.04,0.013
SPY,2026-05-25,2026-08-21,87,call,930.0,0.08,0.07,0.09,745.6400146484375,2,395,0.16846534667968754,0.04,0.013
SPY,2026-05-25,2026-08-21,87,call,935.0,0.07500000000000001,0.07,0.08,745.6400146484375,4,694,0.16993017578125003,0.04,0.013
SPY,2026-05-25,2026-08-21,87,call,940.0,0.07,0.06,0.08,745.6400146484375,1,1732,0.17383638671875,0.04,0.013
SPY,2026-05-25,2026-08-21,87,call,945.0,0.07,0.06,0.08,745.6400146484375,1,1935,0.1772543212890625,0.04,0.013
SPY,2026-05-25,2026-08-21,87,call,950.0,0.060000000000000005,0.05,0.07,745.6400146484375,1,2129,0.1782308740234375,0.04,0.013
SPY,2026-05-25,2026-08-21,87,call,955.0,0.060000000000000005,0.05,0.07,745.6400146484375,1,1591,0.18164880859375,0.04,0.013
SPY,2026-05-25,2026-08-21,87,call,960.0,0.055,0.05,0.06,745.6400146484375,1,831,0.1821370849609375,0.04,0.013
SPY,2026-05-25,2026-08-21,87,call,965.0,0.05,0.04,0.06,745.6400146484375,25,2157,0.18555501953124998,0.04,0.013
SPY,2026-05-25,2026-08-21,87,call,970.0,0.05,0.04,0.06,745.6400146484375,1,826,0.1889729541015625,0.04,0.013
SPY,2026-05-25,2026-08-21,87,call,975.0,0.05,0.04,0.06,745.6400146484375,1,2389,0.192390888671875,0.04,0.013
SPY,2026-05-25,2026-08-21,87,call,980.0,0.045,0.04,0.05,745.6400146484375,3,3234,0.192390888671875,0.04,0.013
SPY,2026-05-25,2026-08-21,87,call,985.0,0.04,0.03,0.05,745.6400146484375,101,3814,0.195320546875,0.04,0.013
SPY,2026-05-25,2026-08-21,87,call,990.0,0.04,0.03,0.05,745.6400146484375,5,1982,0.198250205078125,0.04,0.013
SPY,2026-05-25,2026-08-21,87,call,995.0,0.04,0.03,0.05,745.6400146484375,7,2010,0.2016681396484375,0.04,0.013
SPY,2026-05-25,2026-08-21,87,call,1000.0,0.04,0.03,0.05,745.6400146484375,19,3438,0.20508607421874997,0.04,0.013
SPY,2026-05-25,2026-08-31,97,call,420.0,321.78,320.06,323.5,745.6400146484375,0,4,1.0000000000000003e-05,0.04,0.013
SPY,2026-05-25,2026-08-31,97,call,485.0,265.355,263.78,266.93,745.6400146484375,1,2,0.5399215930175782,0.04,0.013
SPY,2026-05-25,2026-08-31,97,call,495.0,223.255,221.65,224.86,745.6400146484375,0,1,1.0000000000000003e-05,0.04,0.013
SPY,2026-05-25,2026-08-31,97,call,500.0,218.425,216.82,220.03,745.6400146484375,1,4,1.0000000000000003e-05,0.04,0.013
SPY,2026-05-25,2026-08-31,97,call,505.0,238.435,236.87,240.0,745.6400146484375,6,7,1.0000000000000003e-05,0.04,0.013
SPY,2026-05-25,2026-08-31,97,call,515.0,235.97500000000002,234.4,237.55,745.6400146484375,8,0,0.5236253692626953,0.04,0.013
SPY,2026-05-25,2026-08-31,97,call,520.0,231.10500000000002,229.52,232.69,745.6400146484375,2,2,0.5154162228393554,0.04,0.013
SPY,2026-05-25,2026-08-31,97,call,525.0,226.20499999999998,224.63,227.78,745.6400146484375,25,1,0.5062610409545899,0.04,0.013
SPY,2026-05-25,2026-08-31,97,call,530.0,221.34,219.75,222.93,745.6400146484375,0,0,0.4981739636230469,0.04,0.013
SPY,2026-05-25,2026-08-31,97,call,535.0,216.465,214.88,218.05,745.6400146484375,2,2,0.48956809265136725,0.04,0.013
SPY,2026-05-25,2026-08-31,97,call,540.0,211.575,210.0,213.15,745.6400146484375,1,18,0.4805960144042969,0.04,0.013
SPY,2026-05-25,2026-08-31,97,call,545.0,206.70499999999998,205.13,208.28,745.6400146484375,1,2412,0.47211221252441404,0.04,0.013
SPY,2026-05-25,2026-08-31,97,call,550.0,201.85,200.26,203.44,745.6400146484375,1,1163,0.46414720428466794,0.04,0.013
SPY,2026-05-25,2026-08-31,97,call,555.0,196.99,195.4,198.58,745.6400146484375,1,838,0.4557854714965821,0.04,0.013
SPY,2026-05-25,2026-08-31,97,call,560.0,192.135,190.55,193.72,745.6400146484375,1,1727,0.44742373870849605,0.04,0.013
SPY,2026-05-25,2026-08-31,97,call,565.0,187.27499999999998,185.7,188.85,745.6400146484375,1,1352,0.43884838500976564,0.04,0.013
SPY,2026-05-25,2026-08-31,97,call,570.0,182.435,180.86,184.01,745.6400146484375,2,413,0.4307307904052735,0.04,0.013
SPY,2026-05-25,2026-08-31,97,call,575.0,177.60500000000002,176.02,179.19,745.6400146484375,1,75,0.422857333984375,0.04,0.013
SPY,2026-05-25,2026-08-31,97,call,580.0,172.78,171.19,174.37,745.6400146484375,1,193,0.4149228430175781,0.04,0.013
SPY,2026-05-25,2026-08-31,97,call,585.0,167.95499999999998,166.37,169.54,745.6400146484375,1,333,0.40680524841308596,0.04,0.013
SPY,2026-05-25,2026-08-31,97,call,590.0,163.14,161.55,164.73,745.6400146484375,1,1133,0.3989012747192383,0.04,0.013
SPY,2026-05-25,2026-08-31,97,call,595.0,158.345,156.75,159.94,745.6400146484375,174,2133,0.3911804046630859,0.04,0.013
SPY,2026-05-25,2026-08-31,97,call,600.0,153.55,151.96,155.14,745.6400146484375,2,2075,0.38327643096923825,0.04,0.013
SPY,2026-05-25,2026-08-31,97,call,605.0,148.78,147.18,150.38,745.6400146484375,6,366,0.37579969909667965,0.04,0.013
SPY,2026-05-25,2026-08-31,97,call,610.0,144.01,142.42,145.6,745.6400146484375,19,433,0.3679872772216797,0.04,0.013
SPY,2026-05-25,2026-08-31,97,call,615.0,139.26,137.66,140.86,745.6400146484375,2,11,0.3605410626220703,0.04,0.013
SPY,2026-05-25,2026-08-31,97,call,618.0,136.42000000000002,134.82,138.02,745.6400146484375,2,4,0.35608554077148435,0.04,0.013
SPY,2026-05-25,2026-08-31,97,call,619.0,129.20499999999998,127.47,130.94,745.6400146484375,1,1,0.2713085565185547,0.04,0.013
SPY,2026-05-25,2026-08-31,97,call,620.0,134.515,132.92,136.11,745.6400146484375,5,3,0.35289648574829097,0.04,0.013
SPY,2026-05-25,2026-08-31,97,call,621.0,133.57999999999998,131.98,135.18,745.6400146484375,1,1,0.35158424301147456,0.04,0.013
SPY,2026-05-25,2026-08-31,97,call,622.0,126.415,124.68,128.15,745.6400146484375,1,2,0.26935545104980463,0.04,0.013
SPY,2026-05-25,2026-08-31,97,call,624.0,87.68,0.0,0.0,745.6400146484375,0,0,1.0000000000000003e-05,0.04,0.013
SPY,2026-05-25,2026-08-31,97,call,625.0,129.8,128.2,131.4,745.6400146484375,1,25,0.3455875988769531,0.04,0.013
SPY,2026-05-25,2026-08-31,97,call,626.0,128.86,127.26,130.46,745.6400146484375,2,9,0.3441380284118652,0.04,0.013
SPY,2026-05-25,2026-08-31,97,call,628.0,126.98,125.38,128.58,745.6400146484375,2,2,0.34122362884521484,0.04,0.013
SPY,2026-05-25,2026-08-31,97,call,629.0,126.03999999999999,124.44,127.64,745.6400146484375,2,2,0.3397435411071777,0.04,0.013
SPY,2026-05-25,2026-08-31,97,call,630.0,125.1,123.5,126.7,745.6400146484375,2,6,0.3382634533691406,0.04,0.013
SPY,2026-05-25,2026-08-31,97,call,632.0,46.25,0.0,0.0,745.6400146484375,12,0,1.0000000000000003e-05,0.04,0.013
SPY,2026-05-25,2026-08-31,97,call,633.0,122.285,120.68,123.89,745.6400146484375,1,11,0.333914741973877,0.04,0.013
SPY,2026-05-25,2026-08-31,97,call,634.0,121.33500000000001,119.75,122.92,745.6400146484375,1,0,0.33209896423339846,0.04,0.013
SPY,2026-05-25,2026-08-31,97,call,635.0,120.41499999999999,118.81,122.02,745.6400146484375,7,34,0.33103085968017576,0.04,0.013
SPY,2026-05-25,2026-08-31,97,call,636.0,50.06,0.0,0.0,745.6400146484375,1,0,1.0000000000000003e-05,0.04,0.013
SPY,2026-05-25,2026-08-31,97,call,639.0,43.57,0.0,0.0,745.6400146484375,0,0,1.0000000000000003e-05,0.04,0.013
SPY,2026-05-25,2026-08-31,97,call,640.0,115.72999999999999,114.14,117.32,745.6400146484375,162,618,0.32341680007934565,0.04,0.013
SPY,2026-05-25,2026-08-31,97,call,641.0,114.79499999999999,113.21,116.38,745.6400146484375,132,445,0.32187567779541015,0.04,0.013
SPY,2026-05-25,2026-08-31,97,call,642.0,113.86500000000001,112.28,115.45,745.6400146484375,110,421,0.32044136596679684,0.04,0.013
SPY,2026-05-25,2026-08-31,97,call,643.0,112.94,111.35,114.53,745.6400146484375,109,365,0.31909860595703116,0.04,0.013
SPY,2026-05-25,2026-08-31,97,call,644.0,112.03,110.42,113.64,745.6400146484375,85,371,0.31806101867675773,0.04,0.013
SPY,2026-05-25,2026-08-31,97,call,645.0,111.10499999999999,109.49,112.72,745.6400146484375,1,1027,0.3167030000305175,0.04,0.013
SPY,2026-05-25,2026-08-31,97,call,646.0,110.155,108.57,111.74,745.6400146484375,61,190,0.31473463592529294,0.04,0.013
SPY,2026-05-25,2026-08-31,97,call,647.0,109.25,107.64,110.86,745.6400146484375,2,11,0.3137580831909179,0.04,0.013
SPY,2026-05-25,2026-08-31,97,call,648.0,108.305,106.72,109.89,745.6400146484375,46,162,0.3118660122680663,0.04,0.013
SPY,2026-05-25,2026-08-31,97,call,649.0,107.4,105.79,109.01,745.6400146484375,38,160,0.3108894595336914,0.04,0.013
SPY,2026-05-25,2026-08-31,97,call,650.0,106.48,104.87,108.09,745.6400146484375,27,364,0.3094856649780273,0.04,0.013
SPY,2026-05-25,2026-08-31,97,call,651.0,105.56,103.95,107.17,745.6400146484375,25,107,0.30808187042236324,0.04,0.013
SPY,2026-05-25,2026-08-31,97,call,652.0,104.64,103.03,106.25,745.6400146484375,48,130,0.30667807586669915,0.04,0.013
SPY,2026-05-25,2026-08-31,97,call,653.0,103.72,102.11,105.33,745.6400146484375,21,62,0.30524376403808595,0.04,0.013
SPY,2026-05-25,2026-08-31,97,call,654.0,102.78,101.19,104.37,745.6400146484375,21,65,0.30344324493408203,0.04,0.013
SPY,2026-05-25,2026-08-31,97,call,655.0,101.88499999999999,100.27,103.5,745.6400146484375,28,134,0.3024819508361816,0.04,0.013
SPY,2026-05-25,2026-08-31,97,call,656.0,100.97,99.36,102.58,745.6400146484375,2,11,0.30103238037109376,0.04,0.013
SPY,2026-05-25,2026-08-31,97,call,657.0,100.055,98.44,101.67,745.6400146484375,2,81,0.29968962036132807,0.04,0.013
SPY,2026-05-25,2026-08-31,97,call,658.0,93.5,91.75,95.25,745.6400146484375,1,43,0.24233240585327148,0.04,0.013
SPY,2026-05-25,2026-08-31,97,call,659.0,92.61,90.86,94.36,745.6400146484375,7,4,0.24155421539306643,0.04,0.013
SPY,2026-05-25,2026-08-31,97,call,660.0,97.315,95.7,98.93,745.6400146484375,25,974,0.2954782366943359,0.04,0.013
SPY,2026-05-25,2026-08-31,97,call,661.0,96.405,94.79,98.02,745.6400146484375,682,60,0.29407444213867184,0.04,0.013
SPY,2026-05-25,2026-08-31,97,call,662.0,95.495,93.88,97.11,745.6400146484375,1,4,0.29267064758300776,0.04,0.013
SPY,2026-05-25,2026-08-31,97,call,663.0,94.58500000000001,92.97,96.2,745.6400146484375,1,23,0.2912668530273437,0.04,0.013
SPY,2026-05-25,2026-08-31,97,call,664.0,93.655,92.06,95.25,745.6400146484375,1,59,0.28948159255981437,0.04,0.013
SPY,2026-05-25,2026-08-31,97,call,665.0,92.775,91.16,94.39,745.6400146484375,1,99,0.28852029846191396,0.04,0.013
SPY,2026-05-25,2026-08-31,97,call,666.0,87.66,85.93,89.39,745.6400146484375,4,3,0.24846637771606445,0.04,0.013
SPY,2026-05-25,2026-08-31,97,call,667.0,85.52,83.77,87.27,745.6400146484375,1,9,0.23509981216430664,0.04,0.013
SPY,2026-05-25,2026-08-31,97,call,668.0,90.03999999999999,88.44,91.64,745.6400146484375,20,208,0.28400374206542955,0.04,0.013
SPY,2026-05-25,2026-08-31,97,call,669.0,89.16,87.54,90.78,745.6400146484375,20,115,0.2829814134216308,0.04,0.013
SPY,2026-05-25,2026-08-31,97,call,670.0,88.24000000000001,86.64,89.84,745.6400146484375,3,2309,0.28125718749999995,0.04,0.013
SPY,2026-05-25,2026-08-31,97,call,671.0,87.34,85.74,88.94,745.6400146484375,2,65,0.27985339294433587,0.04,0.013
SPY,2026-05-25,2026-08-31,97,call,672.0,86.47,84.85,88.09,745.6400146484375,3,24,0.27889209884643557,0.04,0.013
SPY,2026-05-25,2026-08-31,97,call,673.0,85.57,83.95,87.19,745.6400146484375,1,18,0.27747304565429687,0.04,0.013
SPY,2026-05-25,2026-08-31,97,call,674.0,84.68,83.06,86.3,745.6400146484375,1,25,0.2761302856445312,0.04,0.013
SPY,2026-05-25,2026-08-31,97,call,675.0,83.785,82.16,85.41,745.6400146484375,1,221,0.2747875256347656,0.04,0.013
SPY,2026-05-25,2026-08-31,97,call,676.0,82.895,81.27,84.52,745.6400146484375,5,93,0.27342950698852536,0.04,0.013
SPY,2026-05-25,2026-08-31,97,call,677.0,82.00999999999999,80.39,83.63,745.6400146484375,1,422,0.2720562297058105,0.04,0.013
SPY,2026-05-25,2026-08-31,97,call,678.0,81.125,79.5,82.75,745.6400146484375,2,254,0.27075924560546877,0.04,0.013
SPY,2026-05-25,2026-08-31,97,call,679.0,80.235,78.61,81.86,745.6400146484375,2,326,0.26935545104980463,0.04,0.013
SPY,2026-05-25,2026-08-31,97,call,680.0,79.375,77.77,80.98,745.6400146484375,2,848,0.2680432083129882,0.04,0.013
SPY,2026-05-25,2026-08-31,97,call,681.0,78.475,76.85,80.1,745.6400146484375,1,222,0.2667004483032227,0.04,0.013
SPY,2026-05-25,2026-08-31,97,call,682.0,77.595,75.97,79.22,745.6400146484375,1,109,0.2653576882934571,0.04,0.013
SPY,2026-05-25,2026-08-31,97,call,683.0,76.715,75.09,78.34,745.6400146484375,2,409,0.26399966964721683,0.04,0.013
SPY,2026-05-25,2026-08-31,97,call,684.0,75.84,74.21,77.47,745.6400146484375,2,20,0.26271794418334965,0.04,0.013
SPY,2026-05-25,2026-08-31,97,call,685.0,74.96000000000001,73.33,76.59,745.6400146484375,3,561,0.2613294082641602,0.04,0.013
SPY,2026-05-25,2026-08-31,97,call,686.0,74.09,72.46,75.72,745.6400146484375,3,86,0.2600171655273438,0.04,0.013
SPY,2026-05-25,2026-08-31,97,call,687.0,73.22,71.59,74.85,745.6400146484375,10,37,0.25868966415405276,0.04,0.013
SPY,2026-05-25,2026-08-31,97,call,688.0,72.35,70.72,73.98,745.6400146484375,1,32,0.25736216278076174,0.04,0.013
SPY,2026-05-25,2026-08-31,97,call,689.0,71.47999999999999,69.85,73.11,745.6400146484375,3,29,0.2560041441345215,0.04,0.013
SPY,2026-05-25,2026-08-31,97,call,690.0,70.61500000000001,68.98,72.25,745.6400146484375,8,1631,0.2547224186706543,0.04,0.013
SPY,2026-05-25,2026-08-31,97,call,691.0,69.755,68.12,71.39,745.6400146484375,1,35,0.2534101759338379,0.04,0.013
SPY,2026-05-25,2026-08-31,97,call,692.0,68.89500000000001,67.26,70.53,745.6400146484375,32,74,0.2520979331970215,0.04,0.013
SPY,2026-05-25,2026-08-31,97,call,693.0,68.035,66.4,69.67,745.6400146484375,1,132,0.2507704318237304,0.04,0.013
SPY,2026-05-25,2026-08-31,97,call,694.0,67.18,65.54,68.82,745.6400146484375,2,44,0.24950396499633787,0.04,0.013
SPY,2026-05-25,2026-08-31,97,call,695.0,66.32499999999999,64.69,67.96,745.6400146484375,536,766,0.24814594635009768,0.04,0.013
SPY,2026-05-25,2026-08-31,97,call,696.0,65.48,63.84,67.12,745.6400146484375,8,77,0.2469252554321289,0.04,0.013
SPY,2026-05-25,2026-08-31,97,call,697.0,64.63,62.99,66.27,745.6400146484375,14,70,0.2456130126953125,0.04,0.013
SPY,2026-05-25,2026-08-31,97,call,698.0,63.78,62.14,65.42,745.6400146484375,1,21,0.2443007699584961,0.04,0.013
SPY,2026-05-25,2026-08-31,97,call,699.0,62.94,61.3,64.58,745.6400146484375,2,13,0.24303430313110352,0.04,0.013
SPY,2026-05-25,2026-08-31,97,call,700.0,62.205,60.67,63.74,745.6400146484375,5,3190,0.24175257766723635,0.04,0.013
SPY,2026-05-25,2026-08-31,97,call,701.0,61.254999999999995,59.61,62.9,745.6400146484375,2,191,0.2404555935668945,0.04,0.013
SPY,2026-05-25,2026-08-31,97,call,702.0,60.425,58.78,62.07,745.6400146484375,3,131,0.23920438537597655,0.04,0.013
SPY,2026-05-25,2026-08-31,97,call,703.0,59.584999999999994,57.94,61.23,745.6400146484375,2,155,0.23787688400268553,0.04,0.013
SPY,2026-05-25,2026-08-31,97,call,704.0,58.754999999999995,57.11,60.4,745.6400146484375,5,42,0.23661041717529296,0.04,0.013
SPY,2026-05-25,2026-08-31,97,call,705.0,57.93,56.28,59.58,745.6400146484375,4,251,0.23538972625732418,0.04,0.013
SPY,2026-05-25,2026-08-31,97,call,706.0,57.105000000000004,55.46,58.75,745.6400146484375,1,90,0.23407748352050778,0.04,0.013
SPY,2026-05-25,2026-08-31,97,call,707.0,56.28,54.63,57.93,745.6400146484375,9,155,0.23282627532958983,0.04,0.013
SPY,2026-05-25,2026-08-31,97,call,708.0,55.46,53.81,57.11,745.6400146484375,1,113,0.23155980850219726,0.04,0.013
SPY,2026-05-25,2026-08-31,97,call,709.0,54.65,53.0,56.3,745.6400146484375,1,445,0.23033911758422854,0.04,0.013
SPY,2026-05-25,2026-08-31,97,call,710.0,53.835,52.18,55.49,745.6400146484375,62,891,0.2291031680297852,0.04,0.013
SPY,2026-05-25,2026-08-31,97,call,711.0,53.03,51.38,54.68,745.6400146484375,3,519,0.2278519598388672,0.04,0.013
SPY,2026-05-25,2026-08-31,97,call,712.0,52.225,50.57,53.88,745.6400146484375,18,173,0.22664652755737302,0.04,0.013
SPY,2026-05-25,2026-08-31,97,call,713.0,51.425,49.77,53.08,745.6400146484375,1,152,0.2254258366394043,0.04,0.013
SPY,2026-05-25,2026-08-31,97,call,714.0,50.629999999999995,48.97,52.29,745.6400146484375,1,773,0.22425092163085933,0.04,0.013
SPY,2026-05-25,2026-08-31,97,call,715.0,49.835,48.18,51.49,745.6400146484375,1,162,0.2229997134399414,0.04,0.013
SPY,2026-05-25,2026-08-31,97,call,716.0,49.05,47.39,50.71,745.6400146484375,542,638,0.2218553157043457,0.04,0.013
SPY,2026-05-25,2026-08-31,97,call,717.0,48.260000000000005,46.6,49.92,745.6400146484375,1,39,0.2206193661499023,0.04,0.013
SPY,2026-05-25,2026-08-31,97,call,718.0,47.475,45.81,49.14,745.6400146484375,1,38,0.2194291925048828,0.04,0.013
SPY,2026-05-25,2026-08-31,97,call,719.0,47.165,45.97,48.36,745.6400146484375,3,86,0.21822376022338863,0.04,0.013
SPY,2026-05-25,2026-08-31,97,call,720.0,46.605000000000004,45.82,47.39,745.6400146484375,3,994,0.2156908265686035,0.04,0.013
SPY,2026-05-25,2026-08-31,97,call,725.0,42.205,40.92,43.49,745.6400146484375,66,2047,0.2092364233398437,0.04,0.013
SPY,2026-05-25,2026-08-31,97,call,730.0,38.44,36.76,40.12,745.6400146484375,13,1141,0.20571167831420895,0.04,0.013
SPY,2026-05-25,2026-08-31,97,call,735.0,35.045,33.51,36.58,745.6400146484375,5,458,0.2003558969116211,0.04,0.013
SPY,2026-05-25,2026-08-31,97,call,740.0,31.95,31.42,32.48,745.6400146484375,64,2005,0.19068192138671874,0.04,0.013
SPY,2026-05-25,2026-08-31,97,call,745.0,28.3,28.18,28.42,745.6400146484375,100,1626,0.1805501867675781,0.04,0.013
SPY,2026-05-25,2026-08-31,97,call,750.0,25.225,25.19,25.26,745.6400146484375,22,1559,0.17536987968444825,0.04,0.013
SPY,2026-05-25,2026-08-31,97,call,755.0,22.345,22.31,22.38,745.6400146484375,14,532,0.17105931488037113,0.04,0.013
SPY,2026-05-25,2026-08-31,97,call,760.0,19.665,19.63,19.7,745.6400146484375,10,657,0.16703103485107423,0.04,0.013
SPY,2026-05-25,2026-08-31,97,call,765.0,17.200000000000003,17.17,17.23,745.6400146484375,25,887,0.16333844482421878,0.04,0.013
SPY,2026-05-25,2026-08-31,97,call,770.0,14.940000000000001,14.91,14.97,745.6400146484375,39,607,0.15993576889038086,0.04,0.013
SPY,2026-05-25,2026-08-31,97,call,775.0,12.899999999999999,12.87,12.93,745.6400146484375,17,696,0.156884041595459,0.04,0.013
SPY,2026-05-25,2026-08-31,97,call,780.0,11.07,11.04,11.1,745.6400146484375,98,973,0.15413748703002933,0.04,0.013
SPY,2026-05-25,2026-08-31,97,call,785.0,9.440000000000001,9.41,9.47,745.6400146484375,94,843,0.1516655879211426,0.04,0.013
SPY,2026-05-25,2026-08-31,97,call,790.0,8.004999999999999,7.98,8.03,745.6400146484375,53,279,0.14945308563232423,0.04,0.013
SPY,2026-05-25,2026-08-31,97,call,795.0,6.755000000000001,6.73,6.78,745.6400146484375,39,1181,0.1475610147094727,0.04,0.013
SPY,2026-05-25,2026-08-31,97,call,800.0,5.665,5.64,5.69,745.6400146484375,75,752,0.1458520474243164,0.04,0.013
SPY,2026-05-25,2026-08-31,97,call,805.0,4.734999999999999,4.71,4.76,745.6400146484375,50,260,0.14444825286865232,0.04,0.013
SPY,2026-05-25,2026-08-31,97,call,810.0,3.93,3.91,3.95,745.6400146484375,10,1255,0.1430597169494629,0.04,0.013
SPY,2026-05-25,2026-08-31,97,call,815.0,3.255,3.23,3.28,745.6400146484375,13,119,0.14206790557861326,0.04,0.013
SPY,2026-05-25,2026-08-31,97,call,820.0,2.68,2.66,2.7,745.6400146484375,90,293,0.14106083557128907,0.04,0.013
SPY,2026-05-25,2026-08-31,97,call,825.0,2.2,2.18,2.22,745.6400146484375,20,728,0.14029790374755857,0.04,0.013
SPY,2026-05-25,2026-08-31,97,call,830.0,1.81,1.79,1.83,745.6400146484375,15,146,0.13984014465332031,0.04,0.013
SPY,2026-05-25,2026-08-31,97,call,835.0,1.4849999999999999,1.47,1.5,745.6400146484375,2,81,0.13941290283203128,0.04,0.013
SPY,2026-05-25,2026-08-31,97,call,840.0,1.2149999999999999,1.2,1.23,745.6400146484375,2,11,0.1391382473754883,0.04,0.013
SPY,2026-05-25,2026-08-31,97,call,845.0,1.0,0.98,1.02,745.6400146484375,25,46,0.1393213510131836,0.04,0.013
SPY,2026-05-25,2026-08-31,97,call,850.0,0.825,0.81,0.84,745.6400146484375,50,23,0.13941290283203128,0.04,0.013
SPY,2026-05-25,2026-08-31,97,call,855.0,0.685,0.67,0.7,745.6400146484375,1,3,0.13990117919921874,0.04,0.013
SPY,2026-05-25,2026-08-31,97,call,860.0,0.5700000000000001,0.56,0.58,745.6400146484375,3,110,0.14026738647460937,0.04,0.013
SPY,2026-05-25,2026-09-18,115,call,300.0,448.19,446.62,449.76,745.6400146484375,1,627,0.8480239807128906,0.04,0.013
SPY,2026-05-25,2026-09-18,115,call,305.0,443.27,441.7,444.84,745.6400146484375,10,391,0.8383805224609374,0.04,0.013
SPY,2026-05-25,2026-09-18,115,call,310.0,438.355,436.78,439.93,745.6400146484375,4,319,0.828981202392578,0.04,0.013
SPY,2026-05-25,2026-09-18,115,call,315.0,361.14,0.0,0.0,745.6400146484375,75,0,1.0000000000000003e-05,0.04,0.013
SPY,2026-05-25,2026-09-18,115,call,320.0,428.51,426.93,430.09,745.6400146484375,1,136,0.8096942858886718,0.04,0.013
SPY,2026-05-25,2026-09-18,115,call,325.0,423.59000000000003,422.01,425.17,745.6400146484375,1,101,0.8001728967285155,0.04,0.013
SPY,2026-05-25,2026-09-18,115,call,330.0,315.5,0.0,0.0,745.6400146484375,1,0,1.0000000000000003e-05,0.04,0.013
SPY,2026-05-25,2026-09-18,115,call,335.0,332.0,330.29,333.71,745.6400146484375,1,1,1.0000000000000003e-05,0.04,0.013
SPY,2026-05-25,2026-09-18,115,call,340.0,408.83,407.26,410.4,745.6400146484375,3,6,0.7717918328857423,0.04,0.013
SPY,2026-05-25,2026-09-18,115,call,345.0,396.32,394.64,398.0,745.6400146484375,6,13,1.0000000000000003e-05,0.04,0.013
SPY,2026-05-25,2026-09-18,115,call,350.0,348.235,346.54,349.93,745.6400146484375,5,5,1.0000000000000003e-05,0.04,0.013
SPY,2026-05-25,2026-09-18,115,call,355.0,394.07,392.51,395.63,745.6400146484375,3,16,0.7437769763183593,0.04,0.013
SPY,2026-05-25,2026-09-18,115,call,360.0,389.175,387.6,390.75,745.6400146484375,1,7,0.7355373126220703,0.04,0.013
SPY,2026-05-25,2026-09-18,115,call,365.0,310.415,308.48,312.35,745.6400146484375,0,5,1.0000000000000003e-05,0.04,0.013
SPY,2026-05-25,2026-09-18,115,call,370.0,379.335,377.77,380.9,745.6400146484375,2,3,0.7171048797607422,0.04,0.013
SPY,2026-05-25,2026-09-18,115,call,375.0,363.875,362.3,365.45,745.6400146484375,1,3,1.0000000000000003e-05,0.04,0.013
SPY,2026-05-25,2026-09-18,115,call,380.0,369.51,367.94,371.08,745.6400146484375,1,4,0.6993438269042969,0.04,0.013
SPY,2026-05-25,2026-09-18,115,call,385.0,354.08500000000004,352.51,355.66,745.6400146484375,1,129,1.0000000000000003e-05,0.04,0.013
SPY,2026-05-25,2026-09-18,115,call,390.0,359.69,358.12,361.26,745.6400146484375,1,2,0.681887946777344,0.04,0.013
SPY,2026-05-25,2026-09-18,115,call,395.0,344.295,342.72,345.87,745.6400146484375,12,8,1.0000000000000003e-05,0.04,0.013
SPY,2026-05-25,2026-09-18,115,call,400.0,349.87,348.3,351.44,745.6400146484375,7,45,0.6644931011962893,0.04,0.013
SPY,2026-05-25,2026-09-18,115,call,405.0,260.53,0.0,0.0,745.6400146484375,16,0,1.0000000000000003e-05,0.04,0.013
SPY,2026-05-25,2026-09-18,115,call,410.0,340.065,338.49,341.64,745.6400146484375,1,24,0.6476475665283203,0.04,0.013
SPY,2026-05-25,2026-09-18,115,call,415.0,327.635,325.99,329.28,745.6400146484375,2,111,1.0000000000000003e-05,0.04,0.013
SPY,2026-05-25,2026-09-18,115,call,420.0,330.25,328.67,331.83,745.6400146484375,19,71,0.6305578936767577,0.04,0.013
SPY,2026-05-25,2026-09-18,115,call,425.0,325.34000000000003,323.77,326.91,745.6400146484375,5,16,0.6219520227050781,0.04,0.013
SPY,2026-05-25,2026-09-18,115,call,430.0,320.435,318.87,322.0,745.6400146484375,5,795,0.6135292553710938,0.04,0.013
SPY,2026-05-25,2026-09-18,115,call,435.0,315.545,313.97,317.12,745.6400146484375,2,13,0.6055337298583985,0.04,0.013
SPY,2026-05-25,2026-09-18,115,call,440.0,310.645,309.07,312.22,745.6400146484375,11,18,0.5972940661621093,0.04,0.013
SPY,2026-05-25,2026-09-18,115,call,445.0,248.87,0.0,0.0,745.6400146484375,2,0,1.0000000000000003e-05,0.04,0.013
SPY,2026-05-25,2026-09-18,115,call,450.0,300.84000000000003,299.27,302.41,745.6400146484375,10,176,0.5806926696777344,0.04,0.013
SPY,2026-05-25,2026-09-18,115,call,455.0,295.95,294.38,297.52,745.6400146484375,1,250,0.5726971441650393,0.04,0.013
SPY,2026-05-25,2026-09-18,115,call,460.0,291.06,289.48,292.64,745.6400146484375,1,117,0.5647016186523439,0.04,0.013
SPY,2026-05-25,2026-09-18,115,call,465.0,286.16999999999996,284.59,287.75,745.6400146484375,1,15,0.5567366104125978,0.04,0.013
SPY,2026-05-25,2026-09-18,115,call,470.0,281.28,279.7,282.86,745.6400146484375,2,7,0.5487716021728517,0.04,0.013
SPY,2026-05-25,2026-09-18,115,call,475.0,276.385,274.81,277.96,745.6400146484375,1,7,0.5406540075683595,0.04,0.013
SPY,2026-05-25,2026-09-18,115,call,480.0,271.5,269.93,273.07,745.6400146484375,2,29,0.5327805511474608,0.04,0.013
SPY,2026-05-25,2026-09-18,115,call,485.0,166.88,0.0,0.0,745.6400146484375,1,0,1.0000000000000003e-05,0.04,0.013
SPY,2026-05-25,2026-09-18,115,call,490.0,261.725,260.16,263.29,745.6400146484375,1,26,0.5169420864868165,0.04,0.013
SPY,2026-05-25,2026-09-18,115,call,495.0,256.845,255.28,258.41,745.6400146484375,1,84,0.5091601818847658,0.04,0.013
SPY,2026-05-25,2026-09-18,115,call,500.0,251.98000000000002,250.41,253.55,745.6400146484375,1,220,0.5016529327392578,0.04,0.013
SPY,2026-05-25,2026-09-18,115,call,505.0,247.11,245.53,248.69,745.6400146484375,4,51,0.5225267474365234,0.04,0.013
SPY,2026-05-25,2026-09-18,115,call,510.0,242.24,240.66,243.82,745.6400146484375,40,72,0.514256566467285,0.04,0.013
SPY,2026-05-25,2026-09-18,115,call,515.0,237.37,235.8,238.94,745.6400146484375,2,3490,0.5058032818603515,0.04,0.013
SPY,2026-05-25,2026-09-18,115,call,520.0,232.51,230.93,234.09,745.6400146484375,1,75,0.49786879089355474,0.04,0.013
SPY,2026-05-25,2026-09-18,115,call,525.0,227.64999999999998,226.07,229.23,745.6400146484375,54,64,0.4897511962890626,0.04,0.013
SPY,2026-05-25,2026-09-18,115,call,530.0,222.79000000000002,221.21,224.37,745.6400146484375,1,94,0.48163360168457037,0.04,0.013
SPY,2026-05-25,2026-09-18,115,call,535.0,217.94,216.36,219.52,745.6400146484375,1,68,0.47363807617187503,0.04,0.013
SPY,2026-05-25,2026-09-18,115,call,540.0,213.095,211.52,214.67,745.6400146484375,5,73,0.4656425506591797,0.04,0.013
SPY,2026-05-25,2026-09-18,115,call,545.0,208.25,206.68,209.82,745.6400146484375,1,64,0.4576470251464845,0.04,0.013
SPY,2026-05-25,2026-09-18,115,call,550.0,203.42000000000002,201.84,205.0,745.6400146484375,1,1094,0.45001770690917964,0.04,0.013
SPY,2026-05-25,2026-09-18,115,call,555.0,198.58999999999997,197.01,200.17,745.6400146484375,3,98,0.4422663195800781,0.04,0.013
SPY,2026-05-25,2026-09-18,115,call,560.0,193.76999999999998,192.19,195.35,745.6400146484375,25,128,0.43457596679687505,0.04,0.013
SPY,2026-05-25,2026-09-18,115,call,565.0,188.945,187.37,190.52,745.6400146484375,15,1329,0.42673302764892584,0.04,0.013
SPY,2026-05-25,2026-09-18,115,call,570.0,184.14499999999998,182.56,185.73,745.6400146484375,1,188,0.41937836486816404,0.04,0.013
SPY,2026-05-25,2026-09-18,115,call,575.0,179.345,177.76,180.93,745.6400146484375,3,134,0.4118558570861816,0.04,0.013
SPY,2026-05-25,2026-09-18,115,call,580.0,174.555,172.97,176.14,745.6400146484375,10,204,0.4043943838500976,0.04,0.013
SPY,2026-05-25,2026-09-18,115,call,585.0,169.77499999999998,168.2,171.35,745.6400146484375,2,831,0.3968871347045898,0.04,0.013
SPY,2026-05-25,2026-09-18,115,call,590.0,165.015,163.43,166.6,745.6400146484375,5,108,0.38977661010742193,0.04,0.013
SPY,2026-05-25,2026-09-18,115,call,595.0,160.245,158.67,161.82,745.6400146484375,2,414,0.382269360961914,0.04,0.013
SPY,2026-05-25,2026-09-18,115,call,600.0,155.515,153.93,157.1,745.6400146484375,4,517,0.375357198638916,0.04,0.013
SPY,2026-05-25,2026-09-18,115,call,605.0,150.785,149.2,152.37,745.6400146484375,1,461,0.3682314154052735,0.04,0.013
SPY,2026-05-25,2026-09-18,115,call,610.0,146.055,144.48,147.63,745.6400146484375,1,408,0.36093778717041014,0.04,0.013
SPY,2026-05-25,2026-09-18,115,call,615.0,141.37,139.78,142.96,745.6400146484375,2,189,0.35426976303100577,0.04,0.013
SPY,2026-05-25,2026-09-18,115,call,620.0,136.69,135.1,138.28,745.6400146484375,2,1173,0.34738811798095703,0.04,0.013
SPY,2026-05-25,2026-09-18,115,call,625.0,132.02,130.43,133.61,745.6400146484375,3,886,0.34049121429443363,0.04,0.013
SPY,2026-05-25,2026-09-18,115,call,630.0,127.065,125.78,128.35,745.6400146484375,2,1219,0.32776551147460936,0.04,0.013
SPY,2026-05-25,2026-09-18,115,call,635.0,122.725,121.14,124.31,745.6400146484375,9,921,0.3266974069213867,0.04,0.013
SPY,2026-05-25,2026-09-18,115,call,640.0,118.13,116.54,119.72,745.6400146484375,1,2203,0.3201667105102538,0.04,0.013
SPY,2026-05-25,2026-09-18,115,call,645.0,113.535,111.95,115.12,745.6400146484375,18,1002,0.3133766172790527,0.04,0.013
SPY,2026-05-25,2026-09-18,115,call,650.0,108.945,107.39,110.5,745.6400146484375,5,3306,0.3062813513183594,0.04,0.013
SPY,2026-05-25,2026-09-18,115,call,655.0,104.455,102.85,106.06,745.6400146484375,1,1032,0.30054410400390624,0.04,0.013
SPY,2026-05-25,2026-09-18,115,call,660.0,99.935,98.33,101.54,745.6400146484375,2,4269,0.2939218557739257,0.04,0.013
SPY,2026-05-25,2026-09-18,115,call,665.0,95.445,93.85,97.04,745.6400146484375,1,4613,0.2872843489074706,0.04,0.013
SPY,2026-05-25,2026-09-18,115,call,670.0,91.005,89.41,92.6,745.6400146484375,2,3340,0.28092149749755857,0.04,0.013
SPY,2026-05-25,2026-09-18,115,call,675.0,86.595,84.99,88.2,745.6400146484375,1,5744,0.27461968063354497,0.04,0.013
SPY,2026-05-25,2026-09-18,115,call,680.0,82.235,80.62,83.85,745.6400146484375,11,5020,0.26845519149780267,0.04,0.013
SPY,2026-05-25,2026-09-18,115,call,685.0,77.905,76.28,79.53,745.6400146484375,90,5017,0.26225255577087403,0.04,0.013
SPY,2026-05-25,2026-09-18,115,call,690.0,73.625,72.0,75.25,745.6400146484375,56,6632,0.25604992004394533,0.04,0.013
SPY,2026-05-25,2026-09-18,115,call,695.0,69.785,68.55,71.02,745.6400146484375,4,8627,0.2499006895446777,0.04,0.013
SPY,2026-05-25,2026-09-18,115,call,700.0,64.53999999999999,63.58,65.5,745.6400146484375,158,11277,0.23464205307006836,0.04,0.013
SPY,2026-05-25,2026-09-18,115,call,705.0,61.1,59.46,62.74,745.6400146484375,238,9961,0.237838737411499,0.04,0.013
SPY,2026-05-25,2026-09-18,115,call,710.0,57.065,55.42,58.71,745.6400146484375,29,7181,0.23198705032348632,0.04,0.013
SPY,2026-05-25,2026-09-18,115,call,715.0,52.945,51.45,54.44,745.6400146484375,19,13061,0.22420514572143552,0.04,0.013
SPY,2026-05-25,2026-09-18,115,call,720.0,49.230000000000004,47.57,50.89,745.6400146484375,34,17499,0.2205735902404785,0.04,0.013
SPY,2026-05-25,2026-09-18,115,call,725.0,45.465,43.8,47.13,745.6400146484375,71,16638,0.21511099838256836,0.04,0.013
SPY,2026-05-25,2026-09-18,115,call,730.0,41.585,40.13,43.04,745.6400146484375,21,29822,0.20714599014282226,0.04,0.013
SPY,2026-05-25,2026-09-18,115,call,735.0,38.81,38.14,39.48,745.6400146484375,32,11034,0.20188176055908202,0.04,0.013
SPY,2026-05-25,2026-09-18,115,call,740.0,34.754999999999995,34.47,35.04,745.6400146484375,162,8453,0.19077347320556642,0.04,0.013
SPY,2026-05-25,2026-09-18,115,call,745.0,31.72,31.54,31.9,745.6400146484375,437,16702,0.18680622772216798,0.04,0.013
SPY,2026-05-25,2026-09-18,115,call,750.0,28.535,28.5,28.57,745.6400146484375,541,36643,0.1810003165435791,0.04,0.013
SPY,2026-05-25,2026-09-18,115,call,755.0,25.605,25.57,25.64,745.6400146484375,441,13007,0.1767965621948242,0.04,0.013
SPY,2026-05-25,2026-09-18,115,call,760.0,22.86,22.83,22.89,745.6400146484375,1230,10696,0.17285983398437502,0.04,0.013
SPY,2026-05-25,2026-09-18,115,call,765.0,20.299999999999997,20.27,20.33,745.6400146484375,128,17024,0.16920539054870606,0.04,0.013
SPY,2026-05-25,2026-09-18,115,call,770.0,17.939999999999998,17.91,17.97,745.6400146484375,330,3197,0.16587137847900396,0.04,0.013
SPY,2026-05-25,2026-09-18,115,call,775.0,15.77,15.74,15.8,745.6400146484375,212,3986,0.1627891339111328,0.04,0.013
SPY,2026-05-25,2026-09-18,115,call,780.0,13.79,13.76,13.82,745.6400146484375,709,16252,0.15996628616333008,0.04,0.013
SPY,2026-05-25,2026-09-18,115,call,785.0,12.004999999999999,11.98,12.03,745.6400146484375,75,9216,0.15740283523559573,0.04,0.013
SPY,2026-05-25,2026-09-18,115,call,790.0,10.395,10.37,10.42,745.6400146484375,3550,11513,0.15506826385498051,0.04,0.013
SPY,2026-05-25,2026-09-18,115,call,795.0,8.965,8.94,8.99,745.6400146484375,15,9500,0.15302360656738284,0.04,0.013
SPY,2026-05-25,2026-09-18,115,call,800.0,7.695,7.67,7.72,745.6400146484375,249,14954,0.15116205291748053,0.04,0.013
SPY,2026-05-25,2026-09-18,115,call,805.0,6.574999999999999,6.55,6.6,745.6400146484375,17,2145,0.14948360290527346,0.04,0.013
SPY,2026-05-25,2026-09-18,115,call,810.0,5.595000000000001,5.57,5.62,745.6400146484375,34,1446,0.14800351516723637,0.04,0.013
SPY,2026-05-25,2026-09-18,115,call,815.0,4.744999999999999,4.72,4.77,745.6400146484375,19,6585,0.14672178970336913,0.04,0.013
SPY,2026-05-25,2026-09-18,115,call,820.0,4.005,3.98,4.03,745.6400146484375,46,4180,0.1455468746948242,0.04,0.013
SPY,2026-05-25,2026-09-18,115,call,825.0,3.37,3.35,3.39,745.6400146484375,143,5504,0.14447877014160154,0.04,0.013
SPY,2026-05-25,2026-09-18,115,call,830.0,2.83,2.81,2.85,745.6400146484375,2,1013,0.14365480377197265,0.04,0.013
SPY,2026-05-25,2026-09-18,115,call,835.0,2.37,2.35,2.39,745.6400146484375,6,2032,0.14292238922119144,0.04,0.013
SPY,2026-05-25,2026-09-18,115,call,840.0,1.9849999999999999,1.97,2.0,745.6400146484375,6,2262,0.14234256103515625,0.04,0.013
SPY,2026-05-25,2026-09-18,115,call,845.0,1.66,1.64,1.68,745.6400146484375,2,2266,0.14203738830566404,0.04,0.013
SPY,2026-05-25,2026-09-18,115,call,850.0,1.385,1.37,1.4,745.6400146484375,92,5878,0.1416406637573242,0.04,0.013
SPY,2026-05-25,2026-09-18,115,call,855.0,1.165,1.15,1.18,745.6400146484375,2,1688,0.14167118103027343,0.04,0.013
SPY,2026-05-25,2026-09-18,115,call,860.0,0.98,0.97,0.99,745.6400146484375,10,4973,0.14167118103027343,0.04,0.013
SPY,2026-05-25,2026-09-18,115,call,865.0,0.825,0.81,0.84,745.6400146484375,6,1541,0.14203738830566404,0.04,0.013
SPY,2026-05-25,2026-09-18,115,call,870.0,0.7,0.69,0.71,745.6400146484375,2,827,0.14234256103515625,0.04,0.013
SPY,2026-05-25,2026-09-18,115,call,875.0,0.595,0.58,0.61,745.6400146484375,2,1270,0.1430749755859375,0.04,0.013
SPY,2026-05-25,2026-09-18,115,call,880.0,0.51,0.5,0.52,745.6400146484375,7,5580,0.14362428649902342,0.04,0.013
SPY,2026-05-25,2026-09-18,115,call,885.0,0.44,0.43,0.45,745.6400146484375,2,4176,0.1445398046875,0.04,0.013
SPY,2026-05-25,2026-09-18,115,call,890.0,0.38,0.37,0.39,745.6400146484375,1,461,0.14539428833007811,0.04,0.013
SPY,2026-05-25,2026-09-18,115,call,895.0,0.33999999999999997,0.33,0.35,745.6400146484375,2,1401,0.14710325561523438,0.04,0.013
SPY,2026-05-25,2026-09-18,115,call,900.0,0.3,0.29,0.31,745.6400146484375,154,6746,0.148446015625,0.04,0.013
SPY,2026-05-25,2026-09-18,115,call,905.0,0.265,0.26,0.27,745.6400146484375,5,443,0.14930049926757813,0.04,0.013
SPY,2026-05-25,2026-09-18,115,call,910.0,0.24,0.23,0.25,745.6400146484375,3,526,0.1514977429199219,0.04,0.013
SPY,2026-05-25,2026-09-18,115,call,915.0,0.215,0.21,0.22,745.6400146484375,1,200,0.15259636474609378,0.04,0.013
SPY,2026-05-25,2026-09-18,115,call,920.0,0.195,0.19,0.2,745.6400146484375,4,1492,0.15430533203125002,0.04,0.013
SPY,2026-05-25,2026-09-18,115,call,925.0,0.18,0.17,0.19,745.6400146484375,1,715,0.15674671386718753,0.04,0.013
SPY,2026-05-25,2026-09-18,115,call,930.0,0.16,0.15,0.17,745.6400146484375,287,777,0.15796740478515625,0.04,0.013
SPY,2026-05-25,2026-09-18,115,call,935.0,0.15000000000000002,0.14,0.16,745.6400146484375,3,714,0.1601646484375,0.04,0.013
SPY,2026-05-25,2026-09-18,115,call,940.0,0.14,0.13,0.15,745.6400146484375,1,1164,0.16236189208984375,0.04,0.013
SPY,2026-05-25,2026-09-18,115,call,945.0,0.13,0.12,0.14,745.6400146484375,1,1451,0.16431499755859375,0.04,0.013
SPY,2026-05-25,2026-09-18,115,call,950.0,0.12,0.11,0.13,745.6400146484375,1,2422,0.16602396484375004,0.04,0.013
SPY,2026-05-25,2026-09-18,115,call,955.0,0.11,0.1,0.12,745.6400146484375,1,1274,0.16773293212890628,0.04,0.013
SPY,2026-05-25,2026-09-18,115,call,960.0,0.10500000000000001,0.1,0.11,745.6400146484375,102,1230,0.1694418994140625,0.04,0.013
SPY,2026-05-25,2026-09-18,115,call,965.0,0.1,0.09,0.11,745.6400146484375,1,1452,0.17237155761718753,0.04,0.013
SPY,2026-05-25,2026-09-18,115,call,970.0,0.09,0.08,0.1,745.6400146484375,12,1064,0.17359224853515626,0.04,0.013
SPY,2026-05-25,2026-09-18,115,call,975.0,0.09,0.08,0.1,745.6400146484375,3,1082,0.176766044921875,0.04,0.013
SPY,2026-05-25,2026-09-18,115,call,980.0,0.08,0.07,0.09,745.6400146484375,301,856,0.17774259765625,0.04,0.013
SPY,2026-05-25,2026-09-18,115,call,985.0,0.08,0.07,0.09,745.6400146484375,1,910,0.180672255859375,0.04,0.013
SPY,2026-05-25,2026-09-18,115,call,990.0,0.07,0.06,0.08,745.6400146484375,1,1221,0.18116053222656248,0.04,0.013
SPY,2026-05-25,2026-09-18,115,call,995.0,0.07,0.06,0.08,745.6400146484375,121,2022,0.1840901904296875,0.04,0.013
SPY,2026-05-25,2026-09-18,115,call,1000.0,0.065,0.06,0.07,745.6400146484375,27,2751,0.18457846679687498,0.04,0.013
SPY,2026-05-25,2026-09-30,127,call,375.0,374.40999999999997,372.78,376.04,745.6400146484375,10,14,0.6742586285400394,0.04,0.013
SPY,2026-05-25,2026-09-30,127,call,380.0,369.505,367.88,371.13,745.6400146484375,0,1,0.6660799993896487,0.04,0.013
SPY,2026-05-25,2026-09-30,127,call,410.0,340.065,338.44,341.69,745.6400146484375,1,4,0.6169777072143555,0.04,0.013
SPY,2026-05-25,2026-09-30,127,call,415.0,335.15999999999997,333.53,336.79,745.6400146484375,9,321,0.6088906298828126,0.04,0.013
SPY,2026-05-25,2026-09-30,127,call,420.0,330.255,328.63,331.88,745.6400146484375,35,79,0.6008340698242189,0.04,0.013
SPY,2026-05-25,2026-09-30,127,call,425.0,325.355,323.73,326.98,745.6400146484375,2,49,0.5929606134033205,0.04,0.013
SPY,2026-05-25,2026-09-30,127,call,440.0,310.67,309.04,312.3,745.6400146484375,2,3,0.5696454168701173,0.04,0.013
SPY,2026-05-25,2026-09-30,127,call,460.0,283.895,282.14,285.65,745.6400146484375,0,0,1.0000000000000003e-05,0.04,0.013
SPY,2026-05-25,2026-09-30,127,call,470.0,274.12,272.4,275.84,745.6400146484375,2,1,0.30322962402343745,0.04,0.013
SPY,2026-05-25,2026-09-30,127,call,475.0,218.1,0.0,0.0,745.6400146484375,0,0,1.0000000000000003e-05,0.04,0.013
SPY,2026-05-25,2026-09-30,127,call,480.0,212.0,0.0,0.0,745.6400146484375,2,0,1.0000000000000003e-05,0.04,0.013
SPY,2026-05-25,2026-09-30,127,call,485.0,266.73,265.16,268.3,745.6400146484375,15,14,0.50235483001709,0.04,0.013
SPY,2026-05-25,2026-09-30,127,call,490.0,254.71499999999997,252.97,256.46,745.6400146484375,1,2,0.3365544860839844,0.04,0.013
SPY,2026-05-25,2026-09-30,127,call,495.0,249.81,248.12,251.5,745.6400146484375,1,12,0.3316717224121094,0.04,0.013
SPY,2026-05-25,2026-09-30,127,call,500.0,252.12,250.55,253.69,745.6400146484375,2,39,0.5078479391479492,0.04,0.013
SPY,2026-05-25,2026-09-30,127,call,505.0,240.12,238.42,241.82,745.6400146484375,1,23,0.33386896606445315,0.04,0.013
SPY,2026-05-25,2026-09-30,127,call,510.0,235.335,233.59,237.08,745.6400146484375,1,8,0.33765310791015624,0.04,0.013
SPY,2026-05-25,2026-09-30,127,call,515.0,237.53,235.95,239.11,745.6400146484375,1,205,0.4845327426147461,0.04,0.013
SPY,2026-05-25,2026-09-30,127,call,520.0,232.66500000000002,231.09,234.24,745.6400146484375,2,15,0.4765982516479492,0.04,0.013
SPY,2026-05-25,2026-09-30,127,call,525.0,227.82,226.24,229.4,745.6400146484375,1,1,0.4691215197753906,0.04,0.013
SPY,2026-05-25,2026-09-30,127,call,530.0,222.97,221.39,224.55,745.6400146484375,1,51,0.4614616842651368,0.04,0.013
SPY,2026-05-25,2026-09-30,127,call,535.0,186.675,185.0,188.35,745.6400146484375,1,4,1.0000000000000003e-05,0.04,0.013
SPY,2026-05-25,2026-09-30,127,call,540.0,213.3,211.72,214.88,745.6400146484375,4,26,0.44653873779296877,0.04,0.013
SPY,2026-05-25,2026-09-30,127,call,545.0,208.47,206.89,210.05,745.6400146484375,2,4,0.43912304046630857,0.04,0.013
SPY,2026-05-25,2026-09-30,127,call,550.0,203.635,202.06,205.21,745.6400146484375,2,28,0.4315547567749024,0.04,0.013
SPY,2026-05-25,2026-09-30,127,call,555.0,198.825,197.24,200.41,745.6400146484375,2,6,0.42445949081420903,0.04,0.013
SPY,2026-05-25,2026-09-30,127,call,560.0,194.015,192.43,195.6,745.6400146484375,1,19,0.4172116384887695,0.04,0.013
SPY,2026-05-25,2026-09-30,127,call,565.0,189.20499999999998,187.63,190.78,745.6400146484375,1,7,0.4097959411621094,0.04,0.013
SPY,2026-05-25,2026-09-30,127,call,570.0,184.42000000000002,182.84,186.0,745.6400146484375,2,89,0.4028380029296875,0.04,0.013
SPY,2026-05-25,2026-09-30,127,call,575.0,179.64,178.05,181.23,745.6400146484375,2,351,0.3959410992431641,0.04,0.013
SPY,2026-05-25,2026-09-30,127,call,580.0,174.875,173.29,176.46,745.6400146484375,1,14,0.38898316101074215,0.04,0.013
SPY,2026-05-25,2026-09-30,127,call,585.0,170.115,168.53,171.7,745.6400146484375,15,747,0.3820862573242187,0.04,0.013
SPY,2026-05-25,2026-09-30,127,call,590.0,165.365,163.78,166.95,745.6400146484375,2,15,0.37521987091064457,0.04,0.013
SPY,2026-05-25,2026-09-30,127,call,594.0,161.575,159.99,163.16,745.6400146484375,307,2031,0.3697877963256836,0.04,0.013
SPY,2026-05-25,2026-09-30,127,call,595.0,160.63,159.04,162.22,745.6400146484375,5,424,0.3685060708618164,0.04,0.013
SPY,2026-05-25,2026-09-30,127,call,596.0,159.68,158.09,161.27,745.6400146484375,1,2,0.36710227630615233,0.04,0.013
SPY,2026-05-25,2026-09-30,127,call,597.0,158.74,157.15,160.33,745.6400146484375,1,8,0.36582055084228515,0.04,0.013
SPY,2026-05-25,2026-09-30,127,call,598.0,157.79,156.2,159.38,745.6400146484375,247,1273,0.3644167562866212,0.04,0.013
SPY,2026-05-25,2026-09-30,127,call,599.0,156.85,155.26,158.44,745.6400146484375,2,1614,0.36310451354980466,0.04,0.013
SPY,2026-05-25,2026-09-30,127,call,600.0,155.91,154.32,157.5,745.6400146484375,2,1644,0.3618075294494629,0.04,0.013
SPY,2026-05-25,2026-09-30,127,call,601.0,154.96,153.37,156.55,745.6400146484375,2,729,0.3604037348937988,0.04,0.013
SPY,2026-05-25,2026-09-30,127,call,602.0,154.02,152.43,155.61,745.6400146484375,40,37,0.3590914921569824,0.04,0.013
SPY,2026-05-25,2026-09-30,127,call,603.0,153.07999999999998,151.49,154.67,745.6400146484375,28,22,0.357779249420166,0.04,0.013
SPY,2026-05-25,2026-09-30,127,call,604.0,152.14,150.55,153.73,745.6400146484375,1,5,0.35645174804687496,0.04,0.013
SPY,2026-05-25,2026-09-30,127,call,605.0,151.2,149.61,152.79,745.6400146484375,965,4787,0.35513950531005856,0.04,0.013
SPY,2026-05-25,2026-09-30,127,call,606.0,150.26,148.67,151.85,745.6400146484375,1806,1611,0.35381200393676754,0.04,0.013
SPY,2026-05-25,2026-09-30,127,call,607.0,149.31,147.73,150.89,745.6400146484375,1,4,0.3522861402893066,0.04,0.013
SPY,2026-05-25,2026-09-30,127,call,608.0,142.16,140.44,143.88,745.6400146484375,1,6,0.28253891296386713,0.04,0.013
SPY,2026-05-25,2026-09-30,127,call,609.0,147.45,145.86,149.04,745.6400146484375,1,21,0.34992105163574216,0.04,0.013
SPY,2026-05-25,2026-09-30,127,call,610.0,146.5,144.92,148.08,745.6400146484375,1,947,0.3483799293518066,0.04,0.013
SPY,2026-05-25,2026-09-30,127,call,611.0,145.575,143.98,147.17,745.6400146484375,1044,822,0.3473270834350586,0.04,0.013
SPY,2026-05-25,2026-09-30,127,call,612.0,138.465,136.74,140.19,745.6400146484375,1,26,0.27970080657958973,0.04,0.013
SPY,2026-05-25,2026-09-30,127,call,613.0,143.705,142.11,145.3,745.6400146484375,1,2,0.344733115234375,0.04,0.013
SPY,2026-05-25,2026-09-30,127,call,614.0,142.77,141.18,144.36,745.6400146484375,1,3,0.34335983795166014,0.04,0.013
SPY,2026-05-25,2026-09-30,127,call,615.0,141.84,140.25,143.43,745.6400146484375,1,581,0.3421086297607422,0.04,0.013
SPY,2026-05-25,2026-09-30,127,call,616.0,66.32,0.0,0.0,745.6400146484375,3,0,1.0000000000000003e-05,0.04,0.013
SPY,2026-05-25,2026-09-30,127,call,617.0,139.975,138.38,141.57,745.6400146484375,4,15,0.33956043746948245,0.04,0.013
SPY,2026-05-25,2026-09-30,127,call,618.0,91.86,0.0,0.0,745.6400146484375,1,0,1.0000000000000003e-05,0.04,0.013
SPY,2026-05-25,2026-09-30,127,call,619.0,138.11,136.52,139.7,745.6400146484375,1,1,0.3369054347229004,0.04,0.013
SPY,2026-05-25,2026-09-30,127,call,620.0,137.18,135.59,138.77,745.6400146484375,10,1233,0.33562370925903323,0.04,0.013
SPY,2026-05-25,2026-09-30,127,call,621.0,136.25,134.66,137.84,745.6400146484375,26,24,0.33432672515869144,0.04,0.013
SPY,2026-05-25,2026-09-30,127,call,622.0,135.325,133.73,136.92,745.6400146484375,1,5,0.33313655151367194,0.04,0.013
SPY,2026-05-25,2026-09-30,127,call,623.0,128.325,126.65,130.0,745.6400146484375,14,22,0.270515107421875,0.04,0.013
SPY,2026-05-25,2026-09-30,127,call,624.0,133.465,131.87,135.06,745.6400146484375,2,3,0.33052732467651363,0.04,0.013
SPY,2026-05-25,2026-09-30,127,call,625.0,132.525,130.94,134.11,745.6400146484375,1,251,0.32903197830200187,0.04,0.013
SPY,2026-05-25,2026-09-30,127,call,626.0,131.615,130.02,133.21,745.6400146484375,1,236,0.3279943910217285,0.04,0.013
SPY,2026-05-25,2026-09-30,127,call,627.0,130.675,129.09,132.26,745.6400146484375,1,19,0.3264837860107421,0.04,0.013
SPY,2026-05-25,2026-09-30,127,call,628.0,129.765,128.17,131.36,745.6400146484375,1,6,0.3254309400939941,0.04,0.013
SPY,2026-05-25,2026-09-30,127,call,629.0,128.835,127.24,130.43,745.6400146484375,1,215,0.324103438720703,0.04,0.013
SPY,2026-05-25,2026-09-30,127,call,630.0,127.905,126.32,129.49,745.6400146484375,2,806,0.3226843855285643,0.04,0.013
SPY,2026-05-25,2026-09-30,127,call,631.0,126.985,125.4,128.57,745.6400146484375,2,766,0.3214331773376465,0.04,0.013
SPY,2026-05-25,2026-09-30,127,call,632.0,120.205,118.47,121.94,745.6400146484375,2,53,0.26511355010986326,0.04,0.013
SPY,2026-05-25,2026-09-30,127,call,633.0,54.65,0.0,0.0,745.6400146484375,1,0,1.0000000000000003e-05,0.04,0.013
SPY,2026-05-25,2026-09-30,127,call,634.0,124.235,122.64,125.83,745.6400146484375,3,106,0.31783213912963865,0.04,0.013
SPY,2026-05-25,2026-09-30,127,call,635.0,123.315,121.72,124.91,745.6400146484375,4,790,0.31655041366577147,0.04,0.013
SPY,2026-05-25,2026-09-30,127,call,636.0,122.4,120.8,124.0,745.6400146484375,1,116,0.31536024002075186,0.04,0.013
SPY,2026-05-25,2026-09-30,127,call,637.0,121.485,119.89,123.08,745.6400146484375,2,131,0.31407851455688474,0.04,0.013
SPY,2026-05-25,2026-09-30,127,call,638.0,120.56,118.97,122.15,745.6400146484375,4,123,0.31270523727416993,0.04,0.013
SPY,2026-05-25,2026-09-30,127,call,639.0,119.655,118.06,121.25,745.6400146484375,1,557,0.3115913568115234,0.04,0.013
SPY,2026-05-25,2026-09-30,127,call,640.0,118.75,117.14,120.36,745.6400146484375,5,995,0.31053851089477535,0.04,0.013
SPY,2026-05-25,2026-09-30,127,call,641.0,117.82,116.23,119.41,745.6400146484375,1,245,0.3089668713378906,0.04,0.013
SPY,2026-05-25,2026-09-30,127,call,642.0,116.91,115.32,118.5,745.6400146484375,20,171,0.30774618041992186,0.04,0.013
SPY,2026-05-25,2026-09-30,127,call,643.0,116.0,114.41,117.59,745.6400146484375,1,132,0.3065102308654785,0.04,0.013
SPY,2026-05-25,2026-09-30,127,call,644.0,115.09,113.5,116.68,745.6400146484375,1,213,0.3052742813110352,0.04,0.013
SPY,2026-05-25,2026-09-30,127,call,645.0,114.18,112.59,115.77,745.6400146484375,5,505,0.3040230731201171,0.04,0.013
SPY,2026-05-25,2026-09-30,127,call,646.0,113.27000000000001,111.68,114.86,745.6400146484375,2,20,0.30277186492919916,0.04,0.013
SPY,2026-05-25,2026-09-30,127,call,647.0,112.38,110.77,113.99,745.6400146484375,1,200,0.3018410881042481,0.04,0.013
SPY,2026-05-25,2026-09-30,127,call,648.0,105.81,104.12,107.5,745.6400146484375,1,5,0.2518537950134277,0.04,0.013
SPY,2026-05-25,2026-09-30,127,call,649.0,110.565,108.96,112.17,745.6400146484375,2,23,0.29930815444946285,0.04,0.013
SPY,2026-05-25,2026-09-30,127,call,650.0,109.66,108.06,111.26,745.6400146484375,5,1380,0.29802642898559567,0.04,0.013
SPY,2026-05-25,2026-09-30,127,call,651.0,108.745,107.15,110.34,745.6400146484375,8,6,0.2966531517028808,0.04,0.013
SPY,2026-05-25,2026-09-30,127,call,652.0,107.845,106.25,109.44,745.6400146484375,1,17,0.2954477194213867,0.04,0.013
SPY,2026-05-25,2026-09-30,127,call,653.0,106.94,105.35,108.53,745.6400146484375,2,25,0.2941507353210449,0.04,0.013
SPY,2026-05-25,2026-09-30,127,call,654.0,106.045,104.45,107.64,745.6400146484375,1,18,0.2929910789489745,0.04,0.013
SPY,2026-05-25,2026-09-30,127,call,655.0,105.145,103.55,106.74,745.6400146484375,4,223,0.29177038803100575,0.04,0.013
SPY,2026-05-25,2026-09-30,127,call,656.0,104.255,102.65,105.86,745.6400146484375,2,53,0.2906870248413085,0.04,0.013
SPY,2026-05-25,2026-09-30,127,call,657.0,103.345,101.75,104.94,745.6400146484375,2,9,0.2892679716491699,0.04,0.013
SPY,2026-05-25,2026-09-30,127,call,658.0,102.465,100.86,104.07,745.6400146484375,6,22,0.28826090164184565,0.04,0.013
SPY,2026-05-25,2026-09-30,127,call,659.0,101.565,99.97,103.16,745.6400146484375,1,49,0.28691814163208,0.04,0.013
SPY,2026-05-25,2026-09-30,127,call,660.0,100.66499999999999,99.07,102.26,745.6400146484375,6,458,0.28563641616821284,0.04,0.013
SPY,2026-05-25,2026-09-30,127,call,661.0,99.775,98.18,101.37,745.6400146484375,2,17,0.2844462425231933,0.04,0.013
SPY,2026-05-25,2026-09-30,127,call,662.0,98.89,97.29,100.49,745.6400146484375,2,15,0.28330184478759757,0.04,0.013
SPY,2026-05-25,2026-09-30,127,call,663.0,98.01,96.4,99.62,745.6400146484375,1,69,0.2822489988708496,0.04,0.013
SPY,2026-05-25,2026-09-30,127,call,664.0,97.115,95.52,98.71,745.6400146484375,1,112,0.2808604629516601,0.04,0.013
SPY,2026-05-25,2026-09-30,127,call,665.0,96.245,94.63,97.86,745.6400146484375,10,94,0.27992968612670893,0.04,0.013
SPY,2026-05-25,2026-09-30,127,call,666.0,95.345,93.75,96.94,745.6400146484375,2,38,0.2784648570251465,0.04,0.013
SPY,2026-05-25,2026-09-30,127,call,667.0,94.46000000000001,92.86,96.06,745.6400146484375,1,103,0.2772899420166015,0.04,0.013
SPY,2026-05-25,2026-09-30,127,call,668.0,93.58000000000001,91.98,95.18,745.6400146484375,1,126,0.276099768371582,0.04,0.013
SPY,2026-05-25,2026-09-30,127,call,669.0,87.31,85.78,88.84,745.6400146484375,1,275,0.23276524078369143,0.04,0.013
SPY,2026-05-25,2026-09-30,127,call,670.0,91.82,90.22,93.42,745.6400146484375,7,2962,0.27370416244506834,0.04,0.013
SPY,2026-05-25,2026-09-30,127,call,671.0,90.945,89.34,92.55,745.6400146484375,2,67,0.27257502334594724,0.04,0.013
SPY,2026-05-25,2026-09-30,127,call,672.0,90.08500000000001,88.47,91.7,745.6400146484375,2,35,0.271567953338623,0.04,0.013
SPY,2026-05-25,2026-09-30,127,call,673.0,89.195,87.59,90.8,745.6400146484375,1,34,0.27019467605590824,0.04,0.013
SPY,2026-05-25,2026-09-30,127,call,674.0,88.33500000000001,86.72,89.95,745.6400146484375,3,52,0.2691723474121094,0.04,0.013
SPY,2026-05-25,2026-09-30,127,call,675.0,87.46000000000001,85.84,89.08,745.6400146484375,1,436,0.2679974324035644,0.04,0.013
SPY,2026-05-25,2026-09-30,127,call,676.0,86.59,84.97,88.21,745.6400146484375,1,44,0.2668225173950196,0.04,0.013
SPY,2026-05-25,2026-09-30,127,call,677.0,85.72,84.1,87.34,745.6400146484375,2,276,0.2656170851135254,0.04,0.013
SPY,2026-05-25,2026-09-30,127,call,678.0,84.86,83.24,86.48,745.6400146484375,1,30,0.26448794601440423,0.04,0.013
SPY,2026-05-25,2026-09-30,127,call,679.0,83.99000000000001,82.37,85.61,745.6400146484375,1,88,0.2632672550964356,0.04,0.013
SPY,2026-05-25,2026-09-30,127,call,680.0,83.13,81.51,84.75,745.6400146484375,3,1913,0.26212285736083984,0.04,0.013
SPY,2026-05-25,2026-09-30,127,call,681.0,82.265,80.64,83.89,745.6400146484375,3,39,0.2609555716705323,0.04,0.013
SPY,2026-05-25,2026-09-30,127,call,682.0,81.405,79.78,83.03,745.6400146484375,1,141,0.25978828598022463,0.04,0.013
SPY,2026-05-25,2026-09-30,127,call,683.0,80.55000000000001,78.93,82.17,745.6400146484375,1,156,0.2585981123352051,0.04,0.013
SPY,2026-05-25,2026-09-30,127,call,684.0,79.695,78.07,81.32,745.6400146484375,2,59,0.25746897323608403,0.04,0.013
SPY,2026-05-25,2026-09-30,127,call,685.0,78.845,77.22,80.47,745.6400146484375,8,599,0.25633220481872554,0.04,0.013
SPY,2026-05-25,2026-09-30,127,call,686.0,77.99000000000001,76.36,79.62,745.6400146484375,3,102,0.2551801777648926,0.04,0.013
SPY,2026-05-25,2026-09-30,127,call,687.0,77.14,75.51,78.77,745.6400146484375,20,193,0.25402052139282233,0.04,0.013
SPY,2026-05-25,2026-09-30,127,call,688.0,76.28999999999999,74.66,77.92,745.6400146484375,18,77,0.2528532357025146,0.04,0.013
SPY,2026-05-25,2026-09-30,127,call,689.0,75.44999999999999,73.82,77.08,745.6400146484375,3,168,0.2517393552398681,0.04,0.013
SPY,2026-05-25,2026-09-30,127,call,690.0,74.6,72.97,76.23,745.6400146484375,1,672,0.2505415522766113,0.04,0.013
SPY,2026-05-25,2026-09-30,127,call,691.0,73.75999999999999,72.13,75.39,745.6400146484375,3,313,0.2494124131774902,0.04,0.013
SPY,2026-05-25,2026-09-30,127,call,695.0,70.41,68.78,72.04,745.6400146484375,3,840,0.24480430496215821,0.04,0.013
SPY,2026-05-25,2026-09-30,127,call,700.0,66.30000000000001,64.73,67.87,745.6400146484375,38,2193,0.23888395401000978,0.04,0.013
SPY,2026-05-25,2026-09-30,127,call,705.0,62.265,61.98,62.55,745.6400146484375,14,884,0.22538006072998046,0.04,0.013
SPY,2026-05-25,2026-09-30,127,call,710.0,58.065,56.57,59.56,745.6400146484375,1,1023,0.2262726909637451,0.04,0.013
SPY,2026-05-25,2026-09-30,127,call,715.0,54.295,52.93,55.66,745.6400146484375,7,1683,0.22100846138000488,0.04,0.013
SPY,2026-05-25,2026-09-30,127,call,720.0,50.504999999999995,48.98,52.03,745.6400146484375,11,1797,0.21694203475952145,0.04,0.013
SPY,2026-05-25,2026-09-30,127,call,725.0,46.730000000000004,45.27,48.19,745.6400146484375,8,1850,0.21115901153564448,0.04,0.013
SPY,2026-05-25,2026-09-30,127,call,730.0,43.084999999999994,41.73,44.44,745.6400146484375,38,5251,0.2054522814941406,0.04,0.013
SPY,2026-05-25,2026-09-30,127,call,735.0,39.56,37.88,41.24,745.6400146484375,21,819,0.20240818351745601,0.04,0.013
SPY,2026-05-25,2026-09-30,127,call,740.0,35.745000000000005,35.17,36.32,745.6400146484375,146,1551,0.18901873001098635,0.04,0.013
SPY,2026-05-25,2026-09-30,127,call,745.0,32.995,32.83,33.16,745.6400146484375,53,1433,0.18508200180053708,0.04,0.013
SPY,2026-05-25,2026-09-30,127,call,750.0,29.85,29.81,29.89,745.6400146484375,312,2678,0.1798788067626953,0.04,0.013
SPY,2026-05-25,2026-09-30,127,call,755.0,26.92,26.88,26.96,745.6400146484375,15,1342,0.1758963026428223,0.04,0.013
SPY,2026-05-25,2026-09-30,127,call,760.0,24.165,24.13,24.2,745.6400146484375,32,1380,0.17213504875183108,0.04,0.013
SPY,2026-05-25,2026-09-30,127,call,765.0,21.59,21.55,21.63,745.6400146484375,3,1496,0.1686942262268067,0.04,0.013
SPY,2026-05-25,2026-09-30,127,call,770.0,19.2,19.16,19.24,745.6400146484375,7,1487,0.16547465393066407,0.04,0.013
SPY,2026-05-25,2026-09-30,127,call,775.0,16.995,16.96,17.03,745.6400146484375,7,891,0.16248396118164063,0.04,0.013
SPY,2026-05-25,2026-09-30,127,call,780.0,14.975,14.94,15.01,745.6400146484375,28,1809,0.15976792388916017,0.04,0.013
SPY,2026-05-25,2026-09-30,127,call,785.0,13.14,13.11,13.17,745.6400146484375,32,418,0.15728076614379882,0.04,0.013
SPY,2026-05-25,2026-09-30,127,call,790.0,11.48,11.45,11.51,745.6400146484375,19,1204,0.1550530052185059,0.04,0.013
SPY,2026-05-25,2026-09-30,127,call,795.0,9.99,9.96,10.02,745.6400146484375,22,1485,0.15306175315856937,0.04,0.013
SPY,2026-05-25,2026-09-30,127,call,800.0,8.66,8.63,8.69,745.6400146484375,636,94189,0.15126886337280276,0.04,0.013
SPY,2026-05-25,2026-09-30,127,call,805.0,7.470000000000001,7.44,7.5,745.6400146484375,101,911,0.1496056719970703,0.04,0.013
SPY,2026-05-25,2026-09-30,127,call,810.0,6.43,6.4,6.46,745.6400146484375,30,705,0.14820187744140628,0.04,0.013
SPY,2026-05-25,2026-09-30,127,call,815.0,5.515000000000001,5.49,5.54,745.6400146484375,1,545,0.14692015197753905,0.04,0.013
SPY,2026-05-25,2026-09-30,127,call,820.0,4.71,4.68,4.74,745.6400146484375,3,1610,0.14580627151489256,0.04,0.013
SPY,2026-05-25,2026-09-30,127,call,825.0,4.015000000000001,3.99,4.04,745.6400146484375,388,84682,0.14479920150756836,0.04,0.013
SPY,2026-05-25,2026-09-30,127,call,830.0,3.4050000000000002,3.38,3.43,745.6400146484375,5,747,0.14386842468261718,0.04,0.013
SPY,2026-05-25,2026-09-30,127,call,835.0,2.885,2.86,2.91,745.6400146484375,21,277,0.14313601013183597,0.04,0.013
SPY,2026-05-25,2026-09-30,127,call,840.0,2.44,2.42,2.46,745.6400146484375,3,523,0.14246463012695312,0.04,0.013
SPY,2026-05-25,2026-09-30,127,call,845.0,2.06,2.04,2.08,745.6400146484375,1,184,0.1419763537597656,0.04,0.013
SPY,2026-05-25,2026-09-30,127,call,850.0,1.74,1.72,1.76,745.6400146484375,138,3302,0.1416406637573242,0.04,0.013
SPY,2026-05-25,2026-09-30,127,call,855.0,1.4649999999999999,1.45,1.48,745.6400146484375,1,402,0.1412439392089844,0.04,0.013
SPY,2026-05-25,2026-09-30,127,call,860.0,1.24,1.22,1.26,745.6400146484375,2,453,0.14130497375488282,0.04,0.013
SPY,2026-05-25,2026-09-30,127,call,865.0,1.05,1.03,1.07,745.6400146484375,71,374,0.14136600830078128,0.04,0.013
SPY,2026-05-25,2026-09-30,127,call,870.0,0.895,0.88,0.91,745.6400146484375,3,1102,0.14154911193847658,0.04,0.013
SPY,2026-05-25,2026-09-30,127,call,875.0,0.76,0.75,0.77,745.6400146484375,5,542,0.14167118103027343,0.04,0.013
SPY,2026-05-25,2026-09-30,127,call,880.0,0.65,0.64,0.66,745.6400146484375,12,769,0.1420984228515625,0.04,0.013
SPY,2026-05-25,2026-09-30,127,call,885.0,0.56,0.55,0.57,745.6400146484375,23,525,0.14270876831054688,0.04,0.013
SPY,2026-05-25,2026-09-30,127,call,890.0,0.485,0.47,0.5,745.6400146484375,5,435,0.14368532104492188,0.04,0.013
SPY,2026-05-25,2026-09-30,127,call,895.0,0.42,0.41,0.43,745.6400146484375,5,1091,0.14429566650390624,0.04,0.013
SPY,2026-05-25,2026-09-30,127,call,900.0,0.37,0.36,0.38,745.6400146484375,24,3834,0.14539428833007811,0.04,0.013
SPY,2026-05-25,2026-10-16,143,call,445.0,306.12,304.55,307.69,745.6400146484375,36,38,0.5379074530029297,0.04,0.013
SPY,2026-05-25,2026-10-16,143,call,510.0,242.86,241.28,244.44,745.6400146484375,0,1,0.4714713497924804,0.04,0.013
SPY,2026-05-25,2026-10-16,143,call,545.0,209.115,207.52,210.71,745.6400146484375,0,1,0.4226742303466796,0.04,0.013
SPY,2026-05-25,2026-10-16,143,call,600.0,157.1,155.5,158.7,745.6400146484375,1,13,0.3530643307495117,0.04,0.013
SPY,2026-05-25,2026-10-16,143,call,605.0,152.45499999999998,150.85,154.06,745.6400146484375,0,0,0.3471439797973632,0.04,0.013
SPY,2026-05-25,2026-10-16,143,call,610.0,147.825,146.22,149.43,745.6400146484375,0,1,0.34122362884521484,0.04,0.013
SPY,2026-05-25,2026-10-16,143,call,625.0,134.02999999999997,132.42,135.64,745.6400146484375,1,203,0.3236151623535155,0.04,0.013
SPY,2026-05-25,2026-10-16,143,call,630.0,129.48000000000002,127.87,131.09,745.6400146484375,0,37,0.3178931736755371,0.04,0.013
SPY,2026-05-25,2026-10-16,143,call,635.0,124.95,123.34,126.56,745.6400146484375,737,4341,0.3121864436340332,0.04,0.013
SPY,2026-05-25,2026-10-16,143,call,640.0,120.435,118.82,122.05,745.6400146484375,0,398,0.3064949722290039,0.04,0.013
SPY,2026-05-25,2026-10-16,143,call,645.0,115.945,114.33,117.56,745.6400146484375,228,228,0.3008035008239746,0.04,0.013
SPY,2026-05-25,2026-10-16,143,call,655.0,107.035,105.43,108.64,745.6400146484375,0,1,0.2893747821044921,0.04,0.013
SPY,2026-05-25,2026-10-16,143,call,660.0,102.65,101.03,104.27,745.6400146484375,2,4,0.28405714729309073,0.04,0.013
SPY,2026-05-25,2026-10-16,143,call,670.0,93.935,92.31,95.56,745.6400146484375,5,11,0.2730175238037109,0.04,0.013
SPY,2026-05-25,2026-10-16,143,call,680.0,85.36500000000001,83.73,87.0,745.6400146484375,3,9,0.26212285736083984,0.04,0.013
SPY,2026-05-25,2026-10-16,143,call,685.0,81.14500000000001,79.51,82.78,745.6400146484375,0,1,0.2567213000488281,0.04,0.013
SPY,2026-05-25,2026-10-16,143,call,690.0,76.97,75.33,78.61,745.6400146484375,0,5,0.2513807772827148,0.04,0.013
SPY,2026-05-25,2026-10-16,143,call,695.0,72.83500000000001,71.19,74.48,745.6400146484375,3,30,0.24600973724365233,0.04,0.013
SPY,2026-05-25,2026-10-16,143,call,700.0,68.75999999999999,67.11,70.41,745.6400146484375,2,50,0.24071499038696287,0.04,0.013
SPY,2026-05-25,2026-10-16,143,call,705.0,64.755,63.1,66.41,745.6400146484375,8,30,0.2355423126220703,0.04,0.013
SPY,2026-05-25,2026-10-16,143,call,710.0,60.815,59.16,62.47,745.6400146484375,1,11,0.23040015213012693,0.04,0.013
SPY,2026-05-25,2026-10-16,143,call,715.0,56.945,55.28,58.61,745.6400146484375,6,23,0.22535717277526854,0.04,0.013
SPY,2026-05-25,2026-10-16,143,call,720.0,53.4,51.97,54.83,745.6400146484375,1,18,0.22040574523925777,0.04,0.013
SPY,2026-05-25,2026-10-16,143,call,725.0,49.465,47.79,51.14,745.6400146484375,13,17,0.21555349884033204,0.04,0.013
SPY,2026-05-25,2026-10-16,143,call,730.0,46.18,44.82,47.54,745.6400146484375,8,47,0.21077754562377926,0.04,0.013
SPY,2026-05-25,2026-10-16,143,call,735.0,42.364999999999995,40.68,44.05,745.6400146484375,11,60,0.20615417877197262,0.04,0.013
SPY,2026-05-25,2026-10-16,143,call,740.0,38.989999999999995,37.3,40.68,745.6400146484375,12,149,0.20169865692138672,0.04,0.013
SPY,2026-05-25,2026-10-16,143,call,745.0,35.785,34.13,37.44,745.6400146484375,29,222,0.19744149734497068,0.04,0.013
SPY,2026-05-25,2026-10-16,143,call,750.0,32.69499999999999,32.66,32.73,745.6400146484375,50,718,0.1848226049804687,0.04,0.013
SPY,2026-05-25,2026-10-16,143,call,755.0,29.73,29.69,29.77,745.6400146484375,109,903,0.18093165267944333,0.04,0.013
SPY,2026-05-25,2026-10-16,143,call,760.0,26.925,26.89,26.96,745.6400146484375,104,785,0.17720854537963865,0.04,0.013
SPY,2026-05-25,2026-10-16,143,call,765.0,24.285,24.25,24.32,745.6400146484375,133,343,0.17372957626342772,0.04,0.013
SPY,2026-05-25,2026-10-16,143,call,770.0,21.815,21.78,21.85,745.6400146484375,87,446,0.1704871160125733,0.04,0.013
SPY,2026-05-25,2026-10-16,143,call,775.0,19.52,19.49,19.55,745.6400146484375,42,444,0.1674582766723633,0.04,0.013
SPY,2026-05-25,2026-10-16,143,call,780.0,17.395,17.36,17.43,745.6400146484375,45,316,0.16469646347045896,0.04,0.013
SPY,2026-05-25,2026-10-16,143,call,785.0,15.440000000000001,15.41,15.47,745.6400146484375,195,268,0.16210249526977538,0.04,0.013
SPY,2026-05-25,2026-10-16,143,call,790.0,13.655,13.62,13.69,745.6400146484375,70,523,0.15978318252563478,0.04,0.013
SPY,2026-05-25,2026-10-16,143,call,795.0,12.030000000000001,12.0,12.06,745.6400146484375,94,104,0.15760119750976562,0.04,0.013
SPY,2026-05-25,2026-10-16,143,call,800.0,10.57,10.54,10.6,745.6400146484375,249,512,0.15569386795043944,0.04,0.013
SPY,2026-05-25,2026-10-16,143,call,805.0,9.25,9.22,9.28,745.6400146484375,120,68,0.15393912475585939,0.04,0.013
SPY,2026-05-25,2026-10-16,143,call,810.0,8.07,8.04,8.1,745.6400146484375,1,65,0.15235222656250003,0.04,0.013
SPY,2026-05-25,2026-10-16,143,call,815.0,7.02,6.99,7.05,745.6400146484375,2,1997,0.150948432006836,0.04,0.013
SPY,2026-05-25,2026-10-16,143,call,820.0,6.09,6.06,6.12,745.6400146484375,21,4312,0.149697223815918,0.04,0.013
SPY,2026-05-25,2026-10-16,143,call,825.0,5.265000000000001,5.24,5.29,745.6400146484375,55,195,0.14849179153442382,0.04,0.013
SPY,2026-05-25,2026-10-16,143,call,830.0,4.545,4.52,4.57,745.6400146484375,5,190,0.14753049743652347,0.04,0.013
SPY,2026-05-25,2026-10-16,143,call,835.0,3.9050000000000002,3.88,3.93,745.6400146484375,29,69,0.14656920333862306,0.04,0.013
SPY,2026-05-25,2026-10-16,143,call,840.0,3.355,3.33,3.38,745.6400146484375,79,14,0.14582153015136717,0.04,0.013
SPY,2026-05-25,2026-10-16,143,call,845.0,2.87,2.85,2.89,745.6400146484375,3,134,0.1450280810546875,0.04,0.013
SPY,2026-05-25,2026-10-16,143,call,850.0,2.46,2.44,2.48,745.6400146484375,2,5863,0.14450928741455077,0.04,0.013
SPY,2026-05-25,2026-10-16,143,call,855.0,2.1,2.08,2.12,745.6400146484375,3,72,0.14402101104736326,0.04,0.013
SPY,2026-05-25,2026-10-16,143,call,860.0,1.79,1.77,1.81,745.6400146484375,5,24,0.14362428649902342,0.04,0.013
SPY,2026-05-25,2026-10-16,143,call,865.0,1.5350000000000001,1.52,1.55,745.6400146484375,1,4,0.1433801483154297,0.04,0.013
SPY,2026-05-25,2026-10-16,143,call,870.0,1.31,1.29,1.33,745.6400146484375,1,86,0.14331911376953127,0.04,0.013
SPY,2026-05-25,2026-10-16,143,call,875.0,1.125,1.11,1.14,745.6400146484375,1,532,0.14328859649658204,0.04,0.013
SPY,2026-05-25,2026-10-16,143,call,880.0,0.965,0.95,0.98,745.6400146484375,28,112,0.1433801483154297,0.04,0.013
SPY,2026-05-25,2026-10-16,143,call,885.0,0.835,0.82,0.85,745.6400146484375,2,0,0.1437463555908203,0.04,0.013
SPY,2026-05-25,2026-10-16,143,call,890.0,0.72,0.71,0.73,745.6400146484375,2,5,0.1439294592285156,0.04,0.013
SPY,2026-05-25,2026-10-16,143,call,900.0,0.545,0.53,0.56,745.6400146484375,139,70,0.1452111846923828,0.04,0.013
SPY,2026-05-25,2026-10-16,143,call,910.0,0.42,0.41,0.43,745.6400146484375,70,134,0.14649291015625,0.04,0.013
SPY,2026-05-25,2026-10-16,143,call,920.0,0.33499999999999996,0.32,0.35,745.6400146484375,10,126,0.1489342919921875,0.04,0.013
SPY,2026-05-25,2026-10-16,143,call,925.0,0.3,0.29,0.31,745.6400146484375,1,13,0.14978877563476564,0.04,0.013
SPY,2026-05-25,2026-10-16,143,call,935.0,0.245,0.23,0.26,745.6400146484375,2,2,0.15271843383789066,0.04,0.013
SPY,2026-05-25,2026-10-16,143,call,960.0,0.16,0.15,0.17,745.6400146484375,1,10,0.1596763720703125,0.04,0.013
SPY,2026-05-25,2026-10-16,143,call,980.0,0.12,0.11,0.13,745.6400146484375,4,0,0.16602396484375004,0.04,0.013
SPY,2026-05-25,2026-10-16,143,call,995.0,0.1,0.09,0.11,745.6400146484375,0,2,0.17090672851562502,0.04,0.013
SPY,2026-05-25,2026-10-16,143,call,1000.0,0.09,0.08,0.1,745.6400146484375,12,138,0.17188328125000002,0.04,0.013
SPY,2026-05-25,2026-10-30,157,call,470.0,282.51,280.93,284.09,745.6400146484375,0,2,0.5201769174194336,0.04,0.013
SPY,2026-05-25,2026-10-30,157,call,555.0,200.915,199.32,202.51,745.6400146484375,0,1,0.40619490295410154,0.04,0.013
SPY,2026-05-25,2026-10-30,157,call,570.0,186.745,185.15,188.34,745.6400146484375,2,2,0.3876404010009765,0.04,0.013
SPY,2026-05-25,2026-10-30,157,call,575.0,182.045,180.45,183.64,745.6400146484375,0,1,0.381567463684082,0.04,0.013
SPY,2026-05-25,2026-10-30,157,call,585.0,172.675,171.08,174.27,745.6400146484375,2,2,0.3695131408691406,0.04,0.013
SPY,2026-05-25,2026-10-30,157,call,590.0,168.015,166.42,169.61,745.6400146484375,3,2,0.3635927899169922,0.04,0.013
SPY,2026-05-25,2026-10-30,157,call,600.0,158.745,157.15,160.34,745.6400146484375,4,7,0.3519657089233398,0.04,0.013
SPY,2026-05-25,2026-10-30,157,call,605.0,154.13,152.53,155.73,745.6400146484375,0,4,0.34622846160888665,0.04,0.013
SPY,2026-05-25,2026-10-30,157,call,610.0,149.53,147.93,151.13,745.6400146484375,0,2,0.3404606970214844,0.04,0.013
SPY,2026-05-25,2026-10-30,157,call,615.0,144.945,143.35,146.54,745.6400146484375,2,0,0.33469293243408205,0.04,0.013
SPY,2026-05-25,2026-10-30,157,call,620.0,140.385,138.78,141.99,745.6400146484375,0,1,0.32912353012084955,0.04,0.013
SPY,2026-05-25,2026-10-30,157,call,630.0,131.33499999999998,129.73,132.94,745.6400146484375,1,4,0.31801524276733395,0.04,0.013
SPY,2026-05-25,2026-10-30,157,call,635.0,126.83500000000001,125.23,128.44,745.6400146484375,0,1,0.3124610990905761,0.04,0.013
SPY,2026-05-25,2026-10-30,157,call,640.0,122.37,120.76,123.98,745.6400146484375,78,84,0.30705954177856437,0.04,0.013
SPY,2026-05-25,2026-10-30,157,call,641.0,121.465,119.87,123.06,745.6400146484375,1806,3237,0.3057625576782227,0.04,0.013
SPY,2026-05-25,2026-10-30,157,call,642.0,120.58,118.97,122.19,745.6400146484375,0,1,0.3048165222167969,0.04,0.013
SPY,2026-05-25,2026-10-30,157,call,646.0,117.03,115.42,118.64,745.6400146484375,1,1,0.30046781082153323,0.04,0.013
SPY,2026-05-25,2026-10-30,157,call,650.0,113.49,111.88,115.1,745.6400146484375,1,30,0.29608858215332035,0.04,0.013
SPY,2026-05-25,2026-10-30,157,call,651.0,112.61,111.0,114.22,745.6400146484375,0,1,0.29502047760009764,0.04,0.013
SPY,2026-05-25,2026-10-30,157,call,652.0,111.73,110.12,113.34,745.6400146484375,0,2,0.2939371144104003,0.04,0.013
SPY,2026-05-25,2026-10-30,157,call,655.0,109.1,107.49,110.71,745.6400146484375,2,3,0.2907175421142577,0.04,0.013
SPY,2026-05-25,2026-10-30,157,call,658.0,106.48,104.87,108.09,745.6400146484375,2,1,0.28749796981811515,0.04,0.013
SPY,2026-05-25,2026-10-30,157,call,660.0,104.74,103.13,106.35,745.6400146484375,1,12,0.2853770193481445,0.04,0.013
SPY,2026-05-25,2026-10-30,157,call,661.0,103.87,102.26,105.48,745.6400146484375,0,1,0.2842936561584472,0.04,0.013
SPY,2026-05-25,2026-10-30,157,call,662.0,103.0,101.39,104.61,745.6400146484375,6,7,0.28321029296874994,0.04,0.013
SPY,2026-05-25,2026-10-30,157,call,666.0,99.545,97.93,101.16,745.6400146484375,1,1,0.27899890930175775,0.04,0.013
SPY,2026-05-25,2026-10-30,157,call,668.0,97.815,96.2,99.43,745.6400146484375,0,1,0.2768169242858886,0.04,0.013
SPY,2026-05-25,2026-10-30,157,call,670.0,96.10499999999999,94.49,97.72,745.6400146484375,1,5,0.27472649108886715,0.04,0.013
SPY,2026-05-25,2026-10-30,157,call,672.0,94.39500000000001,92.78,96.01,745.6400146484375,4,2,0.27260554061889647,0.04,0.013
SPY,2026-05-25,2026-10-30,157,call,674.0,92.695,91.07,94.32,745.6400146484375,4,3,0.27057614196777346,0.04,0.013
SPY,2026-05-25,2026-10-30,157,call,675.0,91.845,90.22,93.47,745.6400146484375,2,4,0.2695232960510254,0.04,0.013
SPY,2026-05-25,2026-10-30,157,call,677.0,90.15,88.52,91.78,745.6400146484375,1,1,0.2674404921722412,0.04,0.013
SPY,2026-05-25,2026-10-30,157,call,678.0,89.305,87.68,90.93,745.6400146484375,1,1,0.26635712898254393,0.04,0.013
SPY,2026-05-25,2026-10-30,157,call,680.0,87.625,86.0,89.25,745.6400146484375,11,20,0.26428958374023437,0.04,0.013
SPY,2026-05-25,2026-10-30,157,call,684.0,84.275,82.64,85.91,745.6400146484375,0,1,0.2601621225738525,0.04,0.013
SPY,2026-05-25,2026-10-30,157,call,685.0,83.44,81.81,85.07,745.6400146484375,3,13,0.259071130065918,0.04,0.013
SPY,2026-05-25,2026-10-30,157,call,686.0,82.61,80.98,84.24,745.6400146484375,1,5,0.2580411721038819,0.04,0.013
SPY,2026-05-25,2026-10-30,157,call,688.0,80.955,79.32,82.59,745.6400146484375,0,2,0.2560041441345215,0.04,0.013
SPY,2026-05-25,2026-10-30,157,call,690.0,79.305,77.67,80.94,745.6400146484375,1,66,0.25392896957397465,0.04,0.013
SPY,2026-05-25,2026-10-30,157,call,692.0,77.66,76.02,79.3,745.6400146484375,0,1,0.2518690536499023,0.04,0.013
SPY,2026-05-25,2026-10-30,157,call,694.0,76.02,74.38,77.66,745.6400146484375,1,26,0.24977099113464354,0.04,0.013
SPY,2026-05-25,2026-10-30,157,call,695.0,75.21,73.57,76.85,745.6400146484375,1,43,0.24876392112731935,0.04,0.013
SPY,2026-05-25,2026-10-30,157,call,697.0,73.59,71.95,75.23,745.6400146484375,1,2,0.2467116345214844,0.04,0.013
SPY,2026-05-25,2026-10-30,157,call,698.0,72.785,71.14,74.43,745.6400146484375,0,1,0.24573508178710937,0.04,0.013
SPY,2026-05-25,2026-10-30,157,call,699.0,71.98,70.34,73.62,745.6400146484375,3,15,0.24468223587036136,0.04,0.013
SPY,2026-05-25,2026-10-30,157,call,700.0,71.175,69.53,72.82,745.6400146484375,1,67,0.2436751658630371,0.04,0.013
SPY,2026-05-25,2026-10-30,157,call,702.0,69.58,67.94,71.22,745.6400146484375,1,1,0.24163813789367675,0.04,0.013
SPY,2026-05-25,2026-10-30,157,call,703.0,68.785,67.14,70.43,745.6400146484375,1,2,0.24065395584106442,0.04,0.013
SPY,2026-05-25,2026-10-30,157,call,704.0,67.995,66.35,69.64,745.6400146484375,3,3,0.23966214447021478,0.04,0.013
SPY,2026-05-25,2026-10-30,157,call,705.0,67.205,65.56,68.85,745.6400146484375,16,30,0.2386550744628906,0.04,0.013
SPY,2026-05-25,2026-10-30,157,call,707.0,65.635,63.99,67.28,745.6400146484375,5,5,0.2366638224029541,0.04,0.013
SPY,2026-05-25,2026-10-30,157,call,708.0,64.85,63.2,66.5,745.6400146484375,10,10,0.23567964035034178,0.04,0.013
SPY,2026-05-25,2026-10-30,157,call,710.0,63.405,61.87,64.94,745.6400146484375,535,144,0.23366550033569333,0.04,0.013
SPY,2026-05-25,2026-10-30,157,call,711.0,62.519999999999996,60.87,64.17,745.6400146484375,2,99,0.23270420623779298,0.04,0.013
SPY,2026-05-25,2026-10-30,157,call,712.0,61.75,60.1,63.4,745.6400146484375,18,20,0.23172002418518065,0.04,0.013
SPY,2026-05-25,2026-10-30,157,call,713.0,60.975,59.32,62.63,745.6400146484375,2,7,0.23072058349609376,0.04,0.013
SPY,2026-05-25,2026-10-30,157,call,714.0,60.215,58.56,61.87,745.6400146484375,2,4,0.22977454803466796,0.04,0.013
SPY,2026-05-25,2026-10-30,157,call,715.0,59.445,57.79,61.1,745.6400146484375,5,55,0.22875221939086915,0.04,0.013
SPY,2026-05-25,2026-10-30,157,call,716.0,58.754999999999995,57.16,60.35,745.6400146484375,3,14,0.22782144256591796,0.04,0.013
SPY,2026-05-25,2026-10-30,157,call,717.0,57.935,56.28,59.59,745.6400146484375,1,2,0.22682963119506833,0.04,0.013
SPY,2026-05-25,2026-10-30,157,call,718.0,57.18000000000001,55.52,58.84,745.6400146484375,2,15,0.22587596641540528,0.04,0.013
SPY,2026-05-25,2026-10-30,157,call,719.0,56.43000000000001,54.77,58.09,745.6400146484375,19,24,0.22490704299926756,0.04,0.013
SPY,2026-05-25,2026-10-30,157,call,720.0,55.685,54.02,57.35,745.6400146484375,110,675,0.22397626617431637,0.04,0.013
SPY,2026-05-25,2026-10-30,157,call,721.0,54.945,53.29,56.6,745.6400146484375,4,5,0.2229844548034668,0.04,0.013
SPY,2026-05-25,2026-10-30,157,call,722.0,54.209999999999994,52.55,55.87,745.6400146484375,10,41,0.22208419525146478,0.04,0.013
SPY,2026-05-25,2026-10-30,157,call,723.0,54.165000000000006,53.2,55.13,745.6400146484375,1,18,0.2211076425170898,0.04,0.013
SPY,2026-05-25,2026-10-30,157,call,724.0,53.44,52.48,54.4,745.6400146484375,5,47,0.22017686569213862,0.04,0.013
SPY,2026-05-25,2026-10-30,157,call,725.0,52.06,50.44,53.68,745.6400146484375,2,496,0.21927660614013672,0.04,0.013
SPY,2026-05-25,2026-10-30,157,call,726.0,51.285,49.62,52.95,745.6400146484375,1,72,0.2183153120422363,0.04,0.013
SPY,2026-05-25,2026-10-30,157,call,727.0,51.265,50.3,52.23,745.6400146484375,7,64,0.21738453521728518,0.04,0.013
SPY,2026-05-25,2026-10-30,157,call,728.0,49.85,48.18,51.52,745.6400146484375,2,62,0.21649953430175778,0.04,0.013
SPY,2026-05-25,2026-10-30,157,call,729.0,49.135,47.47,50.8,745.6400146484375,1,87,0.21553824020385742,0.04,0.013
SPY,2026-05-25,2026-10-30,157,call,730.0,48.425,46.76,50.09,745.6400146484375,4,220,0.21461509269714354,0.04,0.013
SPY,2026-05-25,2026-10-30,157,call,731.0,47.72,46.05,49.39,745.6400146484375,10,103,0.2137300917816162,0.04,0.013
SPY,2026-05-25,2026-10-30,157,call,732.0,47.015,45.34,48.69,745.6400146484375,2,83,0.21282220291137693,0.04,0.013
SPY,2026-05-25,2026-10-30,157,call,733.0,46.315,44.64,47.99,745.6400146484375,4,58,0.21190668472290036,0.04,0.013
SPY,2026-05-25,2026-10-30,157,call,734.0,45.69,44.08,47.3,745.6400146484375,1,48,0.21102168380737302,0.04,0.013
SPY,2026-05-25,2026-10-30,157,call,735.0,44.935,43.26,46.61,745.6400146484375,3,203,0.21012142425537106,0.04,0.013
SPY,2026-05-25,2026-10-30,157,call,736.0,44.275,42.62,45.93,745.6400146484375,25,81,0.20925168197631833,0.04,0.013
SPY,2026-05-25,2026-10-30,157,call,737.0,43.754999999999995,42.26,45.25,745.6400146484375,4,95,0.20837431037902826,0.04,0.013
SPY,2026-05-25,2026-10-30,157,call,738.0,42.9,41.22,44.58,745.6400146484375,1,108,0.20751982673645017,0.04,0.013
SPY,2026-05-25,2026-10-30,157,call,739.0,42.23,40.55,43.91,745.6400146484375,3,129,0.20665771377563474,0.04,0.013
SPY,2026-05-25,2026-10-30,157,call,740.0,41.56,39.88,43.24,745.6400146484375,4,1333,0.2057727128601074,0.04,0.013
SPY,2026-05-25,2026-10-30,157,call,741.0,40.9,39.22,42.58,745.6400146484375,2,161,0.20491822921752928,0.04,0.013
SPY,2026-05-25,2026-10-30,157,call,742.0,40.245000000000005,38.56,41.93,745.6400146484375,2,109,0.2040942628479004,0.04,0.013
SPY,2026-05-25,2026-10-30,157,call,743.0,39.7,38.12,41.28,745.6400146484375,1,819,0.20325503784179685,0.04,0.013
SPY,2026-05-25,2026-10-30,157,call,744.0,38.945,37.26,40.63,745.6400146484375,3,117,0.2024005541992187,0.04,0.013
SPY,2026-05-25,2026-10-30,157,call,745.0,38.364999999999995,37.36,39.37,745.6400146484375,33,1023,0.1984180500793457,0.04,0.013
SPY,2026-05-25,2026-10-30,157,call,746.0,37.78,36.2,39.36,745.6400146484375,5,188,0.20078313873291015,0.04,0.013
SPY,2026-05-25,2026-10-30,157,call,750.0,35.0,34.3,35.7,745.6400146484375,38,2527,0.19162795684814454,0.04,0.013
SPY,2026-05-25,2026-10-30,157,call,755.0,32.22,32.18,32.26,745.6400146484375,19,168,0.1854787263488769,0.04,0.013
SPY,2026-05-25,2026-10-30,157,call,760.0,29.369999999999997,29.33,29.41,745.6400146484375,2,2840,0.18177850700378417,0.04,0.013
SPY,2026-05-25,2026-10-30,157,call,765.0,26.674999999999997,26.63,26.72,745.6400146484375,1,241,0.17830716720581058,0.04,0.013
SPY,2026-05-25,2026-10-30,157,call,770.0,24.14,24.1,24.18,745.6400146484375,94,3404,0.17500367240905762,0.04,0.013
SPY,2026-05-25,2026-10-30,157,call,775.0,21.759999999999998,21.72,21.8,745.6400146484375,4,1615,0.17189853988647463,0.04,0.013
SPY,2026-05-25,2026-10-30,157,call,780.0,19.55,19.51,19.59,745.6400146484375,9,5484,0.16903754554748537,0.04,0.013
SPY,2026-05-25,2026-10-30,157,call,785.0,17.5,17.46,17.54,745.6400146484375,2,358,0.16636728416442878,0.04,0.013
SPY,2026-05-25,2026-10-30,157,call,790.0,15.61,15.57,15.65,745.6400146484375,3,5729,0.1639030143737793,0.04,0.013
SPY,2026-05-25,2026-10-30,157,call,795.0,13.879999999999999,13.84,13.92,745.6400146484375,65,207,0.1616447361755371,0.04,0.013
SPY,2026-05-25,2026-10-30,157,call,800.0,12.305,12.27,12.34,745.6400146484375,19,6273,0.1595543029785156,0.04,0.013
SPY,2026-05-25,2026-10-30,157,call,805.0,10.875,10.84,10.91,745.6400146484375,4,111,0.15767749069213866,0.04,0.013
SPY,2026-05-25,2026-10-30,157,call,810.0,9.585,9.55,9.62,745.6400146484375,1,2580,0.15598378204345703,0.04,0.013
SPY,2026-05-25,2026-10-30,157,call,815.0,8.425,8.39,8.46,745.6400146484375,43,38,0.1544579183959961,0.04,0.013
SPY,2026-05-25,2026-10-30,157,call,820.0,7.385,7.35,7.42,745.6400146484375,13,310,0.15306938247680668,0.04,0.013
SPY,2026-05-25,2026-10-30,157,call,825.0,6.46,6.43,6.49,745.6400146484375,1,127,0.15180291564941406,0.04,0.013
SPY,2026-05-25,2026-10-30,157,call,830.0,5.640000000000001,5.61,5.67,745.6400146484375,2,108,0.15073481109619147,0.04,0.013
SPY,2026-05-25,2026-10-30,157,call,835.0,4.904999999999999,4.88,4.93,745.6400146484375,10,40,0.14965144790649415,0.04,0.013
SPY,2026-05-25,2026-10-30,157,call,840.0,4.26,4.23,4.29,745.6400146484375,86,137,0.14879696426391603,0.04,0.013
SPY,2026-05-25,2026-10-30,157,call,845.0,3.6900000000000004,3.66,3.72,745.6400146484375,25,79,0.14798825653076175,0.04,0.013
SPY,2026-05-25,2026-10-30,157,call,850.0,3.1950000000000003,3.17,3.22,745.6400146484375,26,371,0.14725584197998048,0.04,0.013
SPY,2026-05-25,2026-10-30,157,call,855.0,2.755,2.73,2.78,745.6400146484375,1,59,0.14659972061157228,0.04,0.013
SPY,2026-05-25,2026-10-30,157,call,860.0,2.38,2.36,2.4,745.6400146484375,34,145,0.14606566833496093,0.04,0.013
SPY,2026-05-25,2026-10-30,157,call,865.0,2.0549999999999997,2.03,2.08,745.6400146484375,9,76,0.14576049560546872,0.04,0.013
SPY,2026-05-25,2026-10-30,157,call,870.0,1.77,1.75,1.79,745.6400146484375,5,380,0.1453637710571289,0.04,0.013
SPY,2026-05-25,2026-10-30,157,call,875.0,1.53,1.51,1.55,745.6400146484375,0,1,0.1452111846923828,0.04,0.013
SPY,2026-05-25,2026-10-30,157,call,880.0,1.32,1.3,1.34,745.6400146484375,20,39,0.14508911560058596,0.04,0.013
SPY,2026-05-25,2026-10-30,157,call,885.0,1.1400000000000001,1.12,1.16,745.6400146484375,0,200,0.14508911560058596,0.04,0.013
SPY,2026-05-25,2026-10-30,157,call,890.0,0.985,0.97,1.0,745.6400146484375,1,20,0.14499756378173828,0.04,0.013
SPY,2026-05-25,2026-10-30,157,call,895.0,0.855,0.84,0.87,745.6400146484375,1,1,0.1452111846923828,0.04,0.013
SPY,2026-05-25,2026-10-30,157,call,900.0,0.745,0.73,0.76,745.6400146484375,1,9,0.145516357421875,0.04,0.013
SPY,2026-05-25,2026-11-20,178,call,400.0,351.77,350.17,353.37,745.6400146484375,0,1,0.5806011178588868,0.04,0.013
SPY,2026-05-25,2026-11-20,178,call,435.0,317.87,316.27,319.47,745.6400146484375,0,20,0.5340622766113281,0.04,0.013
SPY,2026-05-25,2026-11-20,178,call,440.0,313.045,311.43,314.66,745.6400146484375,0,1,0.5277146838378908,0.04,0.013
SPY,2026-05-25,2026-11-20,178,call,500.0,255.28499999999997,253.67,256.9,745.6400146484375,0,2,0.47214272979736327,0.04,0.013
SPY,2026-05-25,2026-11-20,178,call,550.0,207.72000000000003,206.11,209.33,745.6400146484375,5,5,0.40880412979125974,0.04,0.013
SPY,2026-05-25,2026-11-20,178,call,560.0,198.32,196.71,199.93,745.6400146484375,0,10,0.39685661743164063,0.04,0.013
SPY,2026-05-25,2026-11-20,178,call,575.0,184.3,182.69,185.91,745.6400146484375,0,1,0.37926340957641597,0.04,0.013
SPY,2026-05-25,2026-11-20,178,call,600.0,161.25,159.62,162.88,745.6400146484375,1,1,0.3514011393737792,0.04,0.013
SPY,2026-05-25,2026-11-20,178,call,610.0,152.13,150.5,153.76,745.6400146484375,0,0,0.34038440383911134,0.04,0.013
SPY,2026-05-25,2026-11-20,178,call,615.0,147.59,145.97,149.21,745.6400146484375,0,1,0.33479974288940423,0.04,0.013
SPY,2026-05-25,2026-11-20,178,call,625.0,138.615,136.98,140.25,745.6400146484375,1,0,0.32434757690429683,0.04,0.013
SPY,2026-05-25,2026-11-20,178,call,640.0,125.265,123.64,126.89,745.6400146484375,0,2,0.30832600860595705,0.04,0.013
SPY,2026-05-25,2026-11-20,178,call,650.0,116.52,114.88,118.16,745.6400146484375,1,6,0.29814086875915513,0.04,0.013
SPY,2026-05-25,2026-11-20,178,call,660.0,107.875,106.23,109.52,745.6400146484375,1,2,0.28792521163940415,0.04,0.013
SPY,2026-05-25,2026-11-20,178,call,665.0,103.595,101.95,105.24,745.6400146484375,0,0,0.28281356842041017,0.04,0.013
SPY,2026-05-25,2026-11-20,178,call,670.0,99.35,97.7,101.0,745.6400146484375,0,1,0.27777058906555174,0.04,0.013
SPY,2026-05-25,2026-11-20,178,call,675.0,95.14,93.49,96.79,745.6400146484375,1,1,0.27271998039245604,0.04,0.013
SPY,2026-05-25,2026-11-20,178,call,680.0,90.965,89.31,92.62,745.6400146484375,15,5,0.26770751831054684,0.04,0.013
SPY,2026-05-25,2026-11-20,178,call,690.0,82.74000000000001,81.08,84.4,745.6400146484375,10,55,0.2577512580108643,0.04,0.013
SPY,2026-05-25,2026-11-20,178,call,695.0,78.695,77.03,80.36,745.6400146484375,6,9,0.2528303477478027,0.04,0.013
SPY,2026-05-25,2026-11-20,178,call,700.0,74.70500000000001,73.04,76.37,745.6400146484375,4,32,0.24793995475769043,0.04,0.013
SPY,2026-05-25,2026-11-20,178,call,705.0,70.775,69.11,72.44,745.6400146484375,6,26,0.24311822563171384,0.04,0.013
SPY,2026-05-25,2026-11-20,178,call,710.0,67.05000000000001,65.54,68.56,745.6400146484375,3,35,0.23828886718749998,0.04,0.013
SPY,2026-05-25,2026-11-20,178,call,715.0,63.265,61.78,64.75,745.6400146484375,3,24,0.2335510605621338,0.04,0.013
SPY,2026-05-25,2026-11-20,178,call,720.0,59.345,57.67,61.02,745.6400146484375,3,24,0.22892006439208984,0.04,0.013
SPY,2026-05-25,2026-11-20,178,call,725.0,55.68,54.0,57.36,745.6400146484375,20,14,0.22432721481323237,0.04,0.013
SPY,2026-05-25,2026-11-20,178,call,730.0,52.105000000000004,50.42,53.79,745.6400146484375,1,45,0.21985643432617186,0.04,0.013
SPY,2026-05-25,2026-11-20,178,call,735.0,48.614999999999995,46.93,50.3,745.6400146484375,11,87,0.21542380043029788,0.04,0.013
SPY,2026-05-25,2026-11-20,178,call,740.0,45.225,43.53,46.92,745.6400146484375,12,170,0.21115901153564448,0.04,0.013
SPY,2026-05-25,2026-11-20,178,call,745.0,41.980000000000004,40.31,43.65,745.6400146484375,6,240,0.20703917968749996,0.04,0.013
SPY,2026-05-25,2026-11-20,178,call,750.0,38.685,37.8,39.57,745.6400146484375,49,148,0.19863167098999018,0.04,0.013
SPY,2026-05-25,2026-11-20,178,call,755.0,35.81,35.77,35.85,745.6400146484375,2,101,0.19152877571105958,0.04,0.013
SPY,2026-05-25,2026-11-20,178,call,760.0,32.9,32.86,32.94,745.6400146484375,1,444,0.18781329772949218,0.04,0.013
SPY,2026-05-25,2026-11-20,178,call,765.0,30.125,30.08,30.17,745.6400146484375,1,446,0.1842809233856201,0.04,0.013
SPY,2026-05-25,2026-11-20,178,call,770.0,27.5,27.46,27.54,745.6400146484375,1,940,0.1809087647247314,0.04,0.013
SPY,2026-05-25,2026-11-20,178,call,775.0,25.02,24.98,25.06,745.6400146484375,280,830,0.1777273390197754,0.04,0.013
SPY,2026-05-25,2026-11-20,178,call,780.0,22.689999999999998,22.65,22.73,745.6400146484375,1,996,0.17472138763427736,0.04,0.013
SPY,2026-05-25,2026-11-20,178,call,785.0,20.509999999999998,20.47,20.55,745.6400146484375,216,1449,0.17189853988647463,0.04,0.013
SPY,2026-05-25,2026-11-20,178,call,790.0,18.490000000000002,18.45,18.53,745.6400146484375,1,354,0.16930457168579105,0.04,0.013
SPY,2026-05-25,2026-11-20,178,call,795.0,16.615,16.58,16.65,745.6400146484375,14,101,0.16684793121337893,0.04,0.013
SPY,2026-05-25,2026-11-20,178,call,800.0,14.885,14.85,14.92,745.6400146484375,86,310,0.16458202369689942,0.04,0.013
SPY,2026-05-25,2026-11-20,178,call,805.0,13.305,13.27,13.34,745.6400146484375,31,297,0.16252973709106444,0.04,0.013
SPY,2026-05-25,2026-11-20,178,call,810.0,11.865,11.83,11.9,745.6400146484375,230,638,0.16066818344116213,0.04,0.013
SPY,2026-05-25,2026-11-20,178,call,815.0,10.559999999999999,10.53,10.59,745.6400146484375,575,125,0.1589744747924805,0.04,0.013
SPY,2026-05-25,2026-11-20,178,call,820.0,9.370000000000001,9.34,9.4,745.6400146484375,2,643,0.15740283523559573,0.04,0.013
SPY,2026-05-25,2026-11-20,178,call,825.0,8.3,8.27,8.33,745.6400146484375,3,125,0.15600666999816895,0.04,0.013
SPY,2026-05-25,2026-11-20,178,call,830.0,7.34,7.31,7.37,745.6400146484375,85,33,0.1547630911254883,0.04,0.013
SPY,2026-05-25,2026-11-20,178,call,835.0,6.470000000000001,6.44,6.5,745.6400146484375,5,87,0.15357291748046875,0.04,0.013
SPY,2026-05-25,2026-11-20,178,call,840.0,5.7,5.67,5.73,745.6400146484375,124,58,0.15256584747314456,0.04,0.013
SPY,2026-05-25,2026-11-20,178,call,845.0,5.005000000000001,4.98,5.03,745.6400146484375,1,53,0.15154351882934575,0.04,0.013
SPY,2026-05-25,2026-11-20,178,call,850.0,4.390000000000001,4.36,4.42,745.6400146484375,1,1435,0.15075006973266608,0.04,0.013
SPY,2026-05-25,2026-11-20,178,call,855.0,3.8449999999999998,3.82,3.87,745.6400146484375,1,31,0.14994136199951175,0.04,0.013
SPY,2026-05-25,2026-11-20,178,call,860.0,3.355,3.33,3.38,745.6400146484375,7,112,0.14917843017578125,0.04,0.013
SPY,2026-05-25,2026-11-20,178,call,865.0,2.93,2.91,2.95,745.6400146484375,0,121,0.14853756744384766,0.04,0.013
SPY,2026-05-25,2026-11-20,178,call,870.0,2.5549999999999997,2.53,2.58,745.6400146484375,30,52,0.1480798083496094,0.04,0.013
SPY,2026-05-25,2026-11-20,178,call,875.0,2.225,2.2,2.25,745.6400146484375,2915,7,0.1476220492553711,0.04,0.013
SPY,2026-05-25,2026-11-20,178,call,880.0,1.94,1.92,1.96,745.6400146484375,1,4,0.14719480743408203,0.04,0.013
SPY,2026-05-25,2026-11-20,178,call,885.0,1.69,1.67,1.71,745.6400146484375,2,0,0.14692015197753905,0.04,0.013
SPY,2026-05-25,2026-11-20,178,call,890.0,1.47,1.45,1.49,745.6400146484375,503,473,0.1466760137939453,0.04,0.013
SPY,2026-05-25,2026-11-20,178,call,895.0,1.28,1.26,1.3,745.6400146484375,822,1020,0.14655394470214844,0.04,0.013
SPY,2026-05-25,2026-11-20,178,call,900.0,1.12,1.1,1.14,745.6400146484375,8,194,0.14658446197509767,0.04,0.013
SPY,2026-05-25,2026-11-20,178,call,905.0,0.975,0.96,0.99,745.6400146484375,400,301,0.14643187561035154,0.04,0.013
SPY,2026-05-25,2026-11-20,178,call,910.0,0.855,0.84,0.87,745.6400146484375,40,42,0.14661497924804687,0.04,0.013
SPY,2026-05-25,2026-11-20,178,call,915.0,0.755,0.74,0.77,745.6400146484375,15,80,0.1469811865234375,0.04,0.013
SPY,2026-05-25,2026-11-20,178,call,920.0,0.66,0.65,0.67,745.6400146484375,0,2,0.14692015197753905,0.04,0.013
SPY,2026-05-25,2026-11-20,178,call,925.0,0.585,0.57,0.6,745.6400146484375,0,3,0.1475915319824219,0.04,0.013
SPY,2026-05-25,2026-11-20,178,call,930.0,0.52,0.51,0.53,745.6400146484375,0,60,0.14795773925781253,0.04,0.013
SPY,2026-05-25,2026-11-20,178,call,940.0,0.41000000000000003,0.4,0.42,745.6400146484375,1,0,0.14899532653808595,0.04,0.013
SPY,2026-05-25,2026-11-20,178,call,950.0,0.33499999999999996,0.32,0.35,745.6400146484375,1,3,0.15100946655273442,0.04,0.013
SPY,2026-05-25,2026-11-20,178,call,960.0,0.275,0.26,0.29,745.6400146484375,15,16,0.15284050292968754,0.04,0.013
SPY,2026-05-25,2026-11-20,178,call,975.0,0.21000000000000002,0.2,0.22,745.6400146484375,4,6,0.15552602294921875,0.04,0.013
SPY,2026-05-25,2026-11-20,178,call,980.0,0.195,0.18,0.21,745.6400146484375,1,26,0.157234990234375,0.04,0.013
SPY,2026-05-25,2026-11-20,178,call,985.0,0.18,0.17,0.19,745.6400146484375,2,4,0.15796740478515625,0.04,0.013
SPY,2026-05-25,2026-11-20,178,call,1000.0,0.14500000000000002,0.13,0.16,745.6400146484375,10,422,0.16236189208984375,0.04,0.013
SPY,2026-05-25,2026-12-18,206,call,150.0,596.155,594.51,597.8,745.6400146484375,2,4,0.8686536572265625,0.04,0.013
SPY,2026-05-25,2026-12-18,206,call,200.0,547.3299999999999,545.9,548.76,745.6400146484375,1,714,0.84179845703125,0.04,0.013
SPY,2026-05-25,2026-12-18,206,call,210.0,537.585,536.16,539.01,745.6400146484375,2,383,0.8298356860351561,0.04,0.013
SPY,2026-05-25,2026-12-18,206,call,220.0,527.855,526.43,529.28,745.6400146484375,71,82,0.8176287768554686,0.04,0.013
SPY,2026-05-25,2026-12-18,206,call,230.0,518.125,516.69,519.56,745.6400146484375,1,14,0.8044453149414061,0.04,0.013
SPY,2026-05-25,2026-12-18,206,call,240.0,508.395,506.96,509.83,745.6400146484375,12,27,0.7907735766601562,0.04,0.013
SPY,2026-05-25,2026-12-18,206,call,245.0,426.85,424.91,428.79,745.6400146484375,4,21,1.0000000000000003e-05,0.04,0.013
SPY,2026-05-25,2026-12-18,206,call,250.0,498.67,497.23,500.11,745.6400146484375,134,149,0.7768577001953125,0.04,0.013
SPY,2026-05-25,2026-12-18,206,call,255.0,486.15,484.6,487.7,745.6400146484375,1,4,1.0000000000000003e-05,0.04,0.013
SPY,2026-05-25,2026-12-18,206,call,260.0,488.95,487.5,490.4,745.6400146484375,1,15,0.7627587200927735,0.04,0.013
SPY,2026-05-25,2026-12-18,206,call,265.0,432.52,430.6,434.44,745.6400146484375,2,120,1.0000000000000003e-05,0.04,0.013
SPY,2026-05-25,2026-12-18,206,call,270.0,479.23,477.78,480.68,745.6400146484375,1,63,0.7484156018066408,0.04,0.013
SPY,2026-05-25,2026-12-18,206,call,275.0,474.375,472.92,475.83,745.6400146484375,4,126,0.7413966290283203,0.04,0.013
SPY,2026-05-25,2026-12-18,206,call,280.0,469.525,468.06,470.99,745.6400146484375,1,56,0.7344997253417969,0.04,0.013
SPY,2026-05-25,2026-12-18,206,call,285.0,387.52,385.58,389.46,745.6400146484375,2,103,1.0000000000000003e-05,0.04,0.013
SPY,2026-05-25,2026-12-18,206,call,290.0,369.0,0.0,0.0,745.6400146484375,1,0,1.0000000000000003e-05,0.04,0.013
SPY,2026-05-25,2026-12-18,206,call,295.0,395.365,393.0,397.73,745.6400146484375,1,78,1.0000000000000003e-05,0.04,0.013
SPY,2026-05-25,2026-12-18,206,call,300.0,450.11,448.64,451.58,745.6400146484375,1,242,0.7060576269531251,0.04,0.013
SPY,2026-05-25,2026-12-18,206,call,305.0,445.255,443.78,446.73,745.6400146484375,2,6,0.6988555505371095,0.04,0.013
SPY,2026-05-25,2026-12-18,206,call,310.0,440.395,438.93,441.86,745.6400146484375,3,68,0.6915008877563477,0.04,0.013
SPY,2026-05-25,2026-12-18,206,call,315.0,332.28,0.0,0.0,745.6400146484375,1,0,1.0000000000000003e-05,0.04,0.013
SPY,2026-05-25,2026-12-18,206,call,320.0,430.70000000000005,429.22,432.18,745.6400146484375,1,30,0.6774934594726563,0.04,0.013
SPY,2026-05-25,2026-12-18,206,call,325.0,362.82,0.0,0.0,745.6400146484375,1,0,1.0000000000000003e-05,0.04,0.013
SPY,2026-05-25,2026-12-18,206,call,330.0,421.0,419.52,422.48,745.6400146484375,1,23,0.663333444824219,0.04,0.013
SPY,2026-05-25,2026-12-18,206,call,335.0,308.5,0.0,0.0,745.6400146484375,3,0,1.0000000000000003e-05,0.04,0.013
SPY,2026-05-25,2026-12-18,206,call,340.0,308.13,0.0,0.0,745.6400146484375,11,0,1.0000000000000003e-05,0.04,0.013
SPY,2026-05-25,2026-12-18,206,call,345.0,372.97,371.2,374.74,745.6400146484375,15,22,1.0000000000000003e-05,0.04,0.013
SPY,2026-05-25,2026-12-18,206,call,350.0,401.62,400.13,403.11,745.6400146484375,1,76,0.6355627264404298,0.04,0.013
SPY,2026-05-25,2026-12-18,206,call,355.0,396.78499999999997,395.3,398.27,745.6400146484375,4,16,0.6288489263916017,0.04,0.013
SPY,2026-05-25,2026-12-18,206,call,360.0,391.94,390.45,393.43,745.6400146484375,1,12,0.6218909881591796,0.04,0.013
SPY,2026-05-25,2026-12-18,206,call,365.0,387.1,385.61,388.59,745.6400146484375,1,79,0.6150551190185547,0.04,0.013
SPY,2026-05-25,2026-12-18,206,call,370.0,382.265,380.77,383.76,745.6400146484375,2,114,0.6083413189697267,0.04,0.013
SPY,2026-05-25,2026-12-18,206,call,375.0,377.44,375.94,378.94,745.6400146484375,2,19,0.601810622558594,0.04,0.013
SPY,2026-05-25,2026-12-18,206,call,380.0,372.59000000000003,371.1,374.08,745.6400146484375,1,33,0.5947916497802734,0.04,0.013
SPY,2026-05-25,2026-12-18,206,call,385.0,367.755,366.26,369.25,745.6400146484375,4,23,0.5880778497314454,0.04,0.013
SPY,2026-05-25,2026-12-18,206,call,390.0,362.925,361.43,364.42,745.6400146484375,1,146,0.5814250842285156,0.04,0.013
SPY,2026-05-25,2026-12-18,206,call,395.0,299.58,0.0,0.0,745.6400146484375,1,0,1.0000000000000003e-05,0.04,0.013
SPY,2026-05-25,2026-12-18,206,call,400.0,353.28,351.77,354.79,745.6400146484375,1,13708,0.5684552432250977,0.04,0.013
SPY,2026-05-25,2026-12-18,206,call,405.0,348.45,346.94,349.96,745.6400146484375,15,249,0.5618329949951173,0.04,0.013
SPY,2026-05-25,2026-12-18,206,call,410.0,343.62,342.11,345.13,745.6400146484375,25,194,0.5552107467651368,0.04,0.013
SPY,2026-05-25,2026-12-18,206,call,415.0,338.805,337.29,340.32,745.6400146484375,90,231,0.5488326367187502,0.04,0.013
SPY,2026-05-25,2026-12-18,206,call,420.0,333.985,332.46,335.51,745.6400146484375,15,102,0.5423629748535157,0.04,0.013
SPY,2026-05-25,2026-12-18,206,call,425.0,329.17999999999995,327.65,330.71,745.6400146484375,2,287,0.5361374511718751,0.04,0.013
SPY,2026-05-25,2026-12-18,206,call,430.0,324.35,322.83,325.87,745.6400146484375,12,166,0.5295152029418947,0.04,0.013
SPY,2026-05-25,2026-12-18,206,call,435.0,319.53999999999996,318.01,321.07,745.6400146484375,3,103,0.5231981274414061,0.04,0.013
SPY,2026-05-25,2026-12-18,206,call,440.0,314.74,313.2,316.28,745.6400146484375,25,339,0.5170336383056642,0.04,0.013
SPY,2026-05-25,2026-12-18,206,call,445.0,309.93,308.39,311.47,745.6400146484375,2,88,0.5106860455322266,0.04,0.013
SPY,2026-05-25,2026-12-18,206,call,450.0,305.12,303.58,306.66,745.6400146484375,6,243,0.5043384527587891,0.04,0.013
SPY,2026-05-25,2026-12-18,206,call,455.0,300.33,298.78,301.88,745.6400146484375,3,59,0.5187426055908204,0.04,0.013
SPY,2026-05-25,2026-12-18,206,call,460.0,295.525,293.98,297.07,745.6400146484375,1,179,0.5119677709960937,0.04,0.013
SPY,2026-05-25,2026-12-18,206,call,465.0,290.73,289.18,292.28,745.6400146484375,39,90,0.5054370745849608,0.04,0.013
SPY,2026-05-25,2026-12-18,206,call,470.0,285.945,284.39,287.5,745.6400146484375,1,243,0.499028447265625,0.04,0.013
SPY,2026-05-25,2026-12-18,206,call,475.0,281.155,279.6,282.71,745.6400146484375,1,1214,0.4924824922180176,0.04,0.013
SPY,2026-05-25,2026-12-18,206,call,480.0,276.38,274.82,277.94,745.6400146484375,1,225,0.4861806753540039,0.04,0.013
SPY,2026-05-25,2026-12-18,206,call,485.0,271.605,270.04,273.17,745.6400146484375,2,900,0.47986359985351557,0.04,0.013
SPY,2026-05-25,2026-12-18,206,call,490.0,266.84000000000003,265.27,268.41,745.6400146484375,20,870,0.47363807617187503,0.04,0.013
SPY,2026-05-25,2026-12-18,206,call,495.0,262.075,260.5,263.65,745.6400146484375,3,2039,0.4674125524902344,0.04,0.013
SPY,2026-05-25,2026-12-18,206,call,500.0,257.315,255.74,258.89,745.6400146484375,13,2174,0.46115651153564463,0.04,0.013
SPY,2026-05-25,2026-12-18,206,call,505.0,252.56,250.99,254.13,745.6400146484375,20,1501,0.45490047058105465,0.04,0.013
SPY,2026-05-25,2026-12-18,206,call,510.0,247.815,246.24,249.39,745.6400146484375,2,2191,0.44882753326416014,0.04,0.013
SPY,2026-05-25,2026-12-18,206,call,515.0,243.075,241.51,244.64,745.6400146484375,11,2233,0.4426325268554688,0.04,0.013
SPY,2026-05-25,2026-12-18,206,call,520.0,238.345,236.77,239.92,745.6400146484375,4,3147,0.43671217590332034,0.04,0.013
SPY,2026-05-25,2026-12-18,206,call,525.0,233.63,232.05,235.21,745.6400146484375,4,895,0.4308528594970704,0.04,0.013
SPY,2026-05-25,2026-12-18,206,call,530.0,228.91500000000002,227.33,230.5,745.6400146484375,17,2147,0.42496302581787115,0.04,0.013
SPY,2026-05-25,2026-12-18,206,call,535.0,224.195,222.62,225.77,745.6400146484375,3,2387,0.4188595712280273,0.04,0.013
SPY,2026-05-25,2026-12-18,206,call,540.0,219.505,217.92,221.09,745.6400146484375,2,3513,0.4131833584594726,0.04,0.013
SPY,2026-05-25,2026-12-18,206,call,545.0,214.825,213.23,216.42,745.6400146484375,2,1762,0.4075681802368164,0.04,0.013
SPY,2026-05-25,2026-12-18,206,call,550.0,210.15,208.56,211.74,745.6400146484375,1,4093,0.40180041564941404,0.04,0.013
SPY,2026-05-25,2026-12-18,206,call,555.0,205.485,203.89,207.08,745.6400146484375,1,1720,0.3961547201538086,0.04,0.013
SPY,2026-05-25,2026-12-18,206,call,560.0,200.835,199.24,202.43,745.6400146484375,2,2015,0.390554800567627,0.04,0.013
SPY,2026-05-25,2026-12-18,206,call,565.0,196.195,194.6,197.79,745.6400146484375,4,1672,0.3849853982543945,0.04,0.013
SPY,2026-05-25,2026-12-18,206,call,570.0,191.575,189.97,193.18,745.6400146484375,8,5269,0.37959909957885746,0.04,0.013
SPY,2026-05-25,2026-12-18,206,call,575.0,186.965,185.36,188.57,745.6400146484375,4,870,0.37415176635742187,0.04,0.013
SPY,2026-05-25,2026-12-18,206,call,580.0,182.38,180.77,183.99,745.6400146484375,1,2048,0.3688570195007324,0.04,0.013
SPY,2026-05-25,2026-12-18,206,call,585.0,177.8,176.19,179.41,745.6400146484375,6,1043,0.3635012380981446,0.04,0.013
SPY,2026-05-25,2026-12-18,206,call,590.0,173.23000000000002,171.62,174.84,745.6400146484375,8,1018,0.35816071533203125,0.04,0.013
SPY,2026-05-25,2026-12-18,206,call,595.0,168.685,167.07,170.3,745.6400146484375,2,1546,0.3529422616577148,0.04,0.013
SPY,2026-05-25,2026-12-18,206,call,600.0,164.155,162.55,165.76,745.6400146484375,6,4674,0.34766277343749996,0.04,0.013
SPY,2026-05-25,2026-12-18,206,call,605.0,159.64999999999998,158.04,161.26,745.6400146484375,13,3197,0.34256638885498036,0.04,0.013
SPY,2026-05-25,2026-12-18,206,call,610.0,155.17000000000002,153.55,156.79,745.6400146484375,1,1388,0.33757681472778317,0.04,0.013
SPY,2026-05-25,2026-12-18,206,call,615.0,150.7,149.08,152.32,745.6400146484375,1,1465,0.3325033180999756,0.04,0.013
SPY,2026-05-25,2026-12-18,206,call,620.0,146.25,144.63,147.87,745.6400146484375,9,2744,0.32746033874511715,0.04,0.013
SPY,2026-05-25,2026-12-18,206,call,625.0,141.815,140.19,143.44,745.6400146484375,4,782,0.3224402473449706,0.04,0.013
SPY,2026-05-25,2026-12-18,206,call,630.0,137.405,135.78,139.03,745.6400146484375,5,508,0.3174354145812988,0.04,0.013
SPY,2026-05-25,2026-12-18,206,call,635.0,133.025,131.4,134.65,745.6400146484375,3,1358,0.31250687499999996,0.04,0.013
SPY,2026-05-25,2026-12-18,206,call,640.0,128.67000000000002,127.04,130.3,745.6400146484375,1,2251,0.30763936996459956,0.04,0.013
SPY,2026-05-25,2026-12-18,206,call,645.0,124.34,122.71,125.97,745.6400146484375,1,1058,0.3027642356109619,0.04,0.013
SPY,2026-05-25,2026-12-18,206,call,650.0,120.025,118.4,121.65,745.6400146484375,21,3825,0.2978204373931884,0.04,0.013
SPY,2026-05-25,2026-12-18,206,call,655.0,115.745,114.12,117.37,745.6400146484375,16,1109,0.2929758203124999,0.04,0.013
SPY,2026-05-25,2026-12-18,206,call,660.0,111.505,109.87,113.14,745.6400146484375,18,1525,0.28826090164184565,0.04,0.013
SPY,2026-05-25,2026-12-18,206,call,665.0,107.29,105.65,108.93,745.6400146484375,8,1701,0.28351546569824215,0.04,0.013
SPY,2026-05-25,2026-12-18,206,call,670.0,103.11,101.47,104.75,745.6400146484375,14,2351,0.27877002975463866,0.04,0.013
SPY,2026-05-25,2026-12-18,206,call,675.0,98.96,97.32,100.6,745.6400146484375,3,4590,0.27402459381103517,0.04,0.013
SPY,2026-05-25,2026-12-18,206,call,680.0,94.84,93.19,96.49,745.6400146484375,23,4789,0.2693249337768554,0.04,0.013
SPY,2026-05-25,2026-12-18,206,call,685.0,90.75999999999999,89.11,92.41,745.6400146484375,12,2968,0.2645947564697265,0.04,0.013
SPY,2026-05-25,2026-12-18,206,call,690.0,86.72999999999999,85.08,88.38,745.6400146484375,5,3589,0.2599408723449707,0.04,0.013
SPY,2026-05-25,2026-12-18,206,call,695.0,82.72999999999999,81.08,84.38,745.6400146484375,7,2206,0.2552335829925537,0.04,0.013
SPY,2026-05-25,2026-12-18,206,call,700.0,78.795,77.15,80.44,745.6400146484375,32,10848,0.25061784545898436,0.04,0.013
SPY,2026-05-25,2026-12-18,206,call,705.0,74.88499999999999,73.25,76.52,745.6400146484375,1,3479,0.24589529747009278,0.04,0.013
SPY,2026-05-25,2026-12-18,206,call,710.0,71.05,69.47,72.63,745.6400146484375,3,6990,0.2410888269805908,0.04,0.013
SPY,2026-05-25,2026-12-18,206,call,715.0,67.315,65.71,68.92,745.6400146484375,3,2484,0.23690033126831056,0.04,0.013
SPY,2026-05-25,2026-12-18,206,call,720.0,63.705,62.29,65.12,745.6400146484375,203,3918,0.23203282623291016,0.04,0.013
SPY,2026-05-25,2026-12-18,206,call,725.0,59.974999999999994,58.3,61.65,745.6400146484375,22,3115,0.22843178802490233,0.04,0.013
SPY,2026-05-25,2026-12-18,206,call,730.0,56.165000000000006,54.74,57.59,745.6400146484375,27,4725,0.2218553157043457,0.04,0.013
SPY,2026-05-25,2026-12-18,206,call,735.0,52.97,51.39,54.55,745.6400146484375,7,3065,0.2196199254608154,0.04,0.013
SPY,2026-05-25,2026-12-18,206,call,740.0,49.605000000000004,48.15,51.06,745.6400146484375,35,5375,0.2150347052001953,0.04,0.013
SPY,2026-05-25,2026-12-18,206,call,745.0,46.26,44.87,47.65,745.6400146484375,40,3933,0.21048763153076172,0.04,0.013
SPY,2026-05-25,2026-12-18,206,call,750.0,43.14,41.93,44.35,745.6400146484375,205,23026,0.20608551490783686,0.04,0.013
SPY,2026-05-25,2026-12-18,206,call,755.0,40.07,40.02,40.12,745.6400146484375,24,2471,0.19719735916137693,0.04,0.013
SPY,2026-05-25,2026-12-18,206,call,760.0,37.11,37.06,37.16,745.6400146484375,44,6539,0.19356580368041992,0.04,0.013
SPY,2026-05-25,2026-12-18,206,call,765.0,34.265,34.22,34.31,745.6400146484375,70,3050,0.19001054138183598,0.04,0.013
SPY,2026-05-25,2026-12-18,206,call,770.0,31.560000000000002,31.51,31.61,745.6400146484375,2597,10555,0.18669178794860838,0.04,0.013
SPY,2026-05-25,2026-12-18,206,call,775.0,28.98,28.93,29.03,745.6400146484375,44,6808,0.1834798449707031,0.04,0.013
SPY,2026-05-25,2026-12-18,206,call,780.0,26.545,26.5,26.59,745.6400146484375,2586,11686,0.18043574699401857,0.04,0.013
SPY,2026-05-25,2026-12-18,206,call,785.0,24.235,24.19,24.28,745.6400146484375,61,7842,0.17751371810913086,0.04,0.013
SPY,2026-05-25,2026-12-18,206,call,790.0,22.08,22.04,22.12,745.6400146484375,53,8001,0.1748053101348877,0.04,0.013
SPY,2026-05-25,2026-12-18,206,call,795.0,20.055,20.01,20.1,745.6400146484375,44,4775,0.17226474716186524,0.04,0.013
SPY,2026-05-25,2026-12-18,206,call,800.0,18.174999999999997,18.13,18.22,745.6400146484375,320,15232,0.1698920291900635,0.04,0.013
SPY,2026-05-25,2026-12-18,206,call,805.0,16.43,16.39,16.47,745.6400146484375,5037,10386,0.1676490096282959,0.04,0.013
SPY,2026-05-25,2026-12-18,206,call,810.0,14.82,14.78,14.86,745.6400146484375,35,4168,0.16560435234069829,0.04,0.013
SPY,2026-05-25,2026-12-18,206,call,815.0,13.345,13.31,13.38,745.6400146484375,5010,7551,0.163719910736084,0.04,0.013
SPY,2026-05-25,2026-12-18,206,call,820.0,11.995000000000001,11.96,12.03,745.6400146484375,70,3339,0.16202620208740232,0.04,0.013
SPY,2026-05-25,2026-12-18,206,call,825.0,10.754999999999999,10.72,10.79,745.6400146484375,20,7571,0.16043930389404298,0.04,0.013
SPY,2026-05-25,2026-12-18,206,call,830.0,9.635,9.6,9.67,745.6400146484375,500,6464,0.1590355093383789,0.04,0.013
SPY,2026-05-25,2026-12-18,206,call,835.0,8.61,8.58,8.64,745.6400146484375,2,4180,0.15767749069213866,0.04,0.013
SPY,2026-05-25,2026-12-18,206,call,840.0,7.6850000000000005,7.65,7.72,745.6400146484375,63,4028,0.156533092956543,0.04,0.013
SPY,2026-05-25,2026-12-18,206,call,845.0,6.85,6.82,6.88,745.6400146484375,19,6399,0.15543447113037112,0.04,0.013
SPY,2026-05-25,2026-12-18,206,call,850.0,6.09,6.06,6.12,745.6400146484375,94,10307,0.1544121424865723,0.04,0.013
SPY,2026-05-25,2026-12-18,206,call,855.0,5.41,5.38,5.44,745.6400146484375,2,2061,0.15351188293457033,0.04,0.013
SPY,2026-05-25,2026-12-18,206,call,860.0,4.795,4.77,4.82,745.6400146484375,10,2084,0.1526116233825684,0.04,0.013
SPY,2026-05-25,2026-12-18,206,call,865.0,4.244999999999999,4.22,4.27,745.6400146484375,7,437,0.1518486915588379,0.04,0.013
SPY,2026-05-25,2026-12-18,206,call,870.0,3.745,3.72,3.77,745.6400146484375,7,1755,0.15107050109863285,0.04,0.013
SPY,2026-05-25,2026-12-18,206,call,875.0,3.315,3.29,3.34,745.6400146484375,1,1302,0.1505211901855469,0.04,0.013
SPY,2026-05-25,2026-12-18,206,call,880.0,2.92,2.9,2.94,745.6400146484375,107,2156,0.14984981018066407,0.04,0.013
SPY,2026-05-25,2026-12-18,206,call,885.0,2.575,2.55,2.6,745.6400146484375,161,1704,0.14943782699584962,0.04,0.013
SPY,2026-05-25,2026-12-18,206,call,890.0,2.27,2.25,2.29,745.6400146484375,100,854,0.14896480926513672,0.04,0.013
SPY,2026-05-25,2026-12-18,206,call,895.0,2.0,1.98,2.02,745.6400146484375,2,505,0.14862911926269531,0.04,0.013
SPY,2026-05-25,2026-12-18,206,call,900.0,1.76,1.74,1.78,745.6400146484375,13,6891,0.14832394653320313,0.04,0.013
SPY,2026-05-25,2026-12-18,206,call,905.0,1.55,1.53,1.57,745.6400146484375,21,1839,0.1480798083496094,0.04,0.013
SPY,2026-05-25,2026-12-18,206,call,910.0,1.37,1.35,1.39,745.6400146484375,20,3810,0.14801877380371098,0.04,0.013
SPY,2026-05-25,2026-12-18,206,call,915.0,1.205,1.19,1.22,745.6400146484375,14,1280,0.147744118347168,0.04,0.013
SPY,2026-05-25,2026-12-18,206,call,920.0,1.065,1.05,1.08,745.6400146484375,139,360,0.14777463562011722,0.04,0.013
SPY,2026-05-25,2026-12-18,206,call,925.0,0.9450000000000001,0.93,0.96,745.6400146484375,31,636,0.14789670471191407,0.04,0.013
SPY,2026-05-25,2026-12-18,206,call,930.0,0.835,0.82,0.85,745.6400146484375,2,95,0.14795773925781253,0.04,0.013
SPY,2026-05-25,2026-12-18,206,call,935.0,0.74,0.73,0.75,745.6400146484375,1,1976,0.14795773925781253,0.04,0.013
SPY,2026-05-25,2026-12-18,206,call,940.0,0.66,0.65,0.67,745.6400146484375,1,70,0.1482629119873047,0.04,0.013
SPY,2026-05-25,2026-12-18,206,call,945.0,0.59,0.58,0.6,745.6400146484375,1,26,0.14862911926269531,0.04,0.013
SPY,2026-05-25,2026-12-18,206,call,950.0,0.53,0.52,0.54,745.6400146484375,9,208,0.1491173956298828,0.04,0.013
SPY,2026-05-25,2026-12-18,206,call,955.0,0.475,0.46,0.49,745.6400146484375,10,39,0.14978877563476564,0.04,0.013
SPY,2026-05-25,2026-12-18,206,call,960.0,0.43,0.42,0.44,745.6400146484375,1,1124,0.15021601745605473,0.04,0.013
SPY,2026-05-25,2026-12-18,206,call,965.0,0.39,0.38,0.4,745.6400146484375,2,546,0.15088739746093754,0.04,0.013
SPY,2026-05-25,2026-12-18,206,call,970.0,0.355,0.34,0.37,745.6400146484375,1,1042,0.1518639501953125,0.04,0.013
SPY,2026-05-25,2026-12-18,206,call,975.0,0.32,0.31,0.33,745.6400146484375,16,1049,0.15216912292480472,0.04,0.013
SPY,2026-05-25,2026-12-18,206,call,980.0,0.29500000000000004,0.28,0.31,745.6400146484375,1,1277,0.1534508483886719,0.04,0.013
SPY,2026-05-25,2026-12-18,206,call,985.0,0.27,0.26,0.28,745.6400146484375,11,458,0.15393912475585939,0.04,0.013
SPY,2026-05-25,2026-12-18,206,call,990.0,0.25,0.24,0.26,745.6400146484375,3,843,0.1549156774902344,0.04,0.013
SPY,2026-05-25,2026-12-18,206,call,995.0,0.22999999999999998,0.22,0.24,745.6400146484375,6,1427,0.1557701611328125,0.04,0.013
SPY,2026-05-25,2026-12-18,206,call,1000.0,0.21500000000000002,0.2,0.23,745.6400146484375,221,771,0.1573570593261719,0.04,0.013
SPY,2026-05-25,2026-12-31,219,call,460.0,295.61,294.01,297.21,745.6400146484375,2,2,0.49841810180664065,0.04,0.013
SPY,2026-05-25,2026-12-31,219,call,470.0,286.04999999999995,284.45,287.65,745.6400146484375,0,0,0.48590601989746096,0.04,0.013
SPY,2026-05-25,2026-12-31,219,call,480.0,244.37,242.6,246.14,745.6400146484375,0,1,1.0000000000000003e-05,0.04,0.013
SPY,2026-05-25,2026-12-31,219,call,485.0,271.74,270.14,273.34,745.6400146484375,1,2,0.4674430697631836,0.04,0.013
SPY,2026-05-25,2026-12-31,219,call,490.0,235.005,233.24,236.77,745.6400146484375,3,4,1.0000000000000003e-05,0.04,0.013
SPY,2026-05-25,2026-12-31,219,call,495.0,182.97,0.0,0.0,745.6400146484375,0,0,1.0000000000000003e-05,0.04,0.013
SPY,2026-05-25,2026-12-31,219,call,500.0,257.46500000000003,255.87,259.06,745.6400146484375,3,138,0.44917848190307613,0.04,0.013
SPY,2026-05-25,2026-12-31,219,call,505.0,170.06,0.0,0.0,745.6400146484375,10,0,1.0000000000000003e-05,0.04,0.013
SPY,2026-05-25,2026-12-31,219,call,510.0,247.995,246.39,249.6,745.6400146484375,2,24,0.43753614227294924,0.04,0.013
SPY,2026-05-25,2026-12-31,219,call,520.0,158.18,0.0,0.0,745.6400146484375,10,0,1.0000000000000003e-05,0.04,0.013
SPY,2026-05-25,2026-12-31,219,call,525.0,149.89,0.0,0.0,745.6400146484375,1,0,1.0000000000000003e-05,0.04,0.013
SPY,2026-05-25,2026-12-31,219,call,530.0,229.135,227.53,230.74,745.6400146484375,1,11,0.41449560119628903,0.04,0.013
SPY,2026-05-25,2026-12-31,219,call,540.0,213.13,211.5,214.76,745.6400146484375,2,5,0.34030811065673827,0.04,0.013
SPY,2026-05-25,2026-12-31,219,call,545.0,137.68,0.0,0.0,745.6400146484375,1,0,1.0000000000000003e-05,0.04,0.013
SPY,2026-05-25,2026-12-31,219,call,550.0,210.45,208.85,212.05,745.6400146484375,1,22,0.39243161285400385,0.04,0.013
SPY,2026-05-25,2026-12-31,219,call,555.0,205.79,204.2,207.38,745.6400146484375,1,17,0.38683169326782224,0.04,0.013
SPY,2026-05-25,2026-12-31,219,call,560.0,201.155,199.56,202.75,745.6400146484375,1,8,0.38150642913818356,0.04,0.013
SPY,2026-05-25,2026-12-31,219,call,565.0,196.535,194.94,198.13,745.6400146484375,1,67,0.3761964236450196,0.04,0.013
SPY,2026-05-25,2026-12-31,219,call,570.0,191.93,190.33,193.53,745.6400146484375,4,32,0.3709932286071777,0.04,0.013
SPY,2026-05-25,2026-12-31,219,call,575.0,187.34,185.74,188.94,745.6400146484375,2,792,0.36580529220581054,0.04,0.013
SPY,2026-05-25,2026-12-31,219,call,580.0,182.77499999999998,181.16,184.39,745.6400146484375,2,20,0.3608386060333252,0.04,0.013
SPY,2026-05-25,2026-12-31,219,call,585.0,178.195,176.59,179.8,745.6400146484375,1,20,0.35550571258544916,0.04,0.013
SPY,2026-05-25,2026-12-31,219,call,590.0,173.655,172.04,175.27,745.6400146484375,1,34,0.3505466557312011,0.04,0.013
SPY,2026-05-25,2026-12-31,219,call,595.0,169.125,167.51,170.74,745.6400146484375,1,70,0.34549604705810544,0.04,0.013
SPY,2026-05-25,2026-12-31,219,call,600.0,164.615,163.0,166.23,745.6400146484375,2,429,0.34050647293090824,0.04,0.013
SPY,2026-05-25,2026-12-31,219,call,605.0,160.125,158.51,161.74,745.6400146484375,3,2173,0.3355626747131348,0.04,0.013
SPY,2026-05-25,2026-12-31,219,call,610.0,155.66,154.04,157.28,745.6400146484375,2,382,0.3307409455871582,0.04,0.013
SPY,2026-05-25,2026-12-31,219,call,615.0,151.20499999999998,149.59,152.82,745.6400146484375,3,197,0.32581240600585937,0.04,0.013
SPY,2026-05-25,2026-12-31,219,call,620.0,146.775,145.15,148.4,745.6400146484375,1,259,0.3210364527893066,0.04,0.013
SPY,2026-05-25,2026-12-31,219,call,621.0,145.89,144.27,147.51,745.6400146484375,2,5,0.3200293827819824,0.04,0.013
SPY,2026-05-25,2026-12-31,219,call,622.0,117.0,115.28,118.72,745.6400146484375,0,1,1.0000000000000003e-05,0.04,0.013
SPY,2026-05-25,2026-12-31,219,call,623.0,144.125,142.5,145.75,745.6400146484375,2,2,0.3181373118591308,0.04,0.013
SPY,2026-05-25,2026-12-31,219,call,624.0,143.24,141.61,144.87,745.6400146484375,1,783,0.3171760177612304,0.04,0.013
SPY,2026-05-25,2026-12-31,219,call,625.0,142.365,140.74,143.99,745.6400146484375,1,63,0.3162223529815673,0.04,0.013
SPY,2026-05-25,2026-12-31,219,call,626.0,63.85,0.0,0.0,745.6400146484375,1,0,1.0000000000000003e-05,0.04,0.013
SPY,2026-05-25,2026-12-31,219,call,627.0,140.605,138.98,142.23,745.6400146484375,1,162,0.31429213546752927,0.04,0.013
SPY,2026-05-25,2026-12-31,219,call,628.0,139.715,138.1,141.33,745.6400146484375,65,174,0.3132011429595948,0.04,0.013
SPY,2026-05-25,2026-12-31,219,call,629.0,138.85,137.22,140.48,745.6400146484375,1,1121,0.31240006454467767,0.04,0.013
SPY,2026-05-25,2026-12-31,219,call,630.0,137.975,136.35,139.6,745.6400146484375,2,341,0.31142351181030264,0.04,0.013
SPY,2026-05-25,2026-12-31,219,call,631.0,137.105,135.48,138.73,745.6400146484375,1,5,0.31050036430358885,0.04,0.013
SPY,2026-05-25,2026-12-31,219,call,632.0,136.235,134.61,137.86,745.6400146484375,1,6,0.3095695874786377,0.04,0.013
SPY,2026-05-25,2026-12-31,219,call,633.0,64.56,0.0,0.0,745.6400146484375,0,0,1.0000000000000003e-05,0.04,0.013
SPY,2026-05-25,2026-12-31,219,call,634.0,134.47500000000002,132.86,136.09,745.6400146484375,2,2,0.30751730087280266,0.04,0.013
SPY,2026-05-25,2026-12-31,219,call,635.0,133.62,131.99,135.25,745.6400146484375,1,43,0.3067543690490722,0.04,0.013
SPY,2026-05-25,2026-12-31,219,call,636.0,132.75,131.12,134.38,745.6400146484375,7,24,0.30580833358764653,0.04,0.013
SPY,2026-05-25,2026-12-31,219,call,637.0,131.875,130.26,133.49,745.6400146484375,2,14,0.3047325997161865,0.04,0.013
SPY,2026-05-25,2026-12-31,219,call,638.0,125.36,123.72,127.0,745.6400146484375,1,4,0.2701489001464844,0.04,0.013
SPY,2026-05-25,2026-12-31,219,call,639.0,56.45,0.0,0.0,745.6400146484375,3,0,1.0000000000000003e-05,0.04,0.013
SPY,2026-05-25,2026-12-31,219,call,640.0,129.29,127.66,130.92,745.6400146484375,1,384,0.30207759696960446,0.04,0.013
SPY,2026-05-25,2026-12-31,219,call,641.0,122.87,121.16,124.58,745.6400146484375,7,23,0.26882139877319333,0.04,0.013
SPY,2026-05-25,2026-12-31,219,call,642.0,127.55,125.93,129.17,745.6400146484375,2,9,0.30007108627319334,0.04,0.013
SPY,2026-05-25,2026-12-31,219,call,643.0,126.69,125.07,128.31,745.6400146484375,1,8,0.2991479387664794,0.04,0.013
SPY,2026-05-25,2026-12-31,219,call,644.0,125.83,124.21,127.45,745.6400146484375,1,0,0.29821716194152825,0.04,0.013
SPY,2026-05-25,2026-12-31,219,call,645.0,124.97999999999999,123.35,126.61,745.6400146484375,12,55,0.29740082489013664,0.04,0.013
SPY,2026-05-25,2026-12-31,219,call,646.0,124.11,122.49,125.73,745.6400146484375,2,13,0.29634797897338866,0.04,0.013
SPY,2026-05-25,2026-12-31,219,call,647.0,49.22,0.0,0.0,745.6400146484375,1,0,1.0000000000000003e-05,0.04,0.013
SPY,2026-05-25,2026-12-31,219,call,648.0,122.42500000000001,120.81,124.04,745.6400146484375,5,31,0.29461612373352053,0.04,0.013
SPY,2026-05-25,2026-12-31,219,call,649.0,121.55000000000001,119.92,123.18,745.6400146484375,2,54,0.2936624589538574,0.04,0.013
SPY,2026-05-25,2026-12-31,219,call,650.0,120.695,119.06,122.33,745.6400146484375,3,591,0.29275457008361805,0.04,0.013
SPY,2026-05-25,2026-12-31,219,call,651.0,54.13,0.0,0.0,745.6400146484375,10,0,1.0000000000000003e-05,0.04,0.013
SPY,2026-05-25,2026-12-31,219,call,652.0,114.205,113.07,115.34,745.6400146484375,2,7,0.2611157873535156,0.04,0.013
SPY,2026-05-25,2026-12-31,219,call,653.0,118.13499999999999,116.5,119.77,745.6400146484375,1,6,0.28995461029052727,0.04,0.013
SPY,2026-05-25,2026-12-31,219,call,654.0,117.275,115.65,118.9,745.6400146484375,2,5,0.2889170230102538,0.04,0.013
SPY,2026-05-25,2026-12-31,219,call,655.0,116.425,114.8,118.05,745.6400146484375,1,132,0.2879862461853026,0.04,0.013
SPY,2026-05-25,2026-12-31,219,call,656.0,115.575,113.95,117.2,745.6400146484375,1,11,0.2870402107238769,0.04,0.013
SPY,2026-05-25,2026-12-31,219,call,657.0,114.745,113.11,116.38,745.6400146484375,1,9,0.28626202026367187,0.04,0.013
SPY,2026-05-25,2026-12-31,219,call,658.0,113.885,112.26,115.51,745.6400146484375,10,7,0.2852091743469238,0.04,0.013
SPY,2026-05-25,2026-12-31,219,call,659.0,107.81,106.12,109.5,745.6400146484375,4,6,0.2559812561798096,0.04,0.013
SPY,2026-05-25,2026-12-31,219,call,660.0,112.21,110.57,113.85,745.6400146484375,2,100,0.2835078363800049,0.04,0.013
SPY,2026-05-25,2026-12-31,219,call,661.0,111.37,109.73,113.01,745.6400146484375,12,12,0.2825923181915283,0.04,0.013
SPY,2026-05-25,2026-12-31,219,call,662.0,110.53,108.89,112.17,745.6400146484375,2,8,0.28167680000305173,0.04,0.013
SPY,2026-05-25,2026-12-31,219,call,663.0,104.535,102.84,106.23,745.6400146484375,1,16,0.2532575895690918,0.04,0.013
SPY,2026-05-25,2026-12-31,219,call,664.0,108.86,107.22,110.5,745.6400146484375,2,8,0.2798686515808105,0.04,0.013
SPY,2026-05-25,2026-12-31,219,call,665.0,108.02,106.38,109.66,745.6400146484375,1,273,0.27893787475585935,0.04,0.013
SPY,2026-05-25,2026-12-31,219,call,666.0,107.19,105.55,108.83,745.6400146484375,3,10,0.2780452445220948,0.04,0.013
SPY,2026-05-25,2026-12-31,219,call,667.0,48.75,0.0,0.0,745.6400146484375,1,0,1.0000000000000003e-05,0.04,0.013
SPY,2026-05-25,2026-12-31,219,call,668.0,105.525,103.88,107.17,745.6400146484375,1,20,0.27625235473632803,0.04,0.013
SPY,2026-05-25,2026-12-31,219,call,669.0,99.64500000000001,97.95,101.34,745.6400146484375,1,210,0.2490004299926758,0.04,0.013
SPY,2026-05-25,2026-12-31,219,call,670.0,103.87,102.23,105.51,745.6400146484375,23,631,0.274421318359375,0.04,0.013
SPY,2026-05-25,2026-12-31,219,call,671.0,103.04,101.4,104.68,745.6400146484375,1,213,0.2735058001708984,0.04,0.013
SPY,2026-05-25,2026-12-31,219,call,672.0,102.215,100.57,103.86,745.6400146484375,1,10,0.27262842857360836,0.04,0.013
SPY,2026-05-25,2026-12-31,219,call,673.0,101.39,99.75,103.03,745.6400146484375,1,10,0.2716900224304199,0.04,0.013
SPY,2026-05-25,2026-12-31,219,call,674.0,100.565,98.92,102.21,745.6400146484375,1,17,0.27080502151489255,0.04,0.013
SPY,2026-05-25,2026-12-31,219,call,675.0,99.745,98.1,101.39,745.6400146484375,109,769,0.2699047619628906,0.04,0.013
SPY,2026-05-25,2026-12-31,219,call,676.0,98.925,97.28,100.57,745.6400146484375,2,55,0.26900450241088864,0.04,0.013
SPY,2026-05-25,2026-12-31,219,call,677.0,98.10499999999999,96.46,99.75,745.6400146484375,9,32,0.2680966135406494,0.04,0.013
SPY,2026-05-25,2026-12-31,219,call,678.0,97.285,95.64,98.93,745.6400146484375,9,160,0.26718109535217294,0.04,0.013
SPY,2026-05-25,2026-12-31,219,call,679.0,96.465,94.82,98.11,745.6400146484375,9,8,0.26625794784545903,0.04,0.013
SPY,2026-05-25,2026-12-31,219,call,680.0,95.655,94.01,97.3,745.6400146484375,11,973,0.26537294692993163,0.04,0.013
SPY,2026-05-25,2026-12-31,219,call,681.0,94.84,93.19,96.49,745.6400146484375,1,130,0.26448794601440423,0.04,0.013
SPY,2026-05-25,2026-12-31,219,call,682.0,94.025,92.38,95.67,745.6400146484375,45,19,0.26354191055297854,0.04,0.013
SPY,2026-05-25,2026-12-31,219,call,683.0,93.215,91.57,94.86,745.6400146484375,7,17,0.2626416510009766,0.04,0.013
SPY,2026-05-25,2026-12-31,219,call,684.0,92.41,90.76,94.06,745.6400146484375,3,15,0.26178716735839846,0.04,0.013
SPY,2026-05-25,2026-12-31,219,call,685.0,91.6,89.95,93.25,745.6400146484375,6,468,0.2608716491699219,0.04,0.013
SPY,2026-05-25,2026-12-31,219,call,686.0,90.80000000000001,89.15,92.45,745.6400146484375,1,109,0.26000190689086916,0.04,0.013
SPY,2026-05-25,2026-12-31,219,call,687.0,89.99000000000001,88.34,91.64,745.6400146484375,1,107,0.259071130065918,0.04,0.013
SPY,2026-05-25,2026-12-31,219,call,688.0,89.19,87.54,90.84,745.6400146484375,1,68,0.25818612915039063,0.04,0.013
SPY,2026-05-25,2026-12-31,219,call,689.0,88.39,86.74,90.04,745.6400146484375,15,119,0.2572858695983887,0.04,0.013
SPY,2026-05-25,2026-12-31,219,call,690.0,87.595,85.94,89.25,745.6400146484375,15,405,0.25643138595581055,0.04,0.013
SPY,2026-05-25,2026-12-31,219,call,691.0,86.795,85.14,88.45,745.6400146484375,2,303,0.2555234970855713,0.04,0.013
SPY,2026-05-25,2026-12-31,219,call,692.0,86.005,84.35,87.66,745.6400146484375,5,140,0.25465375480651864,0.04,0.013
SPY,2026-05-25,2026-12-31,219,call,693.0,85.215,83.56,86.87,745.6400146484375,1,54,0.2537763832092285,0.04,0.013
SPY,2026-05-25,2026-12-31,219,call,694.0,84.42,82.76,86.08,745.6400146484375,15,29,0.2528913822937012,0.04,0.013
SPY,2026-05-25,2026-12-31,219,call,695.0,83.635,81.98,85.29,745.6400146484375,3,294,0.2519987520599365,0.04,0.013
SPY,2026-05-25,2026-12-31,219,call,696.0,82.845,81.19,84.5,745.6400146484375,1,859,0.2510984925079346,0.04,0.013
SPY,2026-05-25,2026-12-31,219,call,697.0,82.06,80.4,83.72,745.6400146484375,1,167,0.25023637954711914,0.04,0.013
SPY,2026-05-25,2026-12-31,219,call,698.0,81.235,79.63,82.84,745.6400146484375,1,171,0.2488936195373535,0.04,0.013
SPY,2026-05-25,2026-12-31,219,call,699.0,80.5,78.84,82.16,745.6400146484375,1,256,0.24848926567077637,0.04,0.013
SPY,2026-05-25,2026-12-31,219,call,700.0,79.725,78.07,81.38,745.6400146484375,3,688,0.24760426475524902,0.04,0.013
SPY,2026-05-25,2026-12-31,219,call,701.0,78.94,77.28,80.6,745.6400146484375,1,206,0.2467116345214844,0.04,0.013
SPY,2026-05-25,2026-12-31,219,call,702.0,78.17,76.51,79.83,745.6400146484375,3,151,0.24585715087890625,0.04,0.013
SPY,2026-05-25,2026-12-31,219,call,703.0,77.395,75.74,79.05,745.6400146484375,2,279,0.2449416326904297,0.04,0.013
SPY,2026-05-25,2026-12-31,219,call,704.0,76.625,74.97,78.28,745.6400146484375,3,326,0.24407189041137695,0.04,0.013
SPY,2026-05-25,2026-12-31,219,call,705.0,75.86,74.2,77.52,745.6400146484375,1,474,0.24323266540527344,0.04,0.013
SPY,2026-05-25,2026-12-31,219,call,706.0,75.09,73.43,76.75,745.6400146484375,1,18,0.2423476644897461,0.04,0.013
SPY,2026-05-25,2026-12-31,219,call,707.0,74.33,72.67,75.99,745.6400146484375,1,120,0.24149318084716798,0.04,0.013
SPY,2026-05-25,2026-12-31,219,call,708.0,73.57,71.91,75.23,745.6400146484375,9,182,0.2406310678863525,0.04,0.013
SPY,2026-05-25,2026-12-31,219,call,709.0,72.825,71.18,74.47,745.6400146484375,1,12,0.23976132560729976,0.04,0.013
SPY,2026-05-25,2026-12-31,219,call,710.0,72.065,70.42,73.71,745.6400146484375,1,270,0.23888395401000978,0.04,0.013
SPY,2026-05-25,2026-12-31,219,call,711.0,71.29499999999999,69.63,72.96,745.6400146484375,1,179,0.2380370996856689,0.04,0.013
SPY,2026-05-25,2026-12-31,219,call,712.0,70.54499999999999,68.88,72.21,745.6400146484375,1,10,0.2371826160430908,0.04,0.013
SPY,2026-05-25,2026-12-31,219,call,713.0,69.8,68.14,71.46,745.6400146484375,3,29,0.23632050308227537,0.04,0.013
SPY,2026-05-25,2026-12-31,219,call,714.0,69.05,67.39,70.71,745.6400146484375,1,55,0.23545076080322264,0.04,0.013
SPY,2026-05-25,2026-12-31,219,call,715.0,68.305,66.64,69.97,745.6400146484375,3,143,0.23461916511535644,0.04,0.013
SPY,2026-05-25,2026-12-31,219,call,716.0,67.565,65.9,69.23,745.6400146484375,1,31,0.2337723107910156,0.04,0.013
SPY,2026-05-25,2026-12-31,219,call,717.0,66.82499999999999,65.16,68.49,745.6400146484375,1,19,0.2329178271484375,0.04,0.013
SPY,2026-05-25,2026-12-31,219,call,718.0,66.095,64.43,67.76,745.6400146484375,4,125,0.23210149009704586,0.04,0.013
SPY,2026-05-25,2026-12-31,219,call,719.0,65.75,64.48,67.02,745.6400146484375,2,70,0.23122411849975588,0.04,0.013
SPY,2026-05-25,2026-12-31,219,call,720.0,65.065,63.93,66.2,745.6400146484375,202,1255,0.22998053962707518,0.04,0.013
SPY,2026-05-25,2026-12-31,219,call,721.0,63.965,62.37,65.56,745.6400146484375,1,48,0.2295380391693115,0.04,0.013
SPY,2026-05-25,2026-12-31,219,call,722.0,63.175,61.51,64.84,745.6400146484375,1,202,0.22872170211791992,0.04,0.013
SPY,2026-05-25,2026-12-31,219,call,723.0,62.489999999999995,60.91,64.07,745.6400146484375,1,38,0.22766885620117186,0.04,0.013
SPY,2026-05-25,2026-12-31,219,call,724.0,61.785,60.23,63.34,745.6400146484375,26,228,0.2267914846038818,0.04,0.013
SPY,2026-05-25,2026-12-31,219,call,725.0,61.015,59.34,62.69,745.6400146484375,4,208,0.2262574323272705,0.04,0.013
SPY,2026-05-25,2026-12-31,219,call,730.0,57.355000000000004,55.88,58.83,745.6400146484375,43,364,0.22071854728698728,0.04,0.013
SPY,2026-05-25,2026-12-31,219,call,735.0,54.015,52.34,55.69,745.6400146484375,4,503,0.21807117385864255,0.04,0.013
SPY,2026-05-25,2026-12-31,219,call,740.0,50.644999999999996,48.96,52.33,745.6400146484375,37,1077,0.21415733360290526,0.04,0.013
SPY,2026-05-25,2026-12-31,219,call,745.0,46.955,46.2,47.71,745.6400146484375,16,1528,0.20448335807800289,0.04,0.013
SPY,2026-05-25,2026-12-31,219,call,750.0,44.265,43.07,45.46,745.6400146484375,56,2875,0.20475038421630853,0.04,0.013
SPY,2026-05-25,2026-12-31,219,call,755.0,41.19,41.14,41.24,745.6400146484375,16,517,0.1961597718811035,0.04,0.013
SPY,2026-05-25,2026-12-31,219,call,760.0,38.230000000000004,38.18,38.28,745.6400146484375,1,2189,0.19264265617370604,0.04,0.013
SPY,2026-05-25,2026-12-31,219,call,765.0,35.385000000000005,35.34,35.43,745.6400146484375,16,235,0.18920946296691896,0.04,0.013
SPY,2026-05-25,2026-12-31,219,call,770.0,32.67,32.62,32.72,745.6400146484375,4,556,0.18598226135253904,0.04,0.013
SPY,2026-05-25,2026-12-31,219,call,775.0,30.08,30.03,30.13,745.6400146484375,37,1271,0.1828618701934814,0.04,0.013
SPY,2026-05-25,2026-12-31,219,call,780.0,27.625,27.58,27.67,745.6400146484375,20,2101,0.1798788067626953,0.04,0.013
SPY,2026-05-25,2026-12-31,219,call,785.0,25.305,25.26,25.35,745.6400146484375,25,425,0.17707121765136719,0.04,0.013
SPY,2026-05-25,2026-12-31,219,call,790.0,23.115000000000002,23.07,23.16,745.6400146484375,23,1202,0.1744009562683106,0.04,0.013
SPY,2026-05-25,2026-12-31,219,call,795.0,21.064999999999998,21.02,21.11,745.6400146484375,102,833,0.17189091056823733,0.04,0.013
SPY,2026-05-25,2026-12-31,219,call,800.0,19.155,19.11,19.2,745.6400146484375,126,2729,0.1695639685058594,0.04,0.013
SPY,2026-05-25,2026-12-31,219,call,805.0,17.375,17.33,17.42,745.6400146484375,6,1065,0.16738198348999023,0.04,0.013
SPY,2026-05-25,2026-12-31,219,call,810.0,15.73,15.69,15.77,745.6400146484375,1,3123,0.1653373262023926,0.04,0.013
SPY,2026-05-25,2026-12-31,219,call,815.0,14.219999999999999,14.18,14.26,745.6400146484375,4,3602,0.16352154846191408,0.04,0.013
SPY,2026-05-25,2026-12-31,219,call,820.0,12.82,12.78,12.86,745.6400146484375,82,930,0.16178206390380856,0.04,0.013
SPY,2026-05-25,2026-12-31,219,call,825.0,11.55,11.51,11.59,745.6400146484375,10,2463,0.160263829574585,0.04,0.013
SPY,2026-05-25,2026-12-31,219,call,830.0,10.385,10.35,10.42,745.6400146484375,5,1018,0.1588218884277344,0.04,0.013
SPY,2026-05-25,2026-12-31,219,call,835.0,9.325,9.29,9.36,745.6400146484375,1,2637,0.1575401629638672,0.04,0.013
SPY,2026-05-25,2026-12-31,219,call,840.0,8.355,8.32,8.39,745.6400146484375,1,947,0.15633473068237308,0.04,0.013
SPY,2026-05-25,2026-12-31,219,call,845.0,7.48,7.44,7.52,745.6400146484375,1,1284,0.1552971434020996,0.04,0.013
SPY,2026-05-25,2026-12-31,219,call,850.0,6.6850000000000005,6.65,6.72,745.6400146484375,111,18915,0.1542900733947754,0.04,0.013
SPY,2026-05-25,2026-12-31,219,call,855.0,5.965,5.93,6.0,745.6400146484375,95,531,0.15337455520629883,0.04,0.013
SPY,2026-05-25,2026-12-31,219,call,860.0,5.3100000000000005,5.28,5.34,745.6400146484375,10,1996,0.15245903701782232,0.04,0.013
SPY,2026-05-25,2026-12-31,219,call,865.0,4.720000000000001,4.69,4.75,745.6400146484375,7,459,0.15165032928466798,0.04,0.013
SPY,2026-05-25,2026-12-31,219,call,870.0,4.1899999999999995,4.16,4.22,745.6400146484375,8,1319,0.15091791473388677,0.04,0.013
SPY,2026-05-25,2026-12-31,219,call,875.0,3.71,3.68,3.74,745.6400146484375,5,44,0.15021601745605473,0.04,0.013
SPY,2026-05-25,2026-12-31,219,call,880.0,3.29,3.26,3.32,745.6400146484375,2,226,0.14965144790649415,0.04,0.013
SPY,2026-05-25,2026-12-31,219,call,885.0,2.91,2.88,2.94,745.6400146484375,5,316,0.1491173956298828,0.04,0.013
SPY,2026-05-25,2026-12-31,219,call,890.0,2.575,2.55,2.6,745.6400146484375,5,414,0.14859860198974612,0.04,0.013
SPY,2026-05-25,2026-12-31,219,call,895.0,2.275,2.25,2.3,745.6400146484375,14,653,0.14817136016845706,0.04,0.013
SPY,2026-05-25,2026-12-31,219,call,900.0,2.005,1.98,2.03,745.6400146484375,283,4053,0.147744118347168,0.04,0.013
SPY,2026-05-25,2026-12-31,219,call,905.0,1.775,1.75,1.8,745.6400146484375,0,46,0.14753049743652347,0.04,0.013
SPY,2026-05-25,2026-12-31,219,call,910.0,1.565,1.54,1.59,745.6400146484375,1,109,0.14725584197998048,0.04,0.013
SPY,2026-05-25,2026-12-31,219,call,915.0,1.385,1.36,1.41,745.6400146484375,1,3,0.14713377288818358,0.04,0.013
SPY,2026-05-25,2026-12-31,219,call,920.0,1.23,1.21,1.25,745.6400146484375,3,74,0.14704222106933595,0.04,0.013
SPY,2026-05-25,2026-12-31,219,call,925.0,1.085,1.07,1.1,745.6400146484375,1,2,0.1467980828857422,0.04,0.013
SPY,2026-05-25,2026-12-31,219,call,930.0,0.96,0.94,0.98,745.6400146484375,7,30,0.14692015197753905,0.04,0.013
SPY,2026-05-25,2026-12-31,219,call,940.0,0.765,0.75,0.78,745.6400146484375,2,21,0.14725584197998048,0.04,0.013
SPY,2026-05-25,2027-01-15,234,call,50.0,695.935,694.26,697.61,745.6400146484375,1,2,1.3046909765624997,0.04,0.013
SPY,2026-05-25,2027-01-15,234,call,55.0,691.11,689.27,692.95,745.6400146484375,1,1,1.3271518017578123,0.04,0.013
SPY,2026-05-25,2027-01-15,234,call,60.0,686.12,684.28,687.96,745.6400146484375,0,1,1.2832067089843748,0.04,0.013
SPY,2026-05-25,2027-01-15,234,call,70.0,621.5699999999999,619.14,624.0,745.6400146484375,0,1,1.0000000000000003e-05,0.04,0.013
SPY,2026-05-25,2027-01-15,234,call,100.0,646.0350000000001,644.37,647.7,745.6400146484375,4,3,0.9907227490234375,0.04,0.013
SPY,2026-05-25,2027-01-15,234,call,110.0,601.125,599.37,602.88,745.6400146484375,50,0,1.0000000000000003e-05,0.04,0.013
SPY,2026-05-25,2027-01-15,234,call,120.0,626.265,624.42,628.11,745.6400146484375,1,1,0.9511723632812499,0.04,0.013
SPY,2026-05-25,2027-01-15,234,call,130.0,581.285,579.53,583.04,745.6400146484375,1,0,1.0000000000000003e-05,0.04,0.013
SPY,2026-05-25,2027-01-15,234,call,135.0,576.33,574.58,578.08,745.6400146484375,1,0,1.0000000000000003e-05,0.04,0.013
SPY,2026-05-25,2027-01-15,234,call,145.0,566.465,564.72,568.21,745.6400146484375,6,1,1.0000000000000003e-05,0.04,0.013
SPY,2026-05-25,2027-01-15,234,call,150.0,561.565,559.83,563.3,745.6400146484375,1,15,1.0000000000000003e-05,0.04,0.013
SPY,2026-05-25,2027-01-15,234,call,155.0,507.05,505.13,508.97,745.6400146484375,1,21,1.0000000000000003e-05,0.04,0.013
SPY,2026-05-25,2027-01-15,234,call,160.0,513.09,0.0,0.0,745.6400146484375,4,0,1.0000000000000003e-05,0.04,0.013
SPY,2026-05-25,2027-01-15,234,call,165.0,581.48,579.64,583.32,745.6400146484375,125,121,0.8168963623046874,0.04,0.013
SPY,2026-05-25,2027-01-15,234,call,170.0,576.575,574.73,578.42,745.6400146484375,56,56,0.8127460131835937,0.04,0.013
SPY,2026-05-25,2027-01-15,234,call,175.0,571.91,570.28,573.54,745.6400146484375,53,111,0.8319108605957031,0.04,0.013
SPY,2026-05-25,2027-01-15,234,call,180.0,567.04,565.41,568.67,745.6400146484375,121,252,0.8278825805664061,0.04,0.013
SPY,2026-05-25,2027-01-15,234,call,185.0,562.175,560.54,563.81,745.6400146484375,42,42,0.8234880932617187,0.04,0.013
SPY,2026-05-25,2027-01-15,234,call,190.0,557.3050000000001,555.67,558.94,745.6400146484375,0,45,0.818239122314453,0.04,0.013
SPY,2026-05-25,2027-01-15,234,call,200.0,442.77,0.0,0.0,745.6400146484375,1,0,1.0000000000000003e-05,0.04,0.013
SPY,2026-05-25,2027-01-15,234,call,205.0,462.86,461.0,464.72,745.6400146484375,75,1,1.0000000000000003e-05,0.04,0.013
SPY,2026-05-25,2027-01-15,234,call,210.0,485.605,484.21,487.0,745.6400146484375,10,20,1.0000000000000003e-05,0.04,0.013
SPY,2026-05-25,2027-01-15,234,call,215.0,453.4,451.5,455.3,745.6400146484375,75,0,1.0000000000000003e-05,0.04,0.013
SPY,2026-05-25,2027-01-15,234,call,220.0,474.66499999999996,472.83,476.5,745.6400146484375,2,3,1.0000000000000003e-05,0.04,0.013
SPY,2026-05-25,2027-01-15,234,call,230.0,461.36,0.0,0.0,745.6400146484375,0,0,1.0000000000000003e-05,0.04,0.013
SPY,2026-05-25,2027-01-15,234,call,240.0,438.59,437.15,440.03,745.6400146484375,5,4,1.0000000000000003e-05,0.04,0.013
SPY,2026-05-25,2027-01-15,234,call,250.0,498.96500000000003,497.3,500.63,745.6400146484375,2,44,0.7415797326660156,0.04,0.013
SPY,2026-05-25,2027-01-15,234,call,255.0,442.855,441.21,444.5,745.6400146484375,2,2,1.0000000000000003e-05,0.04,0.013
SPY,2026-05-25,2027-01-15,234,call,260.0,395.84,0.0,0.0,745.6400146484375,2,12,1.0000000000000003e-05,0.04,0.013
SPY,2026-05-25,2027-01-15,234,call,265.0,432.565,430.63,434.5,745.6400146484375,2,2,1.0000000000000003e-05,0.04,0.013
SPY,2026-05-25,2027-01-15,234,call,270.0,401.675,399.74,403.61,745.6400146484375,2,5,1.0000000000000003e-05,0.04,0.013
SPY,2026-05-25,2027-01-15,234,call,275.0,440.52,438.78,442.26,745.6400146484375,2,8,1.0000000000000003e-05,0.04,0.013
SPY,2026-05-25,2027-01-15,234,call,280.0,469.84000000000003,468.16,471.52,745.6400146484375,5,54,0.7000152069091796,0.04,0.013
SPY,2026-05-25,2027-01-15,234,call,285.0,430.88,429.14,432.62,745.6400146484375,3,150,1.0000000000000003e-05,0.04,0.013
SPY,2026-05-25,2027-01-15,234,call,290.0,392.87,390.93,394.81,745.6400146484375,1,6,1.0000000000000003e-05,0.04,0.013
SPY,2026-05-25,2027-01-15,234,call,295.0,370.4,0.0,0.0,745.6400146484375,1,0,1.0000000000000003e-05,0.04,0.013
SPY,2026-05-25,2027-01-15,234,call,300.0,450.445,448.75,452.14,745.6400146484375,15,173,0.6725496612548829,0.04,0.013
SPY,2026-05-25,2027-01-15,234,call,305.0,394.36,392.43,396.29,745.6400146484375,3,17,1.0000000000000003e-05,0.04,0.013
SPY,2026-05-25,2027-01-15,234,call,310.0,389.58000000000004,387.66,391.5,745.6400146484375,1,3,1.0000000000000003e-05,0.04,0.013
SPY,2026-05-25,2027-01-15,234,call,315.0,401.99,400.25,403.73,745.6400146484375,4,5,1.0000000000000003e-05,0.04,0.013
SPY,2026-05-25,2027-01-15,234,call,320.0,431.065,429.36,432.77,745.6400146484375,5,84,0.645389288330078,0.04,0.013
SPY,2026-05-25,2027-01-15,234,call,325.0,339.28,0.0,0.0,745.6400146484375,1,0,1.0000000000000003e-05,0.04,0.013
SPY,2026-05-25,2027-01-15,234,call,330.0,315.14,0.0,0.0,745.6400146484375,10,0,1.0000000000000003e-05,0.04,0.013
SPY,2026-05-25,2027-01-15,234,call,335.0,408.6,407.2,410.0,745.6400146484375,1,11,1.0000000000000003e-05,0.04,0.013
SPY,2026-05-25,2027-01-15,234,call,340.0,403.935,402.37,405.5,745.6400146484375,1,25,1.0000000000000003e-05,0.04,0.013
SPY,2026-05-25,2027-01-15,234,call,345.0,347.0,0.0,0.0,745.6400146484375,6,0,1.0000000000000003e-05,0.04,0.013
SPY,2026-05-25,2027-01-15,234,call,350.0,402.03999999999996,400.33,403.75,745.6400146484375,1,72,0.6056863162231446,0.04,0.013
SPY,2026-05-25,2027-01-15,234,call,355.0,397.21500000000003,395.49,398.94,745.6400146484375,1,11,0.5993387234497071,0.04,0.013
SPY,2026-05-25,2027-01-15,234,call,360.0,392.39,390.66,394.12,745.6400146484375,2,25,0.5929911306762696,0.04,0.013
SPY,2026-05-25,2027-01-15,234,call,365.0,387.53,385.83,389.23,745.6400146484375,1,11,0.585941640625,0.04,0.013
SPY,2026-05-25,2027-01-15,234,call,370.0,375.22,373.44,377.0,745.6400146484375,1,108,0.42517664672851563,0.04,0.013
SPY,2026-05-25,2027-01-15,234,call,375.0,317.02,0.0,0.0,745.6400146484375,1,0,1.0000000000000003e-05,0.04,0.013
SPY,2026-05-25,2027-01-15,234,call,380.0,373.1,371.34,374.86,745.6400146484375,1,92,0.5677228286743164,0.04,0.013
SPY,2026-05-25,2027-01-15,234,call,385.0,368.28499999999997,366.52,370.05,745.6400146484375,1,21,0.561527822265625,0.04,0.013
SPY,2026-05-25,2027-01-15,234,call,390.0,363.46500000000003,361.69,365.24,745.6400146484375,1,17,0.5552412640380859,0.04,0.013
SPY,2026-05-25,2027-01-15,234,call,395.0,358.655,356.87,360.44,745.6400146484375,3,10,0.5491378094482424,0.04,0.013
SPY,2026-05-25,2027-01-15,234,call,400.0,353.85,352.05,355.65,745.6400146484375,2,459,0.5430953894042969,0.04,0.013
SPY,2026-05-25,2027-01-15,234,call,405.0,349.045,347.24,350.85,745.6400146484375,3,48,0.5370529693603516,0.04,0.013
SPY,2026-05-25,2027-01-15,234,call,410.0,344.24,342.42,346.06,745.6400146484375,1,103,0.5309800320434571,0.04,0.013
SPY,2026-05-25,2027-01-15,234,call,415.0,339.44,337.61,341.27,745.6400146484375,1,46,0.5249986465454101,0.04,0.013
SPY,2026-05-25,2027-01-15,234,call,420.0,334.65,332.81,336.49,745.6400146484375,2,81,0.5191393301391601,0.04,0.013
SPY,2026-05-25,2027-01-15,234,call,425.0,329.86,328.01,331.71,745.6400146484375,1,72,0.51328001373291,0.04,0.013
SPY,2026-05-25,2027-01-15,234,call,430.0,325.07500000000005,323.22,326.93,745.6400146484375,1,16,0.5074664732360838,0.04,0.013
SPY,2026-05-25,2027-01-15,234,call,435.0,320.29999999999995,318.45,322.15,745.6400146484375,1,37,0.5017750018310547,0.04,0.013
SPY,2026-05-25,2027-01-15,234,call,440.0,315.52,313.67,317.37,745.6400146484375,3,97,0.5195665719604492,0.04,0.013
SPY,2026-05-25,2027-01-15,234,call,445.0,310.75,308.9,312.6,745.6400146484375,4,31,0.5133715655517577,0.04,0.013
SPY,2026-05-25,2027-01-15,234,call,450.0,305.975,304.24,307.71,745.6400146484375,2,177,0.5057727645874023,0.04,0.013
SPY,2026-05-25,2027-01-15,234,call,455.0,301.21500000000003,299.48,302.95,745.6400146484375,3,46,0.4997303445434571,0.04,0.013
SPY,2026-05-25,2027-01-15,234,call,460.0,296.355,294.71,298.0,745.6400146484375,1,74,0.4915059394836426,0.04,0.013
SPY,2026-05-25,2027-01-15,234,call,465.0,291.695,289.96,293.43,745.6400146484375,4,65,0.4875997285461426,0.04,0.013
SPY,2026-05-25,2027-01-15,234,call,470.0,286.95,285.21,288.69,745.6400146484375,3,82,0.48175567077636716,0.04,0.013
SPY,2026-05-25,2027-01-15,234,call,475.0,282.20500000000004,280.47,283.94,745.6400146484375,5,72,0.47577428527832033,0.04,0.013
SPY,2026-05-25,2027-01-15,234,call,480.0,277.46500000000003,275.73,279.2,745.6400146484375,2,69,0.4698997102355958,0.04,0.013
SPY,2026-05-25,2027-01-15,234,call,485.0,272.73,270.99,274.47,745.6400146484375,2,77,0.46410142837524415,0.04,0.013
SPY,2026-05-25,2027-01-15,234,call,490.0,267.995,266.26,269.73,745.6400146484375,3,137,0.45819633605957044,0.04,0.013
SPY,2026-05-25,2027-01-15,234,call,495.0,263.275,261.54,265.01,745.6400146484375,1,39,0.4524590887451172,0.04,0.013
SPY,2026-05-25,2027-01-15,234,call,500.0,258.58,256.82,260.34,745.6400146484375,5,522,0.44719485916137697,0.04,0.013
SPY,2026-05-25,2027-01-15,234,call,505.0,253.84500000000003,252.11,255.58,745.6400146484375,1,61,0.4410303700256348,0.04,0.013
SPY,2026-05-25,2027-01-15,234,call,510.0,249.14499999999998,247.41,250.88,745.6400146484375,5,1321,0.43543045043945316,0.04,0.013
SPY,2026-05-25,2027-01-15,234,call,515.0,244.45499999999998,242.72,246.19,745.6400146484375,1,154,0.4298763067626954,0.04,0.013
SPY,2026-05-25,2027-01-15,234,call,520.0,239.77499999999998,238.04,241.51,745.6400146484375,16,201,0.42438319763183596,0.04,0.013
SPY,2026-05-25,2027-01-15,234,call,525.0,235.10000000000002,233.36,236.84,745.6400146484375,1,254,0.418951123046875,0.04,0.013
SPY,2026-05-25,2027-01-15,234,call,530.0,230.45999999999998,228.7,232.22,745.6400146484375,2,247,0.4139005143737792,0.04,0.013
SPY,2026-05-25,2027-01-15,234,call,535.0,225.78,224.04,227.52,745.6400146484375,4,155,0.408132749786377,0.04,0.013
SPY,2026-05-25,2027-01-15,234,call,540.0,221.11,219.4,222.82,745.6400146484375,1,189,0.4023497265625,0.04,0.013
SPY,2026-05-25,2027-01-15,234,call,545.0,216.47,214.76,218.18,745.6400146484375,1,96,0.3970092037963867,0.04,0.013
SPY,2026-05-25,2027-01-15,234,call,550.0,211.85,210.14,213.56,745.6400146484375,2,2948,0.3917907501220703,0.04,0.013
SPY,2026-05-25,2027-01-15,234,call,555.0,207.24,205.53,208.95,745.6400146484375,1,167,0.38658755508422843,0.04,0.013
SPY,2026-05-25,2027-01-15,234,call,560.0,202.64,200.93,204.35,745.6400146484375,1,271,0.3814148773193359,0.04,0.013
SPY,2026-05-25,2027-01-15,234,call,565.0,198.055,196.35,199.76,745.6400146484375,1,189,0.37625745819091794,0.04,0.013
SPY,2026-05-25,2027-01-15,234,call,570.0,193.49,191.79,195.19,745.6400146484375,3,333,0.37119922019958496,0.04,0.013
SPY,2026-05-25,2027-01-15,234,call,575.0,188.93,187.23,190.63,745.6400146484375,1,2122,0.3661409822082519,0.04,0.013
SPY,2026-05-25,2027-01-15,234,call,580.0,184.39499999999998,182.69,186.1,745.6400146484375,7,3311,0.3612277012634277,0.04,0.013
SPY,2026-05-25,2027-01-15,234,call,585.0,179.865,178.17,181.56,745.6400146484375,17,1903,0.3561923512268066,0.04,0.013
SPY,2026-05-25,2027-01-15,234,call,590.0,175.35500000000002,173.66,177.05,745.6400146484375,7,2164,0.3512714409637451,0.04,0.013
SPY,2026-05-25,2027-01-15,234,call,595.0,170.865,169.17,172.56,745.6400146484375,38,1009,0.346411565246582,0.04,0.013
SPY,2026-05-25,2027-01-15,234,call,600.0,166.39499999999998,164.7,168.09,745.6400146484375,18,2770,0.34160509475708006,0.04,0.013
SPY,2026-05-25,2027-01-15,234,call,605.0,161.94,160.25,163.63,745.6400146484375,5,1928,0.3367833656311035,0.04,0.013
SPY,2026-05-25,2027-01-15,234,call,610.0,157.51,155.82,159.2,745.6400146484375,15,994,0.3320531883239746,0.04,0.013
SPY,2026-05-25,2027-01-15,234,call,615.0,153.09,151.4,154.78,745.6400146484375,17,1834,0.3272924937438965,0.04,0.013
SPY,2026-05-25,2027-01-15,234,call,620.0,148.70499999999998,147.01,150.4,745.6400146484375,117,989,0.3226843855285643,0.04,0.013
SPY,2026-05-25,2027-01-15,234,call,625.0,144.33499999999998,142.64,146.03,745.6400146484375,118,3857,0.3180305014038085,0.04,0.013
SPY,2026-05-25,2027-01-15,234,call,630.0,139.99,138.29,141.69,745.6400146484375,93,1660,0.31345291046142576,0.04,0.013
SPY,2026-05-25,2027-01-15,234,call,635.0,135.67000000000002,133.97,137.37,745.6400146484375,87,976,0.3088676902008056,0.04,0.013
SPY,2026-05-25,2027-01-15,234,call,640.0,131.39499999999998,129.72,133.07,745.6400146484375,446,1239,0.3042900992584229,0.04,0.013
SPY,2026-05-25,2027-01-15,234,call,645.0,127.1,125.41,128.79,745.6400146484375,1,995,0.2997048789978027,0.04,0.013
SPY,2026-05-25,2027-01-15,234,call,650.0,122.86,121.2,124.52,745.6400146484375,561,5611,0.29505099487304687,0.04,0.013
SPY,2026-05-25,2027-01-15,234,call,655.0,118.64500000000001,116.95,120.34,745.6400146484375,19,845,0.29074805938720694,0.04,0.013
SPY,2026-05-25,2027-01-15,234,call,660.0,114.46000000000001,112.76,116.16,745.6400146484375,7,7567,0.2863077961730957,0.04,0.013
SPY,2026-05-25,2027-01-15,234,call,665.0,110.33500000000001,108.65,112.02,745.6400146484375,9,5566,0.2819361968231201,0.04,0.013
SPY,2026-05-25,2027-01-15,234,call,670.0,105.745,104.49,107.0,745.6400146484375,919,3035,0.27304041175842286,0.04,0.013
SPY,2026-05-25,2027-01-15,234,call,675.0,102.09,100.4,103.78,745.6400146484375,54,3536,0.2729488599395752,0.04,0.013
SPY,2026-05-25,2027-01-15,234,call,680.0,97.42,96.34,98.5,745.6400146484375,282,6629,0.2626416510009766,0.04,0.013
SPY,2026-05-25,2027-01-15,234,call,685.0,93.66,92.32,95.0,745.6400146484375,60,3150,0.26080298530578616,0.04,0.013
SPY,2026-05-25,2027-01-15,234,call,690.0,90.005,88.38,91.63,745.6400146484375,4,2296,0.2593305268859864,0.04,0.013
SPY,2026-05-25,2027-01-15,234,call,695.0,85.97,84.45,87.49,745.6400146484375,16,2960,0.25405103866577156,0.04,0.013
SPY,2026-05-25,2027-01-15,234,call,700.0,82.255,80.53,83.98,745.6400146484375,91,9112,0.2514723291015625,0.04,0.013
SPY,2026-05-25,2027-01-15,234,call,705.0,78.33,76.69,79.97,745.6400146484375,13,2472,0.24641409111022952,0.04,0.013
SPY,2026-05-25,2027-01-15,234,call,710.0,74.58,72.94,76.22,745.6400146484375,53,3090,0.24233240585327148,0.04,0.013
SPY,2026-05-25,2027-01-15,234,call,715.0,70.88499999999999,69.28,72.49,745.6400146484375,4,2684,0.23812102218627929,0.04,0.013
SPY,2026-05-25,2027-01-15,234,call,720.0,67.08000000000001,65.51,68.65,745.6400146484375,22,5607,0.23321537055969238,0.04,0.013
SPY,2026-05-25,2027-01-15,234,call,725.0,63.655,61.91,65.4,745.6400146484375,17,3123,0.23062903167724608,0.04,0.013
SPY,2026-05-25,2027-01-15,234,call,730.0,59.94,58.44,61.44,745.6400146484375,18,4170,0.22473919799804684,0.04,0.013
SPY,2026-05-25,2027-01-15,234,call,735.0,56.615,55.1,58.13,745.6400146484375,40,1933,0.2213822979736328,0.04,0.013
SPY,2026-05-25,2027-01-15,234,call,740.0,53.175,51.8,54.55,745.6400146484375,77,3336,0.21660634475708007,0.04,0.013
SPY,2026-05-25,2027-01-15,234,call,745.0,49.989999999999995,48.23,51.75,745.6400146484375,255,4422,0.21482108428955077,0.04,0.013
SPY,2026-05-25,2027-01-15,234,call,750.0,46.754999999999995,45.53,47.98,745.6400146484375,245,6087,0.20867948310852044,0.04,0.013
SPY,2026-05-25,2027-01-15,234,call,755.0,43.66,42.55,44.77,745.6400146484375,5,4949,0.20457490989685054,0.04,0.013
SPY,2026-05-25,2027-01-15,234,call,760.0,40.68,40.63,40.73,745.6400146484375,23,3533,0.1966709362030029,0.04,0.013
SPY,2026-05-25,2027-01-15,234,call,765.0,37.81,37.76,37.86,745.6400146484375,162,4927,0.19329877754211425,0.04,0.013
SPY,2026-05-25,2027-01-15,234,call,770.0,35.055,35.01,35.1,745.6400146484375,144,5285,0.1900258000183106,0.04,0.013
SPY,2026-05-25,2027-01-15,234,call,775.0,32.415,32.37,32.46,745.6400146484375,24,2575,0.18687489158630374,0.04,0.013
SPY,2026-05-25,2027-01-15,234,call,780.0,29.905,29.86,29.95,745.6400146484375,44,3401,0.18387656951904296,0.04,0.013
SPY,2026-05-25,2027-01-15,234,call,785.0,27.525,27.48,27.57,745.6400146484375,150,1912,0.1810384631347656,0.04,0.013
SPY,2026-05-25,2027-01-15,234,call,790.0,25.265,25.22,25.31,745.6400146484375,153,2726,0.17829190856933597,0.04,0.013
SPY,2026-05-25,2027-01-15,234,call,795.0,23.145000000000003,23.1,23.19,745.6400146484375,51,4678,0.17574371627807617,0.04,0.013
SPY,2026-05-25,2027-01-15,234,call,800.0,21.15,21.11,21.19,745.6400146484375,648,15689,0.17329470512390135,0.04,0.013
SPY,2026-05-25,2027-01-15,234,call,805.0,19.284999999999997,19.24,19.33,745.6400146484375,8,1699,0.1710364269256592,0.04,0.013
SPY,2026-05-25,2027-01-15,234,call,810.0,17.55,17.51,17.59,745.6400146484375,72,2995,0.1688925885009766,0.04,0.013
SPY,2026-05-25,2027-01-15,234,call,815.0,15.940000000000001,15.9,15.98,745.6400146484375,13,3218,0.1669165950775147,0.04,0.013
SPY,2026-05-25,2027-01-15,234,call,820.0,14.46,14.42,14.5,745.6400146484375,295,3168,0.1651313346099854,0.04,0.013
SPY,2026-05-25,2027-01-15,234,call,825.0,13.095,13.06,13.13,745.6400146484375,144,1599,0.16345288459777835,0.04,0.013
SPY,2026-05-25,2027-01-15,234,call,830.0,11.84,11.8,11.88,745.6400146484375,29,2057,0.1619575382232666,0.04,0.013
SPY,2026-05-25,2027-01-15,234,call,835.0,10.695,10.66,10.73,745.6400146484375,14,1263,0.16056137298583983,0.04,0.013
SPY,2026-05-25,2027-01-15,234,call,840.0,9.64,9.6,9.68,745.6400146484375,11,3048,0.15929490615844727,0.04,0.013
SPY,2026-05-25,2027-01-15,234,call,845.0,8.675,8.64,8.71,745.6400146484375,7,3793,0.15805895660400393,0.04,0.013
SPY,2026-05-25,2027-01-15,234,call,850.0,7.805,7.77,7.84,745.6400146484375,448,12271,0.1570213693237305,0.04,0.013
SPY,2026-05-25,2027-01-15,234,call,855.0,7.005,6.97,7.04,745.6400146484375,4,7867,0.15599904067993164,0.04,0.013
SPY,2026-05-25,2027-01-15,234,call,860.0,6.275,6.24,6.31,745.6400146484375,19,5006,0.1550377465820313,0.04,0.013
SPY,2026-05-25,2027-01-15,234,call,865.0,5.62,5.59,5.65,745.6400146484375,6,5437,0.15416800430297856,0.04,0.013
SPY,2026-05-25,2027-01-15,234,call,870.0,5.02,4.99,5.05,745.6400146484375,25,9006,0.15332877929687502,0.04,0.013
SPY,2026-05-25,2027-01-15,234,call,875.0,4.48,4.45,4.51,745.6400146484375,10,7941,0.15259636474609378,0.04,0.013
SPY,2026-05-25,2027-01-15,234,call,880.0,3.9899999999999998,3.96,4.02,745.6400146484375,14,8711,0.1518639501953125,0.04,0.013
SPY,2026-05-25,2027-01-15,234,call,885.0,3.55,3.52,3.58,745.6400146484375,1,6568,0.15122308746337892,0.04,0.013
SPY,2026-05-25,2027-01-15,234,call,890.0,3.16,3.13,3.19,745.6400146484375,138,5191,0.15067377655029301,0.04,0.013
SPY,2026-05-25,2027-01-15,234,call,895.0,2.8049999999999997,2.78,2.83,745.6400146484375,24,1881,0.1500634310913086,0.04,0.013
SPY,2026-05-25,2027-01-15,234,call,900.0,2.495,2.47,2.52,745.6400146484375,186,20523,0.14966670654296876,0.04,0.013
SPY,2026-05-25,2027-01-15,234,call,905.0,2.215,2.19,2.24,745.6400146484375,6,1533,0.14925472335815432,0.04,0.013
SPY,2026-05-25,2027-01-15,234,call,910.0,1.97,1.95,1.99,745.6400146484375,7,4158,0.14890377471923827,0.04,0.013
SPY,2026-05-25,2027-01-15,234,call,915.0,1.75,1.73,1.77,745.6400146484375,21,432,0.14862911926269531,0.04,0.013
SPY,2026-05-25,2027-01-15,234,call,920.0,1.56,1.54,1.58,745.6400146484375,1,236,0.14850705017089844,0.04,0.013
SPY,2026-05-25,2027-01-15,234,call,925.0,1.3900000000000001,1.37,1.41,745.6400146484375,23,689,0.1484154983520508,0.04,0.013
SPY,2026-05-25,2027-01-15,234,call,930.0,1.2349999999999999,1.22,1.25,745.6400146484375,6,445,0.14820187744140628,0.04,0.013
SPY,2026-05-25,2027-01-15,234,call,935.0,1.1,1.08,1.12,745.6400146484375,10,455,0.1482629119873047,0.04,0.013
SPY,2026-05-25,2027-01-15,234,call,940.0,0.985,0.97,1.0,745.6400146484375,2,283,0.1482934292602539,0.04,0.013
SPY,2026-05-25,2027-01-15,234,call,945.0,0.885,0.87,0.9,745.6400146484375,19,165,0.14850705017089844,0.04,0.013
SPY,2026-05-25,2027-01-15,234,call,950.0,0.795,0.78,0.81,745.6400146484375,193,1560,0.1487511883544922,0.04,0.013
SPY,2026-05-25,2027-01-15,234,call,955.0,0.715,0.7,0.73,745.6400146484375,1,273,0.14899532653808595,0.04,0.013
SPY,2026-05-25,2027-01-15,234,call,960.0,0.645,0.63,0.66,745.6400146484375,3,5655,0.14936153381347655,0.04,0.013
SPY,2026-05-25,2027-01-15,234,call,965.0,0.58,0.57,0.59,745.6400146484375,1,136,0.14948360290527346,0.04,0.013
SPY,2026-05-25,2027-01-15,234,call,970.0,0.53,0.52,0.54,745.6400146484375,4,107,0.15009394836425782,0.04,0.013
SPY,2026-05-25,2027-01-15,234,call,975.0,0.48,0.47,0.49,745.6400146484375,1,128,0.1505211901855469,0.04,0.013
SPY,2026-05-25,2027-01-15,234,call,980.0,0.44,0.43,0.45,745.6400146484375,30,466,0.15125360473632815,0.04,0.013
SPY,2026-05-25,2027-01-15,234,call,985.0,0.405,0.39,0.42,745.6400146484375,2,983,0.15223015747070315,0.04,0.013
SPY,2026-05-25,2027-01-15,234,call,990.0,0.37,0.36,0.38,745.6400146484375,2,1467,0.15259636474609378,0.04,0.013
SPY,2026-05-25,2027-01-15,234,call,995.0,0.33999999999999997,0.33,0.35,745.6400146484375,20,1025,0.15320671020507814,0.04,0.013
SPY,2026-05-25,2027-01-15,234,call,1000.0,0.315,0.3,0.33,745.6400146484375,1124,20005,0.1544274011230469,0.04,0.013
SPY,2026-05-25,2027-01-15,234,call,1010.0,0.27,0.26,0.28,745.6400146484375,20,776,0.1557701611328125,0.04,0.013
SPY,2026-05-25,2027-01-15,234,call,1020.0,0.235,0.22,0.25,745.6400146484375,2,1918,0.15796740478515625,0.04,0.013
SPY,2026-05-25,2027-01-15,234,call,1030.0,0.20500000000000002,0.19,0.22,745.6400146484375,2,1299,0.15979844116210937,0.04,0.013
SPY,2026-05-25,2027-01-15,234,call,1040.0,0.18,0.17,0.19,745.6400146484375,1,2103,0.16126327026367188,0.04,0.013
SPY,2026-05-25,2027-01-15,234,call,1050.0,0.16,0.15,0.17,745.6400146484375,1,4196,0.16333844482421878,0.04,0.013
SPY,2026-05-25,2027-01-15,234,call,1060.0,0.14,0.13,0.15,745.6400146484375,2,4849,0.165047412109375,0.04,0.013
SPY,2026-05-25,2027-01-15,234,call,1070.0,0.13,0.12,0.14,745.6400146484375,20,770,0.16773293212890628,0.04,0.013
SPY,2026-05-25,2027-01-15,234,call,1080.0,0.115,0.1,0.13,745.6400146484375,1,2106,0.17017431396484378,0.04,0.013
SPY,2026-05-25,2027-01-15,234,call,1090.0,0.105,0.09,0.12,745.6400146484375,2,464,0.1726156958007813,0.04,0.013
SPY,2026-05-25,2027-01-15,234,call,1100.0,0.095,0.08,0.11,745.6400146484375,5,575,0.174812939453125,0.04,0.013
SPY,2026-05-25,2027-01-15,234,call,1110.0,0.09,0.08,0.1,745.6400146484375,5,4,0.176766044921875,0.04,0.013
SPY,2026-05-25,2027-01-15,234,call,1120.0,0.08,0.07,0.09,745.6400146484375,2,141,0.1782308740234375,0.04,0.013
SPY,2026-05-25,2027-01-15,234,call,1130.0,0.075,0.06,0.09,745.6400146484375,1,198,0.18164880859375,0.04,0.013
SPY,2026-05-25,2027-01-15,234,call,1140.0,0.07,0.06,0.08,745.6400146484375,14,457,0.18311363769531247,0.04,0.013
SPY,2026-05-25,2027-01-15,234,call,1150.0,0.065,0.05,0.08,745.6400146484375,7,822,0.186531572265625,0.04,0.013
SPY,2026-05-25,2027-01-15,234,call,1160.0,0.065,0.05,0.08,745.6400146484375,10,1191,0.18994950683593753,0.04,0.013
SPY,2026-05-25,2027-01-15,234,call,1170.0,0.060000000000000005,0.05,0.07,745.6400146484375,5,1360,0.1909260595703125,0.04,0.013
SPY,2026-05-25,2027-01-15,234,call,1180.0,0.04,0.0,0.0,745.6400146484375,2,0,0.12500875,0.04,0.013
SPY,2026-05-25,2027-01-15,234,call,1190.0,0.05500000000000001,0.04,0.07,745.6400146484375,64,225,0.19727365234375,0.04,0.013
SPY,2026-05-25,2027-01-15,234,call,1200.0,0.045,0.04,0.05,745.6400146484375,12,2443,0.194343994140625,0.04,0.013
SPY,2026-05-25,2027-01-15,234,call,1210.0,0.045,0.03,0.06,745.6400146484375,1,984,0.20069158691406247,0.04,0.013
SPY,2026-05-25,2027-01-15,234,call,1220.0,0.035,0.03,0.04,745.6400146484375,5,3503,0.19727365234375,0.04,0.013
SPY,2026-05-25,2027-01-15,234,call,1230.0,0.035,0.03,0.04,745.6400146484375,20,4293,0.20020331054687499,0.04,0.013
SPY,2026-05-25,2027-01-15,234,call,1240.0,0.04,0.03,0.05,745.6400146484375,1,115,0.20655090332031245,0.04,0.013
SPY,2026-05-25,2027-01-15,234,call,1250.0,0.04,0.03,0.05,745.6400146484375,13,480,0.20948056152343747,0.04,0.013
SPY,2026-05-25,2027-01-15,234,call,1260.0,0.035,0.02,0.05,745.6400146484375,3,119,0.2124102197265625,0.04,0.013
SPY,2026-05-25,2027-01-15,234,call,1270.0,0.035,0.02,0.05,745.6400146484375,1,230,0.2153398779296875,0.04,0.013
SPY,2026-05-25,2027-01-15,234,call,1280.0,0.035,0.02,0.05,745.6400146484375,70,1430,0.21778125976562498,0.04,0.013
SPY,2026-05-25,2027-01-15,234,call,1290.0,0.03,0.02,0.04,745.6400146484375,50,2831,0.21680470703125,0.04,0.013
SPY,2026-05-25,2027-01-15,234,call,1300.0,0.03,0.02,0.04,745.6400146484375,3,1364,0.21973436523437498,0.04,0.013
SPY,2026-05-25,2027-01-15,234,call,1310.0,0.025,0.02,0.03,745.6400146484375,1,549,0.21778125976562498,0.04,0.013
SPY,2026-05-25,2027-01-15,234,call,1320.0,0.025,0.01,0.04,745.6400146484375,4,93,0.22461712890624996,0.04,0.013
SPY,2026-05-25,2027-01-15,234,call,1330.0,0.025,0.02,0.03,745.6400146484375,7,1913,0.22266402343749997,0.04,0.013
SPY,2026-05-25,2027-01-15,234,call,1340.0,0.025,0.01,0.04,745.6400146484375,10,1675,0.2304764453125,0.04,0.013
SPY,2026-05-25,2027-03-19,297,call,250.0,500.74,498.8,502.68,745.6400146484375,1,2,0.7146634979248048,0.04,0.013
SPY,2026-05-25,2027-03-19,297,call,260.0,491.105,489.21,493.0,745.6400146484375,2,2,0.7006560696411133,0.04,0.013
SPY,2026-05-25,2027-03-19,297,call,300.0,452.86,450.92,454.8,745.6400146484375,0,1,0.6512486047363282,0.04,0.013
SPY,2026-05-25,2027-03-19,297,call,310.0,443.3,441.36,445.24,745.6400146484375,1,1,0.6387365228271484,0.04,0.013
SPY,2026-05-25,2027-03-19,297,call,320.0,433.74,431.8,435.68,745.6400146484375,0,2,0.6262244409179689,0.04,0.013
SPY,2026-05-25,2027-03-19,297,call,330.0,424.19,422.25,426.13,745.6400146484375,2,7,0.6138954626464845,0.04,0.013
SPY,2026-05-25,2027-03-19,297,call,335.0,329.38,0.0,0.0,745.6400146484375,0,0,1.0000000000000003e-05,0.04,0.013
SPY,2026-05-25,2027-03-19,297,call,340.0,305.5,0.0,0.0,745.6400146484375,2,0,1.0000000000000003e-05,0.04,0.013
SPY,2026-05-25,2027-03-19,297,call,345.0,375.625,373.25,378.0,745.6400146484375,1,7,1.0000000000000003e-05,0.04,0.013
SPY,2026-05-25,2027-03-19,297,call,350.0,405.12,403.18,407.06,745.6400146484375,2,16,0.5897257824707032,0.04,0.013
SPY,2026-05-25,2027-03-19,297,call,355.0,366.145,363.79,368.5,745.6400146484375,1,7,1.0000000000000003e-05,0.04,0.013
SPY,2026-05-25,2027-03-19,297,call,360.0,294.64,0.0,0.0,745.6400146484375,1,0,1.0000000000000003e-05,0.04,0.013
SPY,2026-05-25,2027-03-19,297,call,365.0,338.90999999999997,336.5,341.32,745.6400146484375,0,1,1.0000000000000003e-05,0.04,0.013
SPY,2026-05-25,2027-03-19,297,call,370.0,386.07,384.13,388.01,745.6400146484375,1,2,0.5658765336608886,0.04,0.013
SPY,2026-05-25,2027-03-19,297,call,380.0,295.26,293.34,297.18,745.6400146484375,2,2,1.0000000000000003e-05,0.04,0.013
SPY,2026-05-25,2027-03-19,297,call,385.0,364.25,362.5,366.0,745.6400146484375,0,1,0.4606682351684571,0.04,0.013
SPY,2026-05-25,2027-03-19,297,call,390.0,333.135,330.77,335.5,745.6400146484375,0,2,1.0000000000000003e-05,0.04,0.013
SPY,2026-05-25,2027-03-19,297,call,400.0,357.56,355.62,359.5,745.6400146484375,1,9,0.5310105493164063,0.04,0.013
SPY,2026-05-25,2027-03-19,297,call,410.0,243.81,0.0,0.0,745.6400146484375,5,0,1.0000000000000003e-05,0.04,0.013
SPY,2026-05-25,2027-03-19,297,call,415.0,239.22,0.0,0.0,745.6400146484375,1,0,1.0000000000000003e-05,0.04,0.013
SPY,2026-05-25,2027-03-19,297,call,420.0,338.61,336.67,340.55,745.6400146484375,6,6,0.5084125086975098,0.04,0.013
SPY,2026-05-25,2027-03-19,297,call,425.0,333.88,331.94,335.82,745.6400146484375,1,9,0.5028431063842774,0.04,0.013
SPY,2026-05-25,2027-03-19,297,call,430.0,329.15,327.21,331.09,745.6400146484375,1,2,0.5171862246704101,0.04,0.013
SPY,2026-05-25,2027-03-19,297,call,435.0,275.325,273.15,277.5,745.6400146484375,0,1,1.0000000000000003e-05,0.04,0.013
SPY,2026-05-25,2027-03-19,297,call,440.0,232.19,0.0,0.0,745.6400146484375,0,0,1.0000000000000003e-05,0.04,0.013
SPY,2026-05-25,2027-03-19,297,call,445.0,233.03,0.0,0.0,745.6400146484375,200,0,1.0000000000000003e-05,0.04,0.013
SPY,2026-05-25,2027-03-19,297,call,450.0,310.3,308.36,312.24,745.6400146484375,6,260,0.49394732131958013,0.04,0.013
SPY,2026-05-25,2027-03-19,297,call,455.0,223.7,0.0,0.0,745.6400146484375,100,0,1.0000000000000003e-05,0.04,0.013
SPY,2026-05-25,2027-03-19,297,call,460.0,300.9,298.96,302.84,745.6400146484375,1,2,0.48256437850952155,0.04,0.013
SPY,2026-05-25,2027-03-19,297,call,465.0,296.22,294.28,298.16,745.6400146484375,1,2,0.4770407521057129,0.04,0.013
SPY,2026-05-25,2027-03-19,297,call,470.0,291.53,289.59,293.47,745.6400146484375,2,10,0.4714255738830566,0.04,0.013
SPY,2026-05-25,2027-03-19,297,call,475.0,229.03,0.0,0.0,745.6400146484375,1,0,1.0000000000000003e-05,0.04,0.013
SPY,2026-05-25,2027-03-19,297,call,480.0,282.18,280.24,284.12,745.6400146484375,1,24,0.4604240969848633,0.04,0.013
SPY,2026-05-25,2027-03-19,297,call,485.0,277.52,275.58,279.46,745.6400146484375,4,63,0.45503779830932617,0.04,0.013
SPY,2026-05-25,2027-03-19,297,call,490.0,265.66999999999996,263.84,267.5,745.6400146484375,3,24,0.3866943655395507,0.04,0.013
SPY,2026-05-25,2027-03-19,297,call,495.0,268.21,266.27,270.15,745.6400146484375,50,56,0.4442804595947265,0.04,0.013
SPY,2026-05-25,2027-03-19,297,call,500.0,263.57,261.63,265.51,745.6400146484375,1,136,0.4390009713745118,0.04,0.013
SPY,2026-05-25,2027-03-19,297,call,505.0,258.94,257.0,260.88,745.6400146484375,2,81,0.4337825177001954,0.04,0.013
SPY,2026-05-25,2027-03-19,297,call,510.0,254.32,252.38,256.26,745.6400146484375,1,15,0.4285945812988281,0.04,0.013
SPY,2026-05-25,2027-03-19,297,call,515.0,249.7,247.76,251.64,745.6400146484375,1,3,0.42340664489746094,0.04,0.013
SPY,2026-05-25,2027-03-19,297,call,520.0,245.1,243.16,247.04,745.6400146484375,1,30,0.41832551895141595,0.04,0.013
SPY,2026-05-25,2027-03-19,297,call,525.0,240.51,238.57,242.45,745.6400146484375,3,542,0.4132901689147949,0.04,0.013
SPY,2026-05-25,2027-03-19,297,call,530.0,235.93,233.99,237.87,745.6400146484375,5,8,0.408285336151123,0.04,0.013
SPY,2026-05-25,2027-03-19,297,call,535.0,231.36,229.42,233.3,745.6400146484375,4,24,0.40332627929687503,0.04,0.013
SPY,2026-05-25,2027-03-19,297,call,540.0,226.8,224.86,228.74,745.6400146484375,1,45,0.39839011039733885,0.04,0.013
SPY,2026-05-25,2027-03-19,297,call,545.0,222.25,220.31,224.19,745.6400146484375,1,8,0.39348445877075194,0.04,0.013
SPY,2026-05-25,2027-03-19,297,call,550.0,217.71,215.77,219.65,745.6400146484375,5,637,0.38860169509887693,0.04,0.013
SPY,2026-05-25,2027-03-19,297,call,555.0,213.2,211.26,215.14,745.6400146484375,1,46,0.38387151779174805,0.04,0.013
SPY,2026-05-25,2027-03-19,297,call,560.0,208.69,206.75,210.63,745.6400146484375,1,494,0.37909556457519533,0.04,0.013
SPY,2026-05-25,2027-03-19,297,call,565.0,204.19,202.25,206.13,745.6400146484375,4,60,0.3743348699951171,0.04,0.013
SPY,2026-05-25,2027-03-19,297,call,570.0,199.72,197.78,201.66,745.6400146484375,1,56,0.3697038738250732,0.04,0.013
SPY,2026-05-25,2027-03-19,297,call,575.0,195.26,193.32,197.2,745.6400146484375,10,43,0.3650728776550293,0.04,0.013
SPY,2026-05-25,2027-03-19,297,call,580.0,190.81,188.87,192.75,745.6400146484375,2,34,0.36044951080322263,0.04,0.013
SPY,2026-05-25,2027-03-19,297,call,585.0,186.39,184.45,188.33,745.6400146484375,1,31,0.3559405837249755,0.04,0.013
SPY,2026-05-25,2027-03-19,297,call,590.0,181.98,180.04,183.92,745.6400146484375,1,75,0.3514240273284911,0.04,0.013
SPY,2026-05-25,2027-03-19,297,call,595.0,177.59,175.65,179.53,745.6400146484375,2,87,0.3469532468414306,0.04,0.013
SPY,2026-05-25,2027-03-19,297,call,600.0,173.22,171.28,175.16,745.6400146484375,1,490,0.3425206129455566,0.04,0.013
SPY,2026-05-25,2027-03-19,297,call,605.0,168.87,166.93,170.81,745.6400146484375,3,46,0.33813375495910647,0.04,0.013
SPY,2026-05-25,2027-03-19,297,call,610.0,164.54,162.6,166.48,745.6400146484375,1,400,0.3337697849273682,0.04,0.013
SPY,2026-05-25,2027-03-19,297,call,615.0,160.24,158.3,162.18,745.6400146484375,2,38,0.32948973739624016,0.04,0.013
SPY,2026-05-25,2027-03-19,297,call,620.0,155.95,154.01,157.89,745.6400146484375,1,148,0.3251715432739257,0.04,0.013
SPY,2026-05-25,2027-03-19,297,call,625.0,151.69,149.75,153.63,745.6400146484375,5,675,0.32092964233398436,0.04,0.013
SPY,2026-05-25,2027-03-19,297,call,630.0,147.425,145.51,149.34,745.6400146484375,4,154,0.31645123252868645,0.04,0.013
SPY,2026-05-25,2027-03-19,297,call,635.0,143.24,141.3,145.18,745.6400146484375,4,184,0.31251450431823724,0.04,0.013
SPY,2026-05-25,2027-03-19,297,call,640.0,139.10000000000002,137.3,140.9,745.6400146484375,5,389,0.3079140254211425,0.04,0.013
SPY,2026-05-25,2027-03-19,297,call,645.0,134.89,132.95,136.83,745.6400146484375,1,107,0.3042061767578125,0.04,0.013
SPY,2026-05-25,2027-03-19,297,call,650.0,130.75,128.81,132.69,745.6400146484375,2,1166,0.30005582763671873,0.04,0.013
SPY,2026-05-25,2027-03-19,297,call,655.0,126.65,124.71,128.59,745.6400146484375,3,567,0.29599703033447267,0.04,0.013
SPY,2026-05-25,2027-03-19,297,call,660.0,122.54499999999999,120.63,124.46,745.6400146484375,1,872,0.29169409484863273,0.04,0.013
SPY,2026-05-25,2027-03-19,297,call,665.0,118.52,116.58,120.46,745.6400146484375,1,316,0.28784891845703114,0.04,0.013
SPY,2026-05-25,2027-03-19,297,call,670.0,114.50999999999999,112.57,116.45,745.6400146484375,3,228,0.28384352638244625,0.04,0.013
SPY,2026-05-25,2027-03-19,297,call,675.0,110.52,108.58,112.46,745.6400146484375,16,767,0.279807617034912,0.04,0.013
SPY,2026-05-25,2027-03-19,297,call,680.0,106.53,104.67,108.39,745.6400146484375,3,3031,0.27530631927490234,0.04,0.013
SPY,2026-05-25,2027-03-19,297,call,685.0,102.65,100.71,104.59,745.6400146484375,2,1064,0.2718120915222168,0.04,0.013
SPY,2026-05-25,2027-03-19,297,call,690.0,98.75999999999999,96.86,100.66,745.6400146484375,5,1213,0.2676464837646484,0.04,0.013
SPY,2026-05-25,2027-03-19,297,call,695.0,94.83500000000001,93.02,96.65,745.6400146484375,4,785,0.26301548759460447,0.04,0.013
SPY,2026-05-25,2027-03-19,297,call,700.0,91.03999999999999,89.22,92.86,745.6400146484375,1,1746,0.2591397939300537,0.04,0.013
SPY,2026-05-25,2027-03-19,297,call,705.0,87.38,85.44,89.32,745.6400146484375,12,1457,0.2561033252716065,0.04,0.013
SPY,2026-05-25,2027-03-19,297,call,710.0,84.03999999999999,82.47,85.61,745.6400146484375,1,1047,0.25222763160705564,0.04,0.013
SPY,2026-05-25,2027-03-19,297,call,715.0,80.0,78.06,81.94,745.6400146484375,5,1181,0.2483443086242676,0.04,0.013
SPY,2026-05-25,2027-03-19,297,call,720.0,76.39,74.45,78.33,745.6400146484375,13,770,0.24452964950561523,0.04,0.013
SPY,2026-05-25,2027-03-19,297,call,725.0,72.76,71.15,74.37,745.6400146484375,17,678,0.23919675605773924,0.04,0.013
SPY,2026-05-25,2027-03-19,297,call,730.0,69.485,67.7,71.27,745.6400146484375,6,710,0.23696899513244626,0.04,0.013
SPY,2026-05-25,2027-03-19,297,call,735.0,65.9,63.96,67.84,745.6400146484375,2,3702,0.2332840344238281,0.04,0.013
SPY,2026-05-25,2027-03-19,297,call,740.0,62.635000000000005,61.12,64.15,745.6400146484375,38,837,0.22842415870666502,0.04,0.013
SPY,2026-05-25,2027-03-19,297,call,745.0,58.51,57.3,59.72,745.6400146484375,14,1877,0.220611736831665,0.04,0.013
SPY,2026-05-25,2027-03-19,297,call,750.0,55.415,54.48,56.35,745.6400146484375,44,1951,0.21655293952941893,0.04,0.013
SPY,2026-05-25,2027-03-19,297,call,755.0,52.885,51.47,54.3,745.6400146484375,4,1998,0.21715565567016604,0.04,0.013
SPY,2026-05-25,2027-03-19,297,call,760.0,49.765,48.42,51.11,745.6400146484375,1,4384,0.21328759132385253,0.04,0.013
SPY,2026-05-25,2027-03-19,297,call,765.0,46.895,46.84,46.95,745.6400146484375,74,2554,0.20556672126770018,0.04,0.013
SPY,2026-05-25,2027-03-19,297,call,770.0,44.025,43.97,44.08,745.6400146484375,54,2648,0.20237003692626948,0.04,0.013
SPY,2026-05-25,2027-03-19,297,call,775.0,41.245,41.19,41.3,745.6400146484375,79,7217,0.1992343871307373,0.04,0.013
SPY,2026-05-25,2027-03-19,297,call,780.0,38.575,38.52,38.63,745.6400146484375,56,3096,0.19622843574523927,0.04,0.013
SPY,2026-05-25,2027-03-19,297,call,785.0,36.005,35.95,36.06,745.6400146484375,117,1801,0.19330640686035155,0.04,0.013
SPY,2026-05-25,2027-03-19,297,call,790.0,33.545,33.49,33.6,745.6400146484375,7,1649,0.19049118843078613,0.04,0.013
SPY,2026-05-25,2027-03-19,297,call,795.0,31.189999999999998,31.14,31.24,745.6400146484375,4,4280,0.18775989250183103,0.04,0.013
SPY,2026-05-25,2027-03-19,297,call,800.0,28.95,28.9,29.0,745.6400146484375,79,15612,0.18516592430114745,0.04,0.013
SPY,2026-05-25,2027-03-19,297,call,805.0,26.814999999999998,26.77,26.86,745.6400146484375,14,1719,0.18264061996459957,0.04,0.013
SPY,2026-05-25,2027-03-19,297,call,810.0,24.805,24.76,24.85,745.6400146484375,5,1561,0.18030604858398439,0.04,0.013
SPY,2026-05-25,2027-03-19,297,call,815.0,22.895000000000003,22.85,22.94,745.6400146484375,2,1842,0.1780325117492676,0.04,0.013
SPY,2026-05-25,2027-03-19,297,call,820.0,21.115000000000002,21.07,21.16,745.6400146484375,156,24718,0.1759573371887207,0.04,0.013
SPY,2026-05-25,2027-03-19,297,call,825.0,19.43,19.39,19.47,745.6400146484375,499,1530,0.17391267990112308,0.04,0.013
SPY,2026-05-25,2027-03-19,297,call,830.0,17.865000000000002,17.82,17.91,745.6400146484375,27,2006,0.17208927284240724,0.04,0.013
SPY,2026-05-25,2027-03-19,297,call,835.0,16.4,16.36,16.44,745.6400146484375,328,965,0.17031164169311525,0.04,0.013
SPY,2026-05-25,2027-03-19,297,call,840.0,15.05,15.01,15.09,745.6400146484375,60,2054,0.16874000213623053,0.04,0.013
SPY,2026-05-25,2027-03-19,297,call,845.0,13.79,13.75,13.83,745.6400146484375,2,330,0.16724465576171876,0.04,0.013
SPY,2026-05-25,2027-03-19,297,call,850.0,12.625,12.59,12.66,745.6400146484375,58,2219,0.16584849052429204,0.04,0.013
SPY,2026-05-25,2027-03-19,297,call,855.0,11.545,11.51,11.58,745.6400146484375,1,1200,0.1645591357421875,0.04,0.013
SPY,2026-05-25,2027-03-19,297,call,860.0,10.545,10.51,10.58,745.6400146484375,55,10005,0.1633537034606934,0.04,0.013
SPY,2026-05-25,2027-03-19,297,call,865.0,9.625,9.59,9.66,745.6400146484375,16,2818,0.16225508163452146,0.04,0.013
SPY,2026-05-25,2027-03-19,297,call,870.0,8.775,8.74,8.81,745.6400146484375,95,2765,0.16121749435424804,0.04,0.013
SPY,2026-05-25,2027-03-19,297,call,875.0,7.994999999999999,7.96,8.03,745.6400146484375,9,4987,0.16025620025634768,0.04,0.013
SPY,2026-05-25,2027-03-19,297,call,880.0,7.27,7.24,7.3,745.6400146484375,2,4679,0.15928727684020996,0.04,0.013
SPY,2026-05-25,2027-03-19,297,call,885.0,6.609999999999999,6.58,6.64,745.6400146484375,1,1632,0.15845568115234376,0.04,0.013
SPY,2026-05-25,2027-03-19,297,call,890.0,5.995,5.96,6.03,745.6400146484375,95,1547,0.15763171478271482,0.04,0.013
SPY,2026-05-25,2027-03-19,297,call,895.0,5.4399999999999995,5.41,5.47,745.6400146484375,30,1533,0.1568687829589844,0.04,0.013
SPY,2026-05-25,2027-03-19,297,call,900.0,4.92,4.89,4.95,745.6400146484375,93,2531,0.1560753338623047,0.04,0.013
SPY,2026-05-25,2027-03-19,297,call,905.0,4.455,4.43,4.48,745.6400146484375,5,2281,0.15537343658447267,0.04,0.013
SPY,2026-05-25,2027-03-19,297,call,910.0,4.029999999999999,4.0,4.06,745.6400146484375,22,2169,0.15480886703491215,0.04,0.013
SPY,2026-05-25,2027-03-19,297,call,915.0,3.645,3.62,3.67,745.6400146484375,10,344,0.15421378021240234,0.04,0.013
SPY,2026-05-25,2027-03-19,297,call,920.0,3.295,3.27,3.32,745.6400146484375,4,418,0.15369498657226563,0.04,0.013
SPY,2026-05-25,2027-03-19,297,call,925.0,2.975,2.95,3.0,745.6400146484375,2,406,0.15320671020507814,0.04,0.013
SPY,2026-05-25,2027-03-19,297,call,930.0,2.69,2.67,2.71,745.6400146484375,1,376,0.15277946838378909,0.04,0.013
SPY,2026-05-25,2027-03-19,297,call,935.0,2.435,2.41,2.46,745.6400146484375,2,58,0.15253533020019533,0.04,0.013
SPY,2026-05-25,2027-03-19,297,call,940.0,2.2,2.18,2.22,745.6400146484375,2,34,0.1521386056518555,0.04,0.013
SPY,2026-05-25,2027-03-19,297,call,945.0,1.9899999999999998,1.97,2.01,745.6400146484375,2,194,0.15189446746826174,0.04,0.013
SPY,2026-05-25,2027-03-19,297,call,950.0,1.815,1.8,1.83,745.6400146484375,2,1205,0.1518639501953125,0.04,0.013
SPY,2026-05-25,2027-03-19,297,call,955.0,1.6400000000000001,1.62,1.66,745.6400146484375,2,40,0.15171136383056644,0.04,0.013
SPY,2026-05-25,2027-03-19,297,call,960.0,1.49,1.47,1.51,745.6400146484375,2,58,0.1516808465576172,0.04,0.013
SPY,2026-05-25,2027-03-19,297,call,965.0,1.355,1.34,1.37,745.6400146484375,39,53,0.15161981201171876,0.04,0.013
SPY,2026-05-25,2027-03-19,297,call,970.0,1.2349999999999999,1.22,1.25,745.6400146484375,139,132,0.1516808465576172,0.04,0.013
SPY,2026-05-25,2027-03-19,297,call,975.0,1.125,1.11,1.14,745.6400146484375,1,122,0.15177239837646483,0.04,0.013
SPY,2026-05-25,2027-03-19,297,call,980.0,1.0350000000000001,1.02,1.05,745.6400146484375,1,100,0.15210808837890627,0.04,0.013
SPY,2026-05-25,2027-03-19,297,call,985.0,0.9450000000000001,0.93,0.96,745.6400146484375,2,1017,0.15226067474365235,0.04,0.013
SPY,2026-05-25,2027-03-19,297,call,990.0,0.865,0.85,0.88,745.6400146484375,1,131,0.1524742956542969,0.04,0.013
SPY,2026-05-25,2027-03-19,297,call,995.0,0.795,0.78,0.81,745.6400146484375,2,437,0.15284050292968754,0.04,0.013
SPY,2026-05-25,2027-03-19,297,call,1000.0,0.745,0.74,0.75,745.6400146484375,69,2531,0.1532677447509766,0.04,0.013
SPY,2026-05-25,2027-03-19,297,call,1010.0,0.625,0.61,0.64,745.6400146484375,1,756,0.15406119384765626,0.04,0.013
SPY,2026-05-25,2027-03-19,297,call,1020.0,0.54,0.53,0.55,745.6400146484375,29,2,0.15497671203613284,0.04,0.013
SPY,2026-05-25,2027-03-19,297,call,1030.0,0.47,0.46,0.48,745.6400146484375,1,5,0.1562584375,0.04,0.013
SPY,2026-05-25,2027-03-19,297,call,1040.0,0.41000000000000003,0.4,0.42,745.6400146484375,4,476,0.15747912841796874,0.04,0.013
SPY,2026-05-25,2027-03-19,297,call,1050.0,0.36,0.35,0.37,745.6400146484375,75,983,0.1588218884277344,0.04,0.013
SPY,2026-05-25,2027-03-19,297,call,1060.0,0.315,0.3,0.33,745.6400146484375,5,74,0.16028671752929688,0.04,0.013
SPY,2026-05-25,2027-03-19,297,call,1070.0,0.28,0.27,0.29,745.6400146484375,8,52,0.1615074084472656,0.04,0.013
SPY,2026-05-25,2027-03-19,297,call,1080.0,0.25,0.24,0.26,745.6400146484375,3,2910,0.16297223754882814,0.04,0.013
SPY,2026-05-25,2027-03-19,297,call,1090.0,0.22499999999999998,0.21,0.24,745.6400146484375,1,550,0.165047412109375,0.04,0.013
SPY,2026-05-25,2027-03-19,297,call,1100.0,0.2,0.19,0.21,745.6400146484375,1510,3245,0.16602396484375004,0.04,0.013
SPY,2026-05-25,2027-03-19,297,call,1110.0,0.18,0.17,0.19,745.6400146484375,1,3,0.16748879394531252,0.04,0.013
SPY,2026-05-25,2027-03-19,297,call,1120.0,0.16499999999999998,0.15,0.18,745.6400146484375,2,219,0.16993017578125003,0.04,0.013
SPY,2026-05-25,2027-03-19,297,call,1130.0,0.15000000000000002,0.14,0.16,745.6400146484375,60,1751,0.17090672851562502,0.04,0.013
SPY,2026-05-25,2027-03-19,297,call,1140.0,0.14,0.13,0.15,745.6400146484375,31,20,0.17310397216796874,0.04,0.013
SPY,2026-05-25,2027-03-19,297,call,1150.0,0.13,0.12,0.14,745.6400146484375,8,10,0.174812939453125,0.04,0.013
SPY,2026-05-25,2027-03-19,297,call,1160.0,0.12,0.11,0.13,745.6400146484375,1,22,0.176766044921875,0.04,0.013
SPY,2026-05-25,2027-03-19,297,call,1170.0,0.11,0.1,0.12,745.6400146484375,1,113,0.1782308740234375,0.04,0.013
SPY,2026-05-25,2027-03-19,297,call,1190.0,0.095,0.08,0.11,745.6400146484375,50,66,0.18262536132812499,0.04,0.013
SPY,2026-05-25,2027-03-19,297,call,1200.0,0.09,0.08,0.1,745.6400146484375,1,1230,0.1840901904296875,0.04,0.013
SPY,2026-05-25,2027-03-19,297,call,1210.0,0.065,0.05,0.08,745.6400146484375,0,1,0.18311363769531247,0.04,0.013
SPY,2026-05-25,2027-03-19,297,call,1220.0,0.08,0.07,0.09,745.6400146484375,100,101,0.18775226318359373,0.04,0.013
SPY,2026-05-25,2027-03-19,297,call,1230.0,0.07,0.06,0.08,745.6400146484375,4,28,0.188484677734375,0.04,0.013
SPY,2026-05-25,2027-03-19,297,call,1240.0,0.07,0.06,0.08,745.6400146484375,1,92,0.19117019775390626,0.04,0.013
SPY,2026-05-25,2027-03-19,297,call,1250.0,0.065,0.05,0.08,745.6400146484375,1,44,0.19385571777343752,0.04,0.013
SPY,2026-05-25,2027-03-19,297,call,1260.0,0.060000000000000005,0.05,0.07,745.6400146484375,5,1,0.194343994140625,0.04,0.013
SPY,2026-05-25,2027-03-19,297,call,1270.0,0.060000000000000005,0.05,0.07,745.6400146484375,25,26,0.19678537597656248,0.04,0.013
SPY,2026-05-25,2027-03-19,297,call,1280.0,0.05500000000000001,0.04,0.07,745.6400146484375,8,1278,0.1992267578125,0.04,0.013
SPY,2026-05-25,2027-03-19,297,call,1290.0,0.05,0.04,0.06,745.6400146484375,7,1975,0.1992267578125,0.04,0.013
SPY,2026-05-25,2027-03-19,297,call,1300.0,0.05,0.04,0.06,745.6400146484375,14,4633,0.2016681396484375,0.04,0.013
SPY,2026-05-25,2027-03-19,297,call,1310.0,0.045,0.04,0.05,745.6400146484375,1879,3990,0.20117986328124998,0.04,0.013
SPY,2026-05-25,2027-03-19,297,call,1320.0,0.045,0.03,0.06,745.6400146484375,4,42,0.20703917968749996,0.04,0.013
SPY,2026-05-25,2027-03-19,297,call,1330.0,0.045,0.03,0.06,745.6400146484375,1,197,0.20899228515624996,0.04,0.013
SPY,2026-05-25,2027-03-19,297,call,1340.0,0.04,0.03,0.05,745.6400146484375,100,1399,0.20850400878906244,0.04,0.013
SPY,2026-05-25,2027-03-19,297,call,1380.0,0.035,0.02,0.05,745.6400146484375,20,0,0.21778125976562498,0.04,0.013
SPY,2026-05-25,2027-03-19,297,call,1480.0,0.025,0.01,0.04,745.6400146484375,117,0,0.23535920898437498,0.04,0.013
SPY,2026-05-25,2027-03-31,309,call,250.0,500.5,498.0,503.0,745.6400146484375,2,0,0.6940948559570312,0.04,0.013
SPY,2026-05-25,2027-03-31,309,call,350.0,320.01,0.0,0.0,745.6400146484375,0,0,1.0000000000000003e-05,0.04,0.013
SPY,2026-05-25,2027-03-31,309,call,400.0,357.5,355.0,360.0,745.6400146484375,2,3,0.519963296508789,0.04,0.013
SPY,2026-05-25,2027-03-31,309,call,450.0,310.08500000000004,307.67,312.5,745.6400146484375,2,20,0.4866994689941406,0.04,0.013
SPY,2026-05-25,2027-03-31,309,call,455.0,297.75,295.5,300.0,745.6400146484375,0,4,0.40396714202880857,0.04,0.013
SPY,2026-05-25,2027-03-31,309,call,470.0,291.46500000000003,289.0,293.93,745.6400146484375,1,2,0.466100309753418,0.04,0.013
SPY,2026-05-25,2027-03-31,309,call,490.0,262.86,260.92,264.8,745.6400146484375,0,2,0.35262183029174804,0.04,0.013
SPY,2026-05-25,2027-03-31,309,call,500.0,256.67,254.84,258.5,745.6400146484375,1,0,0.37392288681030267,0.04,0.013
SPY,2026-05-25,2027-03-31,309,call,505.0,258.935,256.5,261.37,745.6400146484375,1,0,0.4289302713012696,0.04,0.013
SPY,2026-05-25,2027-03-31,309,call,510.0,244.52,242.58,246.46,745.6400146484375,0,5,0.3416661293029785,0.04,0.013
SPY,2026-05-25,2027-03-31,309,call,520.0,245.36,243.42,247.3,745.6400146484375,1,6,0.41199318481445313,0.04,0.013
SPY,2026-05-25,2027-03-31,309,call,525.0,240.77,238.83,242.71,745.6400146484375,1,1,0.4070264986419677,0.04,0.013
SPY,2026-05-25,2027-03-31,309,call,530.0,226.38,224.44,228.32,745.6400146484375,0,1,0.3304968074035644,0.04,0.013
SPY,2026-05-25,2027-03-31,309,call,540.0,227.09,225.15,229.03,745.6400146484375,1,1,0.39252316467285153,0.04,0.013
SPY,2026-05-25,2027-03-31,309,call,545.0,222.56,220.62,224.5,745.6400146484375,1,1,0.38780824600219727,0.04,0.013
SPY,2026-05-25,2027-03-31,309,call,550.0,218.04,216.1,219.98,745.6400146484375,1,15,0.3831085859680175,0.04,0.013
SPY,2026-05-25,2027-03-31,309,call,555.0,213.53,211.59,215.47,745.6400146484375,1,1,0.37843181388854974,0.04,0.013
SPY,2026-05-25,2027-03-31,309,call,560.0,209.03,207.09,210.97,745.6400146484375,1,1,0.3737703004455566,0.04,0.013
SPY,2026-05-25,2027-03-31,309,call,570.0,200.09,198.15,202.03,745.6400146484375,1,7,0.3646608944702149,0.04,0.013
SPY,2026-05-25,2027-03-31,309,call,575.0,195.64,193.7,197.58,745.6400146484375,1,7,0.36014433807373036,0.04,0.013
SPY,2026-05-25,2027-03-31,309,call,580.0,184.735,182.97,186.5,745.6400146484375,7,1,0.317191276397705,0.04,0.013
SPY,2026-05-25,2027-03-31,309,call,585.0,180.31,178.62,182.0,745.6400146484375,0,1,0.3129875220489502,0.04,0.013
SPY,2026-05-25,2027-03-31,309,call,590.0,182.41,180.47,184.35,745.6400146484375,1,3,0.34692272956848136,0.04,0.013
SPY,2026-05-25,2027-03-31,309,call,592.0,180.65,178.71,182.59,745.6400146484375,2,1,0.3451374691009521,0.04,0.013
SPY,2026-05-25,2027-03-31,309,call,593.0,179.78,177.84,181.72,745.6400146484375,0,1,0.34429824409484866,0.04,0.013
SPY,2026-05-25,2027-03-31,309,call,594.0,178.9,176.96,180.84,745.6400146484375,0,1,0.34339798454284665,0.04,0.013
SPY,2026-05-25,2027-03-31,309,call,595.0,178.03,176.09,179.97,745.6400146484375,1,1,0.3425511302185058,0.04,0.013
SPY,2026-05-25,2027-03-31,309,call,597.0,176.29,174.35,178.23,745.6400146484375,0,3,0.34084979225158696,0.04,0.013
SPY,2026-05-25,2027-03-31,309,call,598.0,175.41,173.47,177.35,745.6400146484375,1,1,0.33994190338134767,0.04,0.013
SPY,2026-05-25,2027-03-31,309,call,599.0,174.54,172.6,176.48,745.6400146484375,3,3,0.33908741973876955,0.04,0.013
SPY,2026-05-25,2027-03-31,309,call,600.0,172.87,171.74,174.0,745.6400146484375,3,29,0.3297643928527832,0.04,0.013
SPY,2026-05-25,2027-03-31,309,call,601.0,172.81,170.87,174.75,745.6400146484375,1,12,0.33740896972656254,0.04,0.013
SPY,2026-05-25,2027-03-31,309,call,602.0,171.94,170.0,173.88,745.6400146484375,7,7,0.3365392274475098,0.04,0.013
SPY,2026-05-25,2027-03-31,309,call,603.0,171.07,169.13,173.01,745.6400146484375,0,1,0.33566948516845707,0.04,0.013
SPY,2026-05-25,2027-03-31,309,call,604.0,170.21,168.27,172.15,745.6400146484375,1,1,0.33485314811706535,0.04,0.013
SPY,2026-05-25,2027-03-31,309,call,605.0,169.34,167.4,171.28,745.6400146484375,7,7,0.3339757765197754,0.04,0.013
SPY,2026-05-25,2027-03-31,309,call,607.0,167.61,165.67,169.55,745.6400146484375,1,1,0.33226680923461915,0.04,0.013
SPY,2026-05-25,2027-03-31,309,call,608.0,166.75,164.81,168.69,745.6400146484375,1,2,0.33143521354675287,0.04,0.013
SPY,2026-05-25,2027-03-31,309,call,609.0,165.89,163.95,167.83,745.6400146484375,1,1,0.3306036178588867,0.04,0.013
SPY,2026-05-25,2027-03-31,309,call,610.0,165.03,163.09,166.97,745.6400146484375,4,8,0.3297643928527832,0.04,0.013
SPY,2026-05-25,2027-03-31,309,call,611.0,164.17000000000002,162.23,166.11,745.6400146484375,1,1,0.3289251678466796,0.04,0.013
SPY,2026-05-25,2027-03-31,309,call,612.0,157.4,155.46,159.34,745.6400146484375,0,2,0.29779754943847647,0.04,0.013
SPY,2026-05-25,2027-03-31,309,call,615.0,160.74,158.8,162.68,745.6400146484375,7,17,0.32556826782226556,0.04,0.013
SPY,2026-05-25,2027-03-31,309,call,617.0,159.03,157.09,160.97,745.6400146484375,2,3,0.32390507644653316,0.04,0.013
SPY,2026-05-25,2027-03-31,309,call,618.0,158.17000000000002,156.23,160.11,745.6400146484375,2,0,0.3230353341674803,0.04,0.013
SPY,2026-05-25,2027-03-31,309,call,619.0,151.285,149.57,153.0,745.6400146484375,0,1,0.29088538711547846,0.04,0.013
SPY,2026-05-25,2027-03-31,309,call,620.0,156.47,154.53,158.41,745.6400146484375,1,15,0.32140266006469725,0.04,0.013
SPY,2026-05-25,2027-03-31,309,call,621.0,155.62,153.68,157.56,745.6400146484375,6,7,0.3205786936950683,0.04,0.013
SPY,2026-05-25,2027-03-31,309,call,622.0,154.77,152.83,156.71,745.6400146484375,1,1,0.319747098007202,0.04,0.013
SPY,2026-05-25,2027-03-31,309,call,623.0,148.11,146.22,150.0,745.6400146484375,0,1,0.29003090347290034,0.04,0.013
SPY,2026-05-25,2027-03-31,309,call,624.0,147.25,145.5,149.0,745.6400146484375,2,2,0.2885508157348632,0.04,0.013
SPY,2026-05-25,2027-03-31,309,call,625.0,152.22,150.28,154.16,745.6400146484375,2,311,0.3172446816253661,0.04,0.013
SPY,2026-05-25,2027-03-31,309,call,627.0,150.53,148.59,152.47,745.6400146484375,0,1,0.31560437820434567,0.04,0.013
SPY,2026-05-25,2027-03-31,309,call,628.0,149.68,147.74,151.62,745.6400146484375,0,1,0.3147575238800049,0.04,0.013
SPY,2026-05-25,2027-03-31,309,call,629.0,148.84,146.9,150.78,745.6400146484375,0,10,0.3139564454650879,0.04,0.013
SPY,2026-05-25,2027-03-31,309,call,630.0,148.0,146.06,149.94,745.6400146484375,2,45,0.3131477377319336,0.04,0.013
SPY,2026-05-25,2027-03-31,309,call,633.0,145.48,143.54,147.42,745.6400146484375,1,1,0.31069872657775877,0.04,0.013
SPY,2026-05-25,2027-03-31,309,call,635.0,143.795,141.89,145.7,745.6400146484375,4,9,0.3088676902008056,0.04,0.013
SPY,2026-05-25,2027-03-31,309,call,637.0,142.13,140.19,144.07,745.6400146484375,1,0,0.3074410076904296,0.04,0.013
SPY,2026-05-25,2027-03-31,309,call,638.0,141.3,139.36,143.24,745.6400146484375,5,5,0.30664755859375,0.04,0.013
SPY,2026-05-25,2027-03-31,309,call,639.0,140.46,138.52,142.4,745.6400146484375,10,10,0.30580833358764653,0.04,0.013
SPY,2026-05-25,2027-03-31,309,call,640.0,139.62,137.72,141.52,745.6400146484375,1,33,0.3047783756256104,0.04,0.013
SPY,2026-05-25,2027-03-31,309,call,641.0,58.0,0.0,0.0,745.6400146484375,0,0,1.0000000000000003e-05,0.04,0.013
SPY,2026-05-25,2027-03-31,309,call,642.0,137.97,136.03,139.91,745.6400146484375,1,2,0.3033974690246582,0.04,0.013
SPY,2026-05-25,2027-03-31,309,call,643.0,137.14,135.2,139.08,745.6400146484375,1,2,0.3025887612915039,0.04,0.013
SPY,2026-05-25,2027-03-31,309,call,644.0,136.31,134.37,138.25,745.6400146484375,2,18,0.30178005355834964,0.04,0.013
SPY,2026-05-25,2027-03-31,309,call,645.0,135.49,133.55,137.43,745.6400146484375,1,3,0.3010018630981446,0.04,0.013
SPY,2026-05-25,2027-03-31,309,call,646.0,134.66,132.72,136.6,745.6400146484375,0,1,0.30018552604675286,0.04,0.013
SPY,2026-05-25,2027-03-31,309,call,647.0,133.84,131.9,135.78,745.6400146484375,11,6,0.29939970626831053,0.04,0.013
SPY,2026-05-25,2027-03-31,309,call,648.0,127.595,125.69,129.5,745.6400146484375,1,3,0.2738796367645263,0.04,0.013
SPY,2026-05-25,2027-03-31,309,call,649.0,132.19,130.25,134.13,745.6400146484375,4,15,0.29778229080200186,0.04,0.013
SPY,2026-05-25,2027-03-31,309,call,650.0,131.37,129.43,133.31,745.6400146484375,1,220,0.2969888417053222,0.04,0.013
SPY,2026-05-25,2027-03-31,309,call,651.0,130.55,128.61,132.49,745.6400146484375,1,1,0.2961953926086425,0.04,0.013
SPY,2026-05-25,2027-03-31,309,call,652.0,129.73,127.79,131.67,745.6400146484375,2,3,0.2953943141937255,0.04,0.013
SPY,2026-05-25,2027-03-31,309,call,653.0,128.91,126.97,130.85,745.6400146484375,1,3,0.2945932357788086,0.04,0.013
SPY,2026-05-25,2027-03-31,309,call,654.0,120.19,118.25,122.13,745.6400146484375,4,4,0.25846841392517095,0.04,0.013
SPY,2026-05-25,2027-03-31,309,call,655.0,127.28,125.34,129.22,745.6400146484375,1,21,0.29300633758544914,0.04,0.013
SPY,2026-05-25,2027-03-31,309,call,656.0,126.47,124.53,128.41,745.6400146484375,2,18,0.2922357764434813,0.04,0.013
SPY,2026-05-25,2027-03-31,309,call,657.0,125.65,123.71,127.59,745.6400146484375,2,6,0.2914118100738524,0.04,0.013
SPY,2026-05-25,2027-03-31,309,call,658.0,119.62,117.68,121.56,745.6400146484375,1,3,0.2677151476287841,0.04,0.013
SPY,2026-05-25,2027-03-31,309,call,659.0,124.03,122.09,125.97,745.6400146484375,1,2,0.289847799835205,0.04,0.013
SPY,2026-05-25,2027-03-31,309,call,660.0,123.22,121.28,125.16,745.6400146484375,1,63,0.2890543507385253,0.04,0.013
SPY,2026-05-25,2027-03-31,309,call,661.0,122.42,120.48,124.36,745.6400146484375,2,3,0.2882990482330322,0.04,0.013
SPY,2026-05-25,2027-03-31,309,call,662.0,116.46000000000001,114.52,118.4,745.6400146484375,0,1,0.2651593260192871,0.04,0.013
SPY,2026-05-25,2027-03-31,309,call,664.0,120.0,118.06,121.94,745.6400146484375,1,1,0.28593395957946766,0.04,0.013
SPY,2026-05-25,2027-03-31,309,call,665.0,119.2,117.26,121.14,745.6400146484375,15,49,0.28516339843749994,0.04,0.013
SPY,2026-05-25,2027-03-31,309,call,666.0,118.39,116.45,120.33,745.6400146484375,10,20,0.28433943206787105,0.04,0.013
SPY,2026-05-25,2027-03-31,309,call,667.0,117.59,115.65,119.53,745.6400146484375,1,27,0.28356124160766594,0.04,0.013
SPY,2026-05-25,2027-03-31,309,call,668.0,116.78999999999999,114.85,118.73,745.6400146484375,98,53,0.28277542182922366,0.04,0.013
SPY,2026-05-25,2027-03-31,309,call,669.0,116.0,114.06,117.94,745.6400146484375,294,167,0.28202774864196767,0.04,0.013
SPY,2026-05-25,2027-03-31,309,call,670.0,115.2,113.26,117.14,745.6400146484375,7,46,0.281234299545288,0.04,0.013
SPY,2026-05-25,2027-03-31,309,call,671.0,114.4,112.46,116.34,745.6400146484375,1,183,0.28043322113037106,0.04,0.013
SPY,2026-05-25,2027-03-31,309,call,672.0,113.61,111.67,115.55,745.6400146484375,10,185,0.2796779186248779,0.04,0.013
SPY,2026-05-25,2027-03-31,309,call,673.0,112.82,110.88,114.76,745.6400146484375,1,101,0.2789073574829102,0.04,0.013
SPY,2026-05-25,2027-03-31,309,call,674.0,112.02,110.08,113.96,745.6400146484375,1,4,0.27809864974975584,0.04,0.013
SPY,2026-05-25,2027-03-31,309,call,675.0,111.23,109.29,113.17,745.6400146484375,15,71,0.27732045928955074,0.04,0.013
SPY,2026-05-25,2027-03-31,309,call,676.0,110.44,108.5,112.38,745.6400146484375,1,11,0.2765422688293457,0.04,0.013
SPY,2026-05-25,2027-03-31,309,call,677.0,51.48,0.0,0.0,745.6400146484375,0,0,1.0000000000000003e-05,0.04,0.013
SPY,2026-05-25,2027-03-31,309,call,678.0,50.01,0.0,0.0,745.6400146484375,2,0,1.0000000000000003e-05,0.04,0.013
SPY,2026-05-25,2027-03-31,309,call,679.0,108.08,106.14,110.02,745.6400146484375,1,4,0.2742076974487304,0.04,0.013
SPY,2026-05-25,2027-03-31,309,call,680.0,107.275,105.36,109.19,745.6400146484375,1,22,0.27324640335083,0.04,0.013
SPY,2026-05-25,2027-03-31,309,call,685.0,103.375,101.46,105.29,745.6400146484375,30,85,0.26937070968627924,0.04,0.013
SPY,2026-05-25,2027-03-31,309,call,690.0,99.515,97.6,101.43,745.6400146484375,1,237,0.2655255332946777,0.04,0.013
SPY,2026-05-25,2027-03-31,309,call,695.0,95.72,93.78,97.66,745.6400146484375,4,45,0.2619016071319581,0.04,0.013
SPY,2026-05-25,2027-03-31,309,call,700.0,91.94,90.0,93.88,745.6400146484375,1,92,0.25810220664978023,0.04,0.013
SPY,2026-05-25,2027-03-31,309,call,705.0,88.17500000000001,86.26,90.09,745.6400146484375,1,39,0.25411207321167,0.04,0.013
SPY,2026-05-25,2027-03-31,309,call,710.0,84.48,82.56,86.4,745.6400146484375,38,119,0.250358448638916,0.04,0.013
SPY,2026-05-25,2027-03-31,309,call,715.0,80.86000000000001,78.93,82.79,745.6400146484375,6,1630,0.2467497811126709,0.04,0.013
SPY,2026-05-25,2027-03-31,309,call,720.0,77.235,75.32,79.15,745.6400146484375,4,113,0.24286645812988278,0.04,0.013
SPY,2026-05-25,2027-03-31,309,call,725.0,73.69,71.77,75.61,745.6400146484375,9,187,0.23918912673950193,0.04,0.013
SPY,2026-05-25,2027-03-31,309,call,730.0,70.23,68.29,72.17,745.6400146484375,6,448,0.2357025283050537,0.04,0.013
SPY,2026-05-25,2027-03-31,309,call,735.0,66.845,64.94,68.75,745.6400146484375,16,925,0.23210911941528317,0.04,0.013
SPY,2026-05-25,2027-03-31,309,call,740.0,63.455,61.71,65.2,745.6400146484375,14,680,0.22784433052062988,0.04,0.013
SPY,2026-05-25,2027-03-31,309,call,745.0,60.195,58.52,61.87,745.6400146484375,1,104,0.2241898870849609,0.04,0.013
SPY,2026-05-25,2027-03-31,309,call,750.0,56.96,55.02,58.9,745.6400146484375,34,343,0.22163406547546385,0.04,0.013
SPY,2026-05-25,2027-03-31,309,call,755.0,53.83,51.89,55.77,745.6400146484375,60,77,0.21828479476928708,0.04,0.013
SPY,2026-05-25,2027-03-31,309,call,760.0,50.885,49.51,52.26,745.6400146484375,2,196,0.21331810859680175,0.04,0.013
SPY,2026-05-25,2027-03-31,309,call,765.0,47.815,47.76,47.87,745.6400146484375,2,1944,0.20491822921752928,0.04,0.013
SPY,2026-05-25,2027-03-31,309,call,770.0,44.94,44.88,45.0,745.6400146484375,20,161,0.20179020874023437,0.04,0.013
SPY,2026-05-25,2027-03-31,309,call,775.0,42.165,42.11,42.22,745.6400146484375,1,374,0.19873085212707517,0.04,0.013
SPY,2026-05-25,2027-03-31,309,call,780.0,39.485,39.43,39.54,745.6400146484375,3,87,0.19576304733276367,0.04,0.013
SPY,2026-05-25,2027-03-31,309,call,785.0,36.91,36.86,36.96,745.6400146484375,47,69,0.1928867943572998,0.04,0.013
SPY,2026-05-25,2027-03-31,309,call,790.0,34.44,34.39,34.49,745.6400146484375,15,85,0.19012498115539553,0.04,0.013
SPY,2026-05-25,2027-03-31,309,call,795.0,32.075,32.02,32.13,745.6400146484375,4,199,0.1874776077270508,0.04,0.013
SPY,2026-05-25,2027-03-31,309,call,800.0,29.82,29.77,29.87,745.6400146484375,23,246,0.18490652748107908,0.04,0.013
SPY,2026-05-25,2027-03-31,309,call,805.0,27.67,27.62,27.72,745.6400146484375,7,107,0.182449887008667,0.04,0.013
SPY,2026-05-25,2027-03-31,309,call,810.0,25.64,25.59,25.69,745.6400146484375,2,149,0.18013057426452636,0.04,0.013
SPY,2026-05-25,2027-03-31,309,call,815.0,23.71,23.66,23.76,745.6400146484375,4,96,0.17789518402099608,0.04,0.013
SPY,2026-05-25,2027-03-31,309,call,820.0,21.9,21.85,21.95,745.6400146484375,18,353,0.17580475082397462,0.04,0.013
SPY,2026-05-25,2027-03-31,309,call,825.0,20.195,20.15,20.24,745.6400146484375,1,49,0.17379824012756348,0.04,0.013
SPY,2026-05-25,2027-03-31,309,call,830.0,18.6,18.55,18.65,745.6400146484375,17,57,0.1719672037506104,0.04,0.013
SPY,2026-05-25,2027-03-31,309,call,835.0,17.115000000000002,17.07,17.16,745.6400146484375,1,139,0.17023534851074223,0.04,0.013
SPY,2026-05-25,2027-03-31,309,call,840.0,15.725,15.68,15.77,745.6400146484375,15,197,0.16861030372619631,0.04,0.013
SPY,2026-05-25,2027-03-31,309,call,845.0,14.435,14.39,14.48,745.6400146484375,1,36,0.1671073280334473,0.04,0.013
SPY,2026-05-25,2027-03-31,309,call,850.0,13.239999999999998,13.2,13.28,745.6400146484375,1,75,0.16570353347778322,0.04,0.013
SPY,2026-05-25,2027-03-31,309,call,855.0,12.129999999999999,12.09,12.17,745.6400146484375,1,33,0.16439892005920412,0.04,0.013
SPY,2026-05-25,2027-03-31,309,call,860.0,11.105,11.06,11.15,745.6400146484375,1,13,0.16323163436889648,0.04,0.013
SPY,2026-05-25,2027-03-31,309,call,865.0,10.149999999999999,10.11,10.19,745.6400146484375,17,6,0.16205671936035154,0.04,0.013
SPY,2026-05-25,2027-03-31,309,call,870.0,9.275,9.23,9.32,745.6400146484375,11,418,0.16104964935302735,0.04,0.013
SPY,2026-05-25,2027-03-31,309,call,875.0,8.46,8.42,8.5,745.6400146484375,40,96,0.16001206207275392,0.04,0.013
SPY,2026-05-25,2027-03-31,309,call,880.0,7.715,7.68,7.75,745.6400146484375,1,153,0.15907365592956543,0.04,0.013
SPY,2026-05-25,2027-03-31,309,call,885.0,7.025,6.99,7.06,745.6400146484375,6,19,0.1581962843322754,0.04,0.013
SPY,2026-05-25,2027-03-31,309,call,890.0,6.39,6.35,6.43,745.6400146484375,1,56,0.15740283523559573,0.04,0.013
SPY,2026-05-25,2027-03-31,309,call,895.0,5.805,5.77,5.84,745.6400146484375,4,713,0.15657886886596684,0.04,0.013
SPY,2026-05-25,2027-03-31,309,call,900.0,5.275,5.24,5.31,745.6400146484375,10,161,0.15589223022460938,0.04,0.013
SPY,2026-05-25,2027-03-31,309,call,905.0,4.785,4.75,4.82,745.6400146484375,45,71,0.15520559158325198,0.04,0.013
SPY,2026-05-25,2027-03-31,309,call,910.0,4.335,4.3,4.37,745.6400146484375,129,401,0.15454947021484378,0.04,0.013
SPY,2026-05-25,2027-03-31,309,call,915.0,3.9299999999999997,3.9,3.96,745.6400146484375,1,18,0.15393912475585939,0.04,0.013
SPY,2026-05-25,2027-03-31,309,call,920.0,3.5599999999999996,3.53,3.59,745.6400146484375,1,261,0.15342033111572267,0.04,0.013
SPY,2026-05-25,2027-03-31,309,call,925.0,3.2199999999999998,3.19,3.25,745.6400146484375,126,633,0.152901537475586,0.04,0.013
SPY,2026-05-25,2027-03-31,309,call,930.0,2.92,2.89,2.95,745.6400146484375,259,644,0.15253533020019533,0.04,0.013
SPY,2026-05-25,2027-03-31,309,call,935.0,2.645,2.62,2.67,745.6400146484375,4,641,0.15210808837890627,0.04,0.013
SPY,2026-05-25,2027-03-31,309,call,940.0,2.395,2.37,2.42,745.6400146484375,203,7,0.15178765701293945,0.04,0.013
SPY,2026-05-25,2027-03-31,309,call,945.0,2.175,2.15,2.2,745.6400146484375,2,2,0.15158929473876953,0.04,0.013
SPY,2026-05-25,2027-03-31,309,call,950.0,1.975,1.95,2.0,745.6400146484375,1,4,0.15140619110107423,0.04,0.013
SPY,2026-05-25,2027-03-31,309,call,960.0,1.63,1.61,1.65,745.6400146484375,8,10,0.15110101837158207,0.04,0.013
SPY,2026-05-25,2027-06-17,387,call,50.0,696.06,693.62,698.5,745.6400146484375,1,30,1.0595750146484377,0.04,0.013
SPY,2026-05-25,2027-06-17,387,call,60.0,686.075,683.65,688.5,745.6400146484375,1,3,0.9877930908203125,0.04,0.013
SPY,2026-05-25,2027-06-17,387,call,110.0,601.25,599.0,603.5,745.6400146484375,0,0,1.0000000000000003e-05,0.04,0.013
SPY,2026-05-25,2027-06-17,387,call,115.0,596.25,594.0,598.5,745.6400146484375,0,0,1.0000000000000003e-05,0.04,0.013
SPY,2026-05-25,2027-06-17,387,call,120.0,591.4549999999999,589.0,593.91,745.6400146484375,0,0,1.0000000000000003e-05,0.04,0.013
SPY,2026-05-25,2027-06-17,387,call,125.0,586.47,584.0,588.94,745.6400146484375,0,0,1.0000000000000003e-05,0.04,0.013
SPY,2026-05-25,2027-06-17,387,call,130.0,581.485,579.0,583.97,745.6400146484375,0,0,1.0000000000000003e-05,0.04,0.013
SPY,2026-05-25,2027-06-17,387,call,135.0,576.495,574.0,578.99,745.6400146484375,0,0,1.0000000000000003e-05,0.04,0.013
SPY,2026-05-25,2027-06-17,387,call,200.0,549.635,547.77,551.5,745.6400146484375,1,100,0.7121000469970704,0.04,0.013
SPY,2026-05-25,2027-06-17,387,call,205.0,544.97,543.03,546.91,745.6400146484375,1,100,0.7100248724365235,0.04,0.013
SPY,2026-05-25,2027-06-17,387,call,245.0,507.075,505.15,509.0,745.6400146484375,2,2,0.668643450317383,0.04,0.013
SPY,2026-05-25,2027-06-17,387,call,250.0,502.36,500.42,504.3,745.6400146484375,2,8,0.6635165484619143,0.04,0.013
SPY,2026-05-25,2027-06-17,387,call,280.0,405.5,403.0,408.0,745.6400146484375,1,1,1.0000000000000003e-05,0.04,0.013
SPY,2026-05-25,2027-06-17,387,call,300.0,455.115,453.23,457.0,745.6400146484375,1,14,0.6080666635131836,0.04,0.013
SPY,2026-05-25,2027-06-17,387,call,305.0,450.46,448.52,452.4,745.6400146484375,0,50,0.6034585552978518,0.04,0.013
SPY,2026-05-25,2027-06-17,387,call,310.0,384.92,0.0,0.0,745.6400146484375,1,0,1.0000000000000003e-05,0.04,0.013
SPY,2026-05-25,2027-06-17,387,call,330.0,341.02,0.0,0.0,745.6400146484375,0,0,1.0000000000000003e-05,0.04,0.013
SPY,2026-05-25,2027-06-17,387,call,340.0,417.54,415.6,419.48,745.6400146484375,1,3,0.5657392059326172,0.04,0.013
SPY,2026-05-25,2027-06-17,387,call,345.0,412.85,410.91,414.79,745.6400146484375,1,3,0.5604597177124023,0.04,0.013
SPY,2026-05-25,2027-06-17,387,call,350.0,408.16,406.22,410.1,745.6400146484375,1,7,0.5552107467651368,0.04,0.013
SPY,2026-05-25,2027-06-17,387,call,355.0,403.47,401.53,405.41,745.6400146484375,1,2,0.5499312585449221,0.04,0.013
SPY,2026-05-25,2027-06-17,387,call,360.0,398.78,396.84,400.72,745.6400146484375,1,48,0.544651770324707,0.04,0.013
SPY,2026-05-25,2027-06-17,387,call,365.0,359.61,357.22,362.0,745.6400146484375,0,1,1.0000000000000003e-05,0.04,0.013
SPY,2026-05-25,2027-06-17,387,call,370.0,389.42,387.48,391.36,745.6400146484375,2,5,0.5343216734313965,0.04,0.013
SPY,2026-05-25,2027-06-17,387,call,375.0,384.74,382.8,386.68,745.6400146484375,2,30,0.529148995666504,0.04,0.013
SPY,2026-05-25,2027-06-17,387,call,380.0,380.06,378.12,382.0,745.6400146484375,1,10,0.5239610592651367,0.04,0.013
SPY,2026-05-25,2027-06-17,387,call,385.0,375.39,373.45,377.33,745.6400146484375,2,0,0.5188646746826171,0.04,0.013
SPY,2026-05-25,2027-06-17,387,call,390.0,370.72,368.78,372.66,745.6400146484375,2,6,0.5137835487365723,0.04,0.013
SPY,2026-05-25,2027-06-17,387,call,400.0,361.4,359.46,363.34,745.6400146484375,3,25,0.503758624572754,0.04,0.013
SPY,2026-05-25,2027-06-17,387,call,405.0,349.22,347.44,351.0,745.6400146484375,1,1,0.4411982150268554,0.04,0.013
SPY,2026-05-25,2027-06-17,387,call,410.0,352.09,350.15,354.03,745.6400146484375,1,1,0.5108996664428712,0.04,0.013
SPY,2026-05-25,2027-06-17,387,call,420.0,342.8,340.86,344.74,745.6400146484375,52,10,0.5004169831848146,0.04,0.013
SPY,2026-05-25,2027-06-17,387,call,425.0,330.71500000000003,328.93,332.5,745.6400146484375,0,10,0.42757225265502935,0.04,0.013
SPY,2026-05-25,2027-06-17,387,call,430.0,333.53,331.59,335.47,745.6400146484375,1,2,0.490086886291504,0.04,0.013
SPY,2026-05-25,2027-06-17,387,call,435.0,328.91,326.97,330.85,745.6400146484375,1,16,0.48503627761840823,0.04,0.013
SPY,2026-05-25,2027-06-17,387,call,440.0,324.29,322.35,326.23,745.6400146484375,1,43,0.47998566894531247,0.04,0.013
SPY,2026-05-25,2027-06-17,387,call,445.0,319.68,317.74,321.62,745.6400146484375,6,21,0.4750113534545898,0.04,0.013
SPY,2026-05-25,2027-06-17,387,call,450.0,315.065,313.13,317.0,745.6400146484375,1,77,0.46994548614501963,0.04,0.013
SPY,2026-05-25,2027-06-17,387,call,455.0,310.47,308.53,312.41,745.6400146484375,1,3,0.4650932397460938,0.04,0.013
SPY,2026-05-25,2027-06-17,387,call,460.0,305.88,303.94,307.82,745.6400146484375,1,5,0.46024099334716795,0.04,0.013
SPY,2026-05-25,2027-06-17,387,call,465.0,301.29,299.35,303.23,745.6400146484375,1,10,0.45535822967529294,0.04,0.013
SPY,2026-05-25,2027-06-17,387,call,470.0,296.71,294.77,298.65,745.6400146484375,8,13,0.450551759185791,0.04,0.013
SPY,2026-05-25,2027-06-17,387,call,475.0,292.14,290.2,294.08,745.6400146484375,1,26,0.44578343528747555,0.04,0.013
SPY,2026-05-25,2027-06-17,387,call,480.0,287.57,285.63,289.51,745.6400146484375,3,4,0.4410074820709229,0.04,0.013
SPY,2026-05-25,2027-06-17,387,call,485.0,283.01,281.07,284.95,745.6400146484375,5,1,0.43628493408203123,0.04,0.013
SPY,2026-05-25,2027-06-17,387,call,490.0,278.46,276.52,280.4,745.6400146484375,1,16,0.43160053268432624,0.04,0.013
SPY,2026-05-25,2027-06-17,387,call,495.0,273.92,271.98,275.86,745.6400146484375,7,11,0.42696190719604504,0.04,0.013
SPY,2026-05-25,2027-06-17,387,call,500.0,269.39,267.45,271.33,745.6400146484375,4,126,0.42236905761718746,0.04,0.013
SPY,2026-05-25,2027-06-17,387,call,505.0,264.87,262.93,266.81,745.6400146484375,1,3,0.41782198394775383,0.04,0.013
SPY,2026-05-25,2027-06-17,387,call,510.0,260.37,258.43,262.31,745.6400146484375,2,11,0.4133588327789306,0.04,0.013
SPY,2026-05-25,2027-06-17,387,call,515.0,255.87,253.93,257.81,745.6400146484375,8,21,0.40887279365539553,0.04,0.013
SPY,2026-05-25,2027-06-17,387,call,520.0,251.39,249.45,253.33,745.6400146484375,2,9,0.4044706770324707,0.04,0.013
SPY,2026-05-25,2027-06-17,387,call,525.0,246.91,244.97,248.85,745.6400146484375,1,10,0.400045672454834,0.04,0.013
SPY,2026-05-25,2027-06-17,387,call,530.0,242.45,240.51,244.39,745.6400146484375,2,18,0.3956969610595704,0.04,0.013
SPY,2026-05-25,2027-06-17,387,call,535.0,238.01,236.07,239.95,745.6400146484375,2,20,0.3914321721649169,0.04,0.013
SPY,2026-05-25,2027-06-17,387,call,540.0,233.57999999999998,231.64,235.52,745.6400146484375,8,69,0.38718264190673823,0.04,0.013
SPY,2026-05-25,2027-06-17,387,call,545.0,229.16,227.22,231.1,745.6400146484375,1,352,0.38294074096679687,0.04,0.013
SPY,2026-05-25,2027-06-17,387,call,550.0,224.75,222.81,226.69,745.6400146484375,5,867,0.37872172798156734,0.04,0.013
SPY,2026-05-25,2027-06-17,387,call,555.0,220.36,218.42,222.3,745.6400146484375,20,402,0.3745637495422363,0.04,0.013
SPY,2026-05-25,2027-06-17,387,call,560.0,215.98,214.04,217.92,745.6400146484375,1,91,0.3704134004211425,0.04,0.013
SPY,2026-05-25,2027-06-17,387,call,565.0,211.62,209.68,213.56,745.6400146484375,1,17,0.3663240858459473,0.04,0.013
SPY,2026-05-25,2027-06-17,387,call,570.0,207.27,205.33,209.21,745.6400146484375,2,48,0.36223477127075193,0.04,0.013
SPY,2026-05-25,2027-06-17,387,call,575.0,202.95,201.01,204.89,745.6400146484375,1,27,0.35823700851440426,0.04,0.013
SPY,2026-05-25,2027-06-17,387,call,580.0,198.64,196.7,200.58,745.6400146484375,1,97,0.3542468750762938,0.04,0.013
SPY,2026-05-25,2027-06-17,387,call,585.0,194.35,192.41,196.29,745.6400146484375,1,13,0.35029488822937005,0.04,0.013
SPY,2026-05-25,2027-06-17,387,call,590.0,190.07999999999998,188.14,192.02,745.6400146484375,7,77,0.3463810479736328,0.04,0.013
SPY,2026-05-25,2027-06-17,387,call,595.0,185.82999999999998,183.89,187.77,745.6400146484375,4,19,0.34249772499084474,0.04,0.013
SPY,2026-05-25,2027-06-17,387,call,600.0,181.6,179.66,183.54,745.6400146484375,1,234,0.3386449192810058,0.04,0.013
SPY,2026-05-25,2027-06-17,387,call,605.0,177.39,175.45,179.33,745.6400146484375,2,37,0.3348226308441161,0.04,0.013
SPY,2026-05-25,2027-06-17,387,call,610.0,173.19,171.25,175.13,745.6400146484375,1,419,0.3309774544525146,0.04,0.013
SPY,2026-05-25,2027-06-17,387,call,615.0,169.02,167.08,170.96,745.6400146484375,2,51,0.32720094192504884,0.04,0.013
SPY,2026-05-25,2027-06-17,387,call,620.0,164.87,162.97,166.77,745.6400146484375,1,221,0.32327184303283685,0.04,0.013
SPY,2026-05-25,2027-06-17,387,call,625.0,160.75,158.81,162.69,745.6400146484375,6,90,0.31973946868896475,0.04,0.013
SPY,2026-05-25,2027-06-17,387,call,630.0,156.645,154.74,158.55,745.6400146484375,6,61,0.3158790336608886,0.04,0.013
SPY,2026-05-25,2027-06-17,387,call,635.0,152.57999999999998,150.64,154.52,745.6400146484375,7,87,0.31239243522644033,0.04,0.013
SPY,2026-05-25,2027-06-17,387,call,640.0,148.52,146.58,150.46,745.6400146484375,4,580,0.30870747451782227,0.04,0.013
SPY,2026-05-25,2027-06-17,387,call,645.0,144.5,142.56,146.44,745.6400146484375,2,287,0.30510643630981443,0.04,0.013
SPY,2026-05-25,2027-06-17,387,call,650.0,140.49,138.55,142.43,745.6400146484375,10,826,0.30145962219238287,0.04,0.013
SPY,2026-05-25,2027-06-17,387,call,655.0,136.52,134.58,138.46,745.6400146484375,1,362,0.2978814719390869,0.04,0.013
SPY,2026-05-25,2027-06-17,387,call,660.0,132.57999999999998,130.64,134.52,745.6400146484375,2,564,0.29433383895874016,0.04,0.013
SPY,2026-05-25,2027-06-17,387,call,665.0,128.66,126.72,130.6,745.6400146484375,7,134,0.2907709473419189,0.04,0.013
SPY,2026-05-25,2027-06-17,387,call,670.0,124.78,122.84,126.72,745.6400146484375,4,568,0.28726146095275873,0.04,0.013
SPY,2026-05-25,2027-06-17,387,call,675.0,120.92,118.98,122.86,745.6400146484375,8,504,0.2837290866088866,0.04,0.013
SPY,2026-05-25,2027-06-17,387,call,680.0,117.1,115.16,119.04,745.6400146484375,7,1785,0.2802501174926757,0.04,0.013
SPY,2026-05-25,2027-06-17,387,call,685.0,113.28999999999999,111.37,115.21,745.6400146484375,1,199,0.27662619132995603,0.04,0.013
SPY,2026-05-25,2027-06-17,387,call,690.0,109.525,107.61,111.44,745.6400146484375,3,840,0.2731243342590332,0.04,0.013
SPY,2026-05-25,2027-06-17,387,call,695.0,105.82,103.88,107.76,745.6400146484375,13,261,0.2698208394622802,0.04,0.013
SPY,2026-05-25,2027-06-17,387,call,700.0,102.125,100.22,104.03,745.6400146484375,20,2744,0.26623505989074714,0.04,0.013
SPY,2026-05-25,2027-06-17,387,call,705.0,98.46000000000001,96.54,100.38,745.6400146484375,1,480,0.26281712532043466,0.04,0.013
SPY,2026-05-25,2027-06-17,387,call,710.0,94.87,92.93,96.81,745.6400146484375,6,388,0.2595517771148682,0.04,0.013
SPY,2026-05-25,2027-06-17,387,call,715.0,91.27,89.35,93.19,745.6400146484375,4,263,0.2559927001571655,0.04,0.013
SPY,2026-05-25,2027-06-17,387,call,720.0,87.75999999999999,85.82,89.7,745.6400146484375,1,698,0.2527464252471924,0.04,0.013
SPY,2026-05-25,2027-06-17,387,call,725.0,84.265,82.35,86.18,745.6400146484375,23,1153,0.24926745613098142,0.04,0.013
SPY,2026-05-25,2027-06-17,387,call,730.0,80.225,78.95,81.5,745.6400146484375,47,883,0.24180216823577882,0.04,0.013
SPY,2026-05-25,2027-06-17,387,call,735.0,77.1,75.54,78.66,745.6400146484375,2,593,0.24032589515686034,0.04,0.013
SPY,2026-05-25,2027-06-17,387,call,740.0,74.16,72.22,76.1,745.6400146484375,4,940,0.23960110992431638,0.04,0.013
SPY,2026-05-25,2027-06-17,387,call,745.0,70.89,68.95,72.83,745.6400146484375,24,755,0.23638153762817382,0.04,0.013
SPY,2026-05-25,2027-06-17,387,call,750.0,67.68,65.74,69.62,745.6400146484375,14,1062,0.2332077412414551,0.04,0.013
SPY,2026-05-25,2027-06-17,387,call,755.0,64.54,62.6,66.48,745.6400146484375,4,1391,0.23009497940063478,0.04,0.013
SPY,2026-05-25,2027-06-17,387,call,760.0,61.6,60.0,63.2,745.6400146484375,3,1162,0.2263642427825928,0.04,0.013
SPY,2026-05-25,2027-06-17,387,call,765.0,58.6,56.82,60.38,745.6400146484375,4,1338,0.22395719287872312,0.04,0.013
SPY,2026-05-25,2027-06-17,387,call,770.0,55.56,55.5,55.62,745.6400146484375,3,620,0.21505759315490722,0.04,0.013
SPY,2026-05-25,2027-06-17,387,call,775.0,52.7,52.64,52.76,745.6400146484375,4,1271,0.21215082290649412,0.04,0.013
SPY,2026-05-25,2027-06-17,387,call,780.0,49.91,49.85,49.97,745.6400146484375,115,2329,0.20928219924926755,0.04,0.013
SPY,2026-05-25,2027-06-17,387,call,785.0,47.205,47.15,47.26,745.6400146484375,20,1464,0.20646698081970208,0.04,0.013
SPY,2026-05-25,2027-06-17,387,call,790.0,44.585,44.53,44.64,745.6400146484375,34,499,0.20373568489074706,0.04,0.013
SPY,2026-05-25,2027-06-17,387,call,795.0,42.045,41.99,42.1,745.6400146484375,19,702,0.2010577941894531,0.04,0.013
SPY,2026-05-25,2027-06-17,387,call,800.0,39.599999999999994,39.54,39.66,745.6400146484375,103,12479,0.19849434326171872,0.04,0.013
SPY,2026-05-25,2027-06-17,387,call,805.0,37.230000000000004,37.18,37.28,745.6400146484375,2,1530,0.1959080043792725,0.04,0.013
SPY,2026-05-25,2027-06-17,387,call,810.0,34.965,34.91,35.02,745.6400146484375,28,971,0.1934971398162842,0.04,0.013
SPY,2026-05-25,2027-06-17,387,call,815.0,32.795,32.74,32.85,745.6400146484375,2,1226,0.19115493911743164,0.04,0.013
SPY,2026-05-25,2027-06-17,387,call,820.0,30.71,30.66,30.76,745.6400146484375,12,807,0.18884707035064696,0.04,0.013
SPY,2026-05-25,2027-06-17,387,call,825.0,28.725,28.67,28.78,745.6400146484375,250,2266,0.18668415863037108,0.04,0.013
SPY,2026-05-25,2027-06-17,387,call,830.0,26.83,26.78,26.88,745.6400146484375,12,1537,0.1845555788421631,0.04,0.013
SPY,2026-05-25,2027-06-17,387,call,835.0,25.04,24.99,25.09,745.6400146484375,250,1823,0.18257958541870117,0.04,0.013
SPY,2026-05-25,2027-06-17,387,call,840.0,23.33,23.28,23.38,745.6400146484375,2,2466,0.1806417385864258,0.04,0.013
SPY,2026-05-25,2027-06-17,387,call,845.0,21.725,21.68,21.77,745.6400146484375,3,2361,0.17882596084594726,0.04,0.013
SPY,2026-05-25,2027-06-17,387,call,850.0,20.21,20.16,20.26,745.6400146484375,50,2235,0.1771322521972656,0.04,0.013
SPY,2026-05-25,2027-06-17,387,call,855.0,18.784999999999997,18.74,18.83,745.6400146484375,370,786,0.17550720741271972,0.04,0.013
SPY,2026-05-25,2027-06-17,387,call,860.0,17.455,17.41,17.5,745.6400146484375,5,691,0.17402711967468262,0.04,0.013
SPY,2026-05-25,2027-06-17,387,call,865.0,16.2,16.16,16.24,745.6400146484375,11,994,0.17258517852783206,0.04,0.013
SPY,2026-05-25,2027-06-17,387,call,870.0,15.030000000000001,14.99,15.07,745.6400146484375,1,479,0.17127293579101563,0.04,0.013
SPY,2026-05-25,2027-06-17,387,call,875.0,13.93,13.89,13.97,745.6400146484375,3,210,0.1700140982818604,0.04,0.013
SPY,2026-05-25,2027-06-17,387,call,880.0,12.899999999999999,12.86,12.94,745.6400146484375,51,5147,0.16882392463684084,0.04,0.013
SPY,2026-05-25,2027-06-17,387,call,885.0,11.940000000000001,11.9,11.98,745.6400146484375,22,8645,0.16771004417419436,0.04,0.013
SPY,2026-05-25,2027-06-17,387,call,890.0,11.05,11.01,11.09,745.6400146484375,1,10624,0.16669534484863285,0.04,0.013
SPY,2026-05-25,2027-06-17,387,call,895.0,10.21,10.17,10.25,745.6400146484375,1,12694,0.1656882748413086,0.04,0.013
SPY,2026-05-25,2027-06-17,387,call,900.0,9.435,9.4,9.47,745.6400146484375,147,7206,0.1647422393798828,0.04,0.013
SPY,2026-05-25,2027-06-17,387,call,905.0,8.705,8.67,8.74,745.6400146484375,194,4576,0.1638419798278809,0.04,0.013
SPY,2026-05-25,2027-06-17,387,call,910.0,8.035,8.0,8.07,745.6400146484375,1,1319,0.16303327209472657,0.04,0.013
SPY,2026-05-25,2027-06-17,387,call,915.0,7.405,7.37,7.44,745.6400146484375,64,2790,0.1622245643615723,0.04,0.013
SPY,2026-05-25,2027-06-17,387,call,920.0,6.8149999999999995,6.78,6.85,745.6400146484375,1,837,0.16143111526489257,0.04,0.013
SPY,2026-05-25,2027-06-17,387,call,925.0,6.275,6.24,6.31,745.6400146484375,1,596,0.16072921798706058,0.04,0.013
SPY,2026-05-25,2027-06-17,387,call,930.0,5.77,5.74,5.8,745.6400146484375,1,1503,0.1599968034362793,0.04,0.013
SPY,2026-05-25,2027-06-17,387,call,935.0,5.3100000000000005,5.28,5.34,745.6400146484375,46,320,0.1593864579772949,0.04,0.013
SPY,2026-05-25,2027-06-17,387,call,940.0,4.88,4.85,4.91,745.6400146484375,2,1270,0.1587913711547852,0.04,0.013
SPY,2026-05-25,2027-06-17,387,call,945.0,4.48,4.45,4.51,745.6400146484375,250,359,0.1581962843322754,0.04,0.013
SPY,2026-05-25,2027-06-17,387,call,950.0,4.12,4.09,4.15,745.6400146484375,57,543,0.1577232666015625,0.04,0.013
SPY,2026-05-25,2027-06-17,387,call,955.0,3.785,3.76,3.81,745.6400146484375,567,1055,0.1572044729614258,0.04,0.013
SPY,2026-05-25,2027-06-17,387,call,960.0,3.48,3.45,3.51,745.6400146484375,270,723,0.15685352432250982,0.04,0.013
SPY,2026-05-25,2027-06-17,387,call,965.0,3.1950000000000003,3.17,3.22,745.6400146484375,1,18,0.1563805065917969,0.04,0.013
SPY,2026-05-25,2027-06-17,387,call,970.0,2.9450000000000003,2.92,2.97,745.6400146484375,172,2159,0.15613636840820314,0.04,0.013
SPY,2026-05-25,2027-06-17,387,call,975.0,2.705,2.68,2.73,745.6400146484375,7,405,0.15580067840576173,0.04,0.013
SPY,2026-05-25,2027-06-17,387,call,980.0,2.495,2.47,2.52,745.6400146484375,11,1540,0.15564809204101562,0.04,0.013
SPY,2026-05-25,2027-06-17,387,call,985.0,2.3,2.28,2.32,745.6400146484375,126,200,0.1554039538574219,0.04,0.013
SPY,2026-05-25,2027-06-17,387,call,990.0,2.125,2.1,2.15,745.6400146484375,3,213,0.1554039538574219,0.04,0.013
SPY,2026-05-25,2027-06-17,387,call,995.0,1.96,1.94,1.98,745.6400146484375,517,130,0.1552208502197266,0.04,0.013
SPY,2026-05-25,2027-06-17,387,call,1000.0,1.815,1.79,1.84,745.6400146484375,174,3577,0.15528188476562502,0.04,0.013
SPY,2026-05-25,2027-06-17,387,call,1005.0,1.68,1.66,1.7,745.6400146484375,2,14,0.1552208502197266,0.04,0.013
SPY,2026-05-25,2027-06-17,387,call,1010.0,1.56,1.54,1.58,745.6400146484375,37,912,0.15534291931152344,0.04,0.013
SPY,2026-05-25,2027-06-17,387,call,1015.0,1.45,1.43,1.47,745.6400146484375,5,46,0.15546498840332032,0.04,0.013
SPY,2026-05-25,2027-06-17,387,call,1020.0,1.35,1.33,1.37,745.6400146484375,2,77,0.15564809204101562,0.04,0.013
SPY,2026-05-25,2027-06-17,387,call,1030.0,1.17,1.15,1.19,745.6400146484375,1,290,0.15604481658935548,0.04,0.013
SPY,2026-05-25,2027-06-17,387,call,1035.0,1.0950000000000002,1.08,1.11,745.6400146484375,0,45,0.1562584375,0.04,0.013
SPY,2026-05-25,2027-06-17,387,call,1040.0,1.025,1.01,1.04,745.6400146484375,5,113,0.15656361022949222,0.04,0.013
SPY,2026-05-25,2027-06-17,387,call,1050.0,0.895,0.88,0.91,745.6400146484375,5,51,0.15711292114257813,0.04,0.013
SPY,2026-05-25,2027-06-17,387,call,1060.0,0.79,0.78,0.8,745.6400146484375,4,315,0.15778430114746095,0.04,0.013
SPY,2026-05-25,2027-06-17,387,call,1070.0,0.7,0.69,0.71,745.6400146484375,4,242,0.15863878479003907,0.04,0.013
SPY,2026-05-25,2027-06-17,387,call,1080.0,0.625,0.61,0.64,745.6400146484375,10,377,0.15979844116210937,0.04,0.013
SPY,2026-05-25,2027-06-17,387,call,1090.0,0.5549999999999999,0.54,0.57,745.6400146484375,1,56,0.1606529248046875,0.04,0.013
SPY,2026-05-25,2027-06-17,387,call,1100.0,0.495,0.48,0.51,745.6400146484375,12,5319,0.16162947753906248,0.04,0.013
SPY,2026-05-25,2027-06-17,387,call,1110.0,0.445,0.43,0.46,745.6400146484375,4,102,0.16266706481933596,0.04,0.013
SPY,2026-05-25,2027-06-17,387,call,1120.0,0.405,0.39,0.42,745.6400146484375,5,2115,0.16394879028320314,0.04,0.013
SPY,2026-05-25,2027-06-17,387,call,1130.0,0.365,0.35,0.38,745.6400146484375,219,1263,0.165047412109375,0.04,0.013
SPY,2026-05-25,2027-06-17,387,call,1140.0,0.33,0.32,0.34,745.6400146484375,1,82,0.16577982666015628,0.04,0.013
SPY,2026-05-25,2027-06-17,387,call,1150.0,0.3,0.29,0.31,745.6400146484375,2,346,0.16700051757812504,0.04,0.013
SPY,2026-05-25,2027-06-17,387,call,1160.0,0.275,0.26,0.29,745.6400146484375,25,101,0.16858741577148442,0.04,0.013
SPY,2026-05-25,2027-06-17,387,call,1170.0,0.25,0.24,0.26,745.6400146484375,1,1081,0.16931983032226564,0.04,0.013
SPY,2026-05-25,2027-06-17,387,call,1180.0,0.22999999999999998,0.22,0.24,745.6400146484375,3,134,0.1706625903320313,0.04,0.013
SPY,2026-05-25,2027-06-17,387,call,1190.0,0.21000000000000002,0.2,0.22,745.6400146484375,1,38,0.17176121215820314,0.04,0.013
SPY,2026-05-25,2027-06-17,387,call,1200.0,0.195,0.18,0.21,745.6400146484375,81,116,0.17359224853515626,0.04,0.013
SPY,2026-05-25,2027-06-17,387,call,1210.0,0.18,0.17,0.19,745.6400146484375,1,576,0.17432466308593753,0.04,0.013
SPY,2026-05-25,2027-06-17,387,call,1220.0,0.16499999999999998,0.15,0.18,745.6400146484375,2,45,0.17603363037109376,0.04,0.013
SPY,2026-05-25,2027-06-17,387,call,1230.0,0.15500000000000003,0.14,0.17,745.6400146484375,1,214,0.17749845947265624,0.04,0.013
SPY,2026-05-25,2027-06-17,387,call,1240.0,0.1,0.09,0.11,745.6400146484375,10,12,0.1726156958007813,0.04,0.013
SPY,2026-05-25,2027-06-17,387,call,1250.0,0.135,0.12,0.15,745.6400146484375,2,326,0.18030604858398439,0.04,0.013
SPY,2026-05-25,2027-06-17,387,call,1260.0,0.125,0.11,0.14,745.6400146484375,6,18,0.18140467041015623,0.04,0.013
SPY,2026-05-25,2027-06-17,387,call,1270.0,0.12,0.11,0.13,745.6400146484375,1,67,0.18262536132812499,0.04,0.013
SPY,2026-05-25,2027-06-17,387,call,1280.0,0.115,0.1,0.13,745.6400146484375,1,4,0.18506674316406246,0.04,0.013
SPY,2026-05-25,2027-06-17,387,call,1290.0,0.105,0.09,0.12,745.6400146484375,7,1059,0.1860432958984375,0.04,0.013
SPY,2026-05-25,2027-06-17,387,call,1300.0,0.1,0.09,0.11,745.6400146484375,1,47,0.18677571044921876,0.04,0.013
SPY,2026-05-25,2027-06-17,387,call,1310.0,0.095,0.08,0.11,745.6400146484375,2,90,0.1889729541015625,0.04,0.013
SPY,2026-05-25,2027-06-17,387,call,1320.0,0.09,0.08,0.1,745.6400146484375,110,365,0.18946123046875002,0.04,0.013
SPY,2026-05-25,2027-06-17,387,call,1330.0,0.085,0.07,0.1,745.6400146484375,2,109,0.19190261230468753,0.04,0.013
SPY,2026-05-25,2027-06-17,387,call,1340.0,0.07500000000000001,0.07,0.08,745.6400146484375,1,1064,0.1901936450195313,0.04,0.013
SPY,2026-05-25,2027-09-17,479,call,50.0,696.0699999999999,693.64,698.5,745.6400146484375,3,3,0.9555668505859375,0.04,0.013
SPY,2026-05-25,2027-09-17,479,call,55.0,691.075,688.65,693.5,745.6400146484375,1,1,0.920899228515625,0.04,0.013
SPY,2026-05-25,2027-09-17,479,call,60.0,686.085,683.67,688.5,745.6400146484375,2,2,0.8906260937499999,0.04,0.013
SPY,2026-05-25,2027-09-17,479,call,70.0,584.99,0.0,0.0,745.6400146484375,1,0,1.0000000000000003e-05,0.04,0.013
SPY,2026-05-25,2027-09-17,479,call,80.0,666.25,664.0,668.5,745.6400146484375,1,1,0.815431533203125,0.04,0.013
SPY,2026-05-25,2027-09-17,479,call,85.0,661.25,659.0,663.5,745.6400146484375,1,1,0.7924825439453125,0.04,0.013
SPY,2026-05-25,2027-09-17,479,call,125.0,621.4449999999999,619.0,623.89,745.6400146484375,1,1,0.6726106958007814,0.04,0.013
SPY,2026-05-25,2027-09-17,479,call,215.0,441.0,0.0,0.0,745.6400146484375,0,0,1.0000000000000003e-05,0.04,0.013
SPY,2026-05-25,2027-09-17,479,call,375.0,387.615,385.23,390.0,745.6400146484375,0,1,0.5019886227416993,0.04,0.013
SPY,2026-05-25,2027-09-17,479,call,380.0,375.365,373.23,377.5,745.6400146484375,1,0,0.4466302896118164,0.04,0.013
SPY,2026-05-25,2027-09-17,479,call,410.0,355.59000000000003,353.18,358.0,745.6400146484375,0,1,0.48920188537597664,0.04,0.013
SPY,2026-05-25,2027-09-17,479,call,460.0,310.46000000000004,308.0,312.92,745.6400146484375,0,1,0.4455469264221191,0.04,0.013
SPY,2026-05-25,2027-09-17,479,call,485.0,288.055,285.61,290.5,745.6400146484375,1,2,0.4239178092193604,0.04,0.013
SPY,2026-05-25,2027-09-17,479,call,490.0,283.58500000000004,281.17,286.0,745.6400146484375,0,2,0.41946228736877444,0.04,0.013
SPY,2026-05-25,2027-09-17,479,call,500.0,274.66999999999996,272.34,277.0,745.6400146484375,2,1,0.410513097076416,0.04,0.013
SPY,2026-05-25,2027-09-17,479,call,505.0,270.445,268.0,272.89,745.6400146484375,2,0,0.4080411979675293,0.04,0.013
SPY,2026-05-25,2027-09-17,479,call,510.0,266.03,263.56,268.5,745.6400146484375,1,7,0.4040663231658935,0.04,0.013
SPY,2026-05-25,2027-09-17,479,call,515.0,261.595,259.19,264.0,745.6400146484375,1,2,0.3995116201782227,0.04,0.013
SPY,2026-05-25,2027-09-17,479,call,520.0,257.15999999999997,254.82,259.5,745.6400146484375,3,4,0.3949569171905518,0.04,0.013
SPY,2026-05-25,2027-09-17,479,call,525.0,252.985,250.5,255.47,745.6400146484375,5,1,0.39266049240112305,0.04,0.013
SPY,2026-05-25,2027-09-17,479,call,530.0,248.57,246.14,251.0,745.6400146484375,5,5,0.3881897119140625,0.04,0.013
SPY,2026-05-25,2027-09-17,479,call,535.0,237.07,235.14,239.0,745.6400146484375,0,2,0.3473423420715332,0.04,0.013
SPY,2026-05-25,2027-09-17,479,call,540.0,232.685,230.87,234.5,745.6400146484375,1,3,0.34325302749633785,0.04,0.013
SPY,2026-05-25,2027-09-17,479,call,545.0,235.61,233.22,238.0,745.6400146484375,1,0,0.3765626309204102,0.04,0.013
SPY,2026-05-25,2027-09-17,479,call,550.0,231.22,228.94,233.5,745.6400146484375,1,19,0.3718706002044677,0.04,0.013
SPY,2026-05-25,2027-09-17,479,call,555.0,227.09,224.68,229.5,745.6400146484375,1,4,0.3693834424591065,0.04,0.013
SPY,2026-05-25,2027-09-17,479,call,560.0,222.715,220.43,225.0,745.6400146484375,5,11,0.36463800651550293,0.04,0.013
SPY,2026-05-25,2027-09-17,479,call,565.0,218.595,216.19,221.0,745.6400146484375,1,5,0.36203640899658207,0.04,0.013
SPY,2026-05-25,2027-09-17,479,call,570.0,214.24,211.98,216.5,745.6400146484375,2,5,0.3572451971435546,0.04,0.013
SPY,2026-05-25,2027-09-17,479,call,575.0,210.14,207.78,212.5,745.6400146484375,1,11,0.35452153053283686,0.04,0.013
SPY,2026-05-25,2027-09-17,479,call,580.0,206.01999999999998,203.62,208.42,745.6400146484375,2,1,0.35140876869201654,0.04,0.013
SPY,2026-05-25,2027-09-17,479,call,585.0,115.15,0.0,0.0,745.6400146484375,4,0,1.0000000000000003e-05,0.04,0.013
SPY,2026-05-25,2027-09-17,479,call,590.0,197.64499999999998,195.29,200.0,745.6400146484375,1,6,0.3439625540924073,0.04,0.013
SPY,2026-05-25,2027-09-17,479,call,595.0,187.01,185.02,189.0,745.6400146484375,1,9,0.3130409272766113,0.04,0.013
SPY,2026-05-25,2027-09-17,479,call,600.0,189.53,187.06,192.0,745.6400146484375,1,64,0.337973539276123,0.04,0.013
SPY,2026-05-25,2027-09-17,479,call,605.0,185.235,182.97,187.5,745.6400146484375,1,454,0.33296107719421386,0.04,0.013
SPY,2026-05-25,2027-09-17,479,call,610.0,181.20499999999998,178.91,183.5,745.6400146484375,3,6,0.32983305671691887,0.04,0.013
SPY,2026-05-25,2027-09-17,479,call,615.0,177.18,174.86,179.5,745.6400146484375,1,19,0.32663637237548826,0.04,0.013
SPY,2026-05-25,2027-09-17,479,call,620.0,173.17000000000002,170.84,175.5,745.6400146484375,5,6,0.3233862828063964,0.04,0.013
SPY,2026-05-25,2027-09-17,479,call,625.0,169.17000000000002,166.84,171.5,745.6400146484375,1,4,0.32006752937316885,0.04,0.013
SPY,2026-05-25,2027-09-17,479,call,630.0,165.18,162.86,167.5,745.6400146484375,3,33,0.3166877413940429,0.04,0.013
SPY,2026-05-25,2027-09-17,479,call,635.0,161.2,158.9,163.5,745.6400146484375,1,5,0.31324691886901856,0.04,0.013
SPY,2026-05-25,2027-09-17,479,call,640.0,157.235,154.97,159.5,745.6400146484375,7,95,0.3097488764572144,0.04,0.013
SPY,2026-05-25,2027-09-17,479,call,645.0,153.28,151.06,155.5,745.6400146484375,5,15,0.30618979949951175,0.04,0.013
SPY,2026-05-25,2027-09-17,479,call,650.0,149.59,147.18,152.0,745.6400146484375,1,220,0.30428246994018554,0.04,0.013
SPY,2026-05-25,2027-09-17,479,call,655.0,145.67000000000002,143.34,148.0,745.6400146484375,2,582,0.30057843593597405,0.04,0.013
SPY,2026-05-25,2027-09-17,479,call,660.0,141.745,139.49,144.0,745.6400146484375,16,39,0.2968133673858643,0.04,0.013
SPY,2026-05-25,2027-09-17,479,call,665.0,138.095,135.69,140.5,745.6400146484375,5,14,0.2946504556655884,0.04,0.013
SPY,2026-05-25,2027-09-17,479,call,670.0,134.20499999999998,131.91,136.5,745.6400146484375,5,91,0.29074043006896966,0.04,0.013
SPY,2026-05-25,2027-09-17,479,call,675.0,130.57999999999998,128.16,133.0,745.6400146484375,1,20,0.28840585868835433,0.04,0.013
SPY,2026-05-25,2027-09-17,479,call,680.0,126.72,124.44,129.0,745.6400146484375,7,1316,0.28435469070434566,0.04,0.013
SPY,2026-05-25,2027-09-17,479,call,685.0,123.125,120.75,125.5,745.6400146484375,7,42,0.28183701568603514,0.04,0.013
SPY,2026-05-25,2027-09-17,479,call,690.0,119.305,117.11,121.5,745.6400146484375,1,20,0.2776408906555175,0.04,0.013
SPY,2026-05-25,2027-09-17,479,call,695.0,115.72999999999999,113.46,118.0,745.6400146484375,1,17,0.27495537063598635,0.04,0.013
SPY,2026-05-25,2027-09-17,479,call,700.0,112.185,109.87,114.5,745.6400146484375,2,107,0.2721630401611328,0.04,0.013
SPY,2026-05-25,2027-09-17,479,call,705.0,108.655,106.31,111.0,745.6400146484375,1,46,0.26928297252655026,0.04,0.013
SPY,2026-05-25,2027-09-17,479,call,710.0,105.14,102.78,107.5,745.6400146484375,1,41,0.26630372375488287,0.04,0.013
SPY,2026-05-25,2027-09-17,479,call,715.0,101.64,99.28,104.0,745.6400146484375,13,25,0.26322910850524905,0.04,0.013
SPY,2026-05-25,2027-09-17,479,call,720.0,98.16499999999999,95.83,100.5,745.6400146484375,4,34,0.26005149745941164,0.04,0.013
SPY,2026-05-25,2027-09-17,479,call,725.0,94.705,92.41,97.0,745.6400146484375,1,18,0.25677470527648927,0.04,0.013
SPY,2026-05-25,2027-09-17,479,call,730.0,91.27000000000001,89.04,93.5,745.6400146484375,1,28,0.25339873195648194,0.04,0.013
SPY,2026-05-25,2027-09-17,479,call,735.0,88.11500000000001,85.73,90.5,745.6400146484375,1,95,0.2514074798965454,0.04,0.013
SPY,2026-05-25,2027-09-17,479,call,740.0,84.71000000000001,82.42,87.0,745.6400146484375,1,140,0.24781025634765624,0.04,0.013
SPY,2026-05-25,2027-09-17,479,call,745.0,81.6,79.2,84.0,745.6400146484375,14,79,0.24558249542236327,0.04,0.013
SPY,2026-05-25,2027-09-17,479,call,750.0,78.5,76.0,81.0,745.6400146484375,22,153,0.24323266540527344,0.04,0.013
SPY,2026-05-25,2027-09-17,479,call,755.0,75.19,72.88,77.5,745.6400146484375,27,63,0.23929212253570553,0.04,0.013
SPY,2026-05-25,2027-09-17,479,call,760.0,72.14,69.78,74.5,745.6400146484375,4,284,0.2366943396759033,0.04,0.013
SPY,2026-05-25,2027-09-17,479,call,765.0,69.13,66.76,71.5,745.6400146484375,4,247,0.23397067306518554,0.04,0.013
SPY,2026-05-25,2027-09-17,479,call,770.0,66.15,63.8,68.5,745.6400146484375,6,97,0.23110967872619628,0.04,0.013
SPY,2026-05-25,2027-09-17,479,call,775.0,63.45,61.0,65.9,745.6400146484375,4,83,0.2292862716674805,0.04,0.013
SPY,2026-05-25,2027-09-17,479,call,780.0,60.555,60.49,60.62,745.6400146484375,16,152,0.21947496841430664,0.04,0.013
SPY,2026-05-25,2027-09-17,479,call,785.0,57.785,57.72,57.85,745.6400146484375,22,245,0.21685811225891113,0.04,0.013
SPY,2026-05-25,2027-09-17,479,call,790.0,55.075,55.01,55.14,745.6400146484375,6,498,0.2142641440582275,0.04,0.013
SPY,2026-05-25,2027-09-17,479,call,795.0,52.445,52.38,52.51,745.6400146484375,10,413,0.21174646903991698,0.04,0.013
SPY,2026-05-25,2027-09-17,479,call,800.0,49.88,49.81,49.95,745.6400146484375,17,101,0.20927456993103025,0.04,0.013
SPY,2026-05-25,2027-09-17,479,call,805.0,47.385000000000005,47.32,47.45,745.6400146484375,4,54,0.20681792945861813,0.04,0.013
SPY,2026-05-25,2027-09-17,479,call,810.0,44.974999999999994,44.91,45.04,745.6400146484375,13,29,0.204460470123291,0.04,0.013
SPY,2026-05-25,2027-09-17,479,call,815.0,42.625,42.56,42.69,745.6400146484375,217,709,0.20210682544708253,0.04,0.013
SPY,2026-05-25,2027-09-17,479,call,820.0,40.364999999999995,40.3,40.43,745.6400146484375,13,29,0.19985236190795896,0.04,0.013
SPY,2026-05-25,2027-09-17,479,call,825.0,38.18,38.12,38.24,745.6400146484375,2,70,0.19762841564178468,0.04,0.013
SPY,2026-05-25,2027-09-17,479,call,830.0,36.07,36.01,36.13,745.6400146484375,2,7,0.19547313323974608,0.04,0.013
SPY,2026-05-25,2027-09-17,479,call,835.0,34.05,33.99,34.11,745.6400146484375,1,86,0.19340558799743654,0.04,0.013
SPY,2026-05-25,2027-09-17,479,call,840.0,32.099999999999994,32.04,32.16,745.6400146484375,24,755,0.19137618934631348,0.04,0.013
SPY,2026-05-25,2027-09-17,479,call,845.0,30.240000000000002,30.18,30.3,745.6400146484375,2,183,0.1894383425140381,0.04,0.013
SPY,2026-05-25,2027-09-17,479,call,850.0,28.465,28.41,28.52,745.6400146484375,2,129,0.18757297420501706,0.04,0.013
SPY,2026-05-25,2027-09-17,479,call,855.0,26.759999999999998,26.7,26.82,745.6400146484375,1,440,0.1857762697601318,0.04,0.013
SPY,2026-05-25,2027-09-17,479,call,860.0,25.145,25.09,25.2,745.6400146484375,16,910,0.18404441452026365,0.04,0.013
SPY,2026-05-25,2027-09-17,479,call,865.0,23.6,23.54,23.66,745.6400146484375,112,142,0.18239648178100587,0.04,0.013
SPY,2026-05-25,2027-09-17,479,call,870.0,22.145,22.09,22.2,745.6400146484375,1,483,0.1808248422241211,0.04,0.013
SPY,2026-05-25,2027-09-17,479,call,875.0,20.765,20.71,20.82,745.6400146484375,370,813,0.17934475448608395,0.04,0.013
SPY,2026-05-25,2027-09-17,479,call,880.0,19.45,19.4,19.5,745.6400146484375,154,3075,0.17788755470275877,0.04,0.013
SPY,2026-05-25,2027-09-17,479,call,885.0,18.22,18.17,18.27,745.6400146484375,3,8,0.17656768264770512,0.04,0.013
SPY,2026-05-25,2027-09-17,479,call,890.0,17.045,16.99,17.1,745.6400146484375,3,423,0.17527832786560057,0.04,0.013
SPY,2026-05-25,2027-09-17,479,call,895.0,15.95,15.9,16.0,745.6400146484375,1,2,0.17406526626586916,0.04,0.013
SPY,2026-05-25,2027-09-17,479,call,900.0,14.91,14.86,14.96,745.6400146484375,5,2019,0.17290560989379883,0.04,0.013
SPY,2026-05-25,2027-09-17,479,call,905.0,13.93,13.88,13.98,745.6400146484375,7,35,0.17180698806762695,0.04,0.013
SPY,2026-05-25,2027-09-17,479,call,910.0,13.02,12.97,13.07,745.6400146484375,2,23,0.17080754737854006,0.04,0.013
SPY,2026-05-25,2027-09-17,479,call,915.0,12.149999999999999,12.1,12.2,745.6400146484375,1,12,0.16980047737121584,0.04,0.013
SPY,2026-05-25,2027-09-17,479,call,920.0,11.345,11.3,11.39,745.6400146484375,5,50,0.168877329864502,0.04,0.013
SPY,2026-05-25,2027-09-17,479,call,925.0,10.585,10.54,10.63,745.6400146484375,3,267,0.16800758758544926,0.04,0.013
SPY,2026-05-25,2027-09-17,479,call,930.0,9.870000000000001,9.82,9.92,745.6400146484375,4,464,0.16719887985229492,0.04,0.013
SPY,2026-05-25,2027-09-17,479,call,935.0,9.205,9.16,9.25,745.6400146484375,10,97,0.16640543075561526,0.04,0.013
SPY,2026-05-25,2027-09-17,479,call,940.0,8.575,8.53,8.62,745.6400146484375,1,232,0.16564249893188482,0.04,0.013
SPY,2026-05-25,2027-09-17,479,call,945.0,7.994999999999999,7.95,8.04,745.6400146484375,1,179,0.16497111892700195,0.04,0.013
SPY,2026-05-25,2027-09-17,479,call,950.0,7.45,7.41,7.49,745.6400146484375,12,85,0.16429973892211913,0.04,0.013
SPY,2026-05-25,2027-09-17,479,call,955.0,6.94,6.9,6.98,745.6400146484375,0,1,0.1636970227813721,0.04,0.013
SPY,2026-05-25,2027-09-17,479,call,960.0,6.46,6.42,6.5,745.6400146484375,10,20,0.16309430664062502,0.04,0.013
SPY,2026-05-25,2027-09-17,479,call,965.0,6.02,5.98,6.06,745.6400146484375,20,0,0.1625907716369629,0.04,0.013
SPY,2026-05-25,2027-09-17,479,call,970.0,5.61,5.57,5.65,745.6400146484375,10,48,0.1621253832244873,0.04,0.013
SPY,2026-05-25,2027-09-17,479,call,975.0,5.225,5.19,5.26,745.6400146484375,30,31,0.16162947753906248,0.04,0.013
SPY,2026-05-25,2027-09-17,479,call,980.0,4.87,4.83,4.91,745.6400146484375,34,3821,0.1612785289001465,0.04,0.013
SPY,2026-05-25,2027-09-17,479,call,985.0,4.545,4.51,4.58,745.6400146484375,32,6329,0.1609275802612305,0.04,0.013
SPY,2026-05-25,2027-09-17,479,call,990.0,4.234999999999999,4.2,4.27,745.6400146484375,20,4254,0.16057663162231445,0.04,0.013
SPY,2026-05-25,2027-09-17,479,call,995.0,3.955,3.92,3.99,745.6400146484375,2,2873,0.1603324934387207,0.04,0.013
SPY,2026-05-25,2027-09-17,479,call,1000.0,3.6950000000000003,3.66,3.73,745.6400146484375,6,3441,0.16011887252807616,0.04,0.013
SPY,2026-05-25,2027-09-17,479,call,1005.0,3.45,3.42,3.48,745.6400146484375,1,3434,0.1598594757080078,0.04,0.013
SPY,2026-05-25,2027-09-17,479,call,1010.0,3.2249999999999996,3.19,3.26,745.6400146484375,25,4836,0.15976792388916017,0.04,0.013
SPY,2026-05-25,2027-09-17,479,call,1015.0,3.02,2.99,3.05,745.6400146484375,8,1348,0.15963059616088865,0.04,0.013
SPY,2026-05-25,2027-09-17,479,call,1020.0,2.83,2.8,2.86,745.6400146484375,2,3412,0.1595848202514648,0.04,0.013
SPY,2026-05-25,2027-09-17,479,call,1025.0,2.6500000000000004,2.62,2.68,745.6400146484375,7,1116,0.1595237857055664,0.04,0.013
SPY,2026-05-25,2027-09-17,479,call,1030.0,2.49,2.46,2.52,745.6400146484375,31,638,0.1595695616149902,0.04,0.013
SPY,2026-05-25,2027-09-17,479,call,1035.0,2.34,2.31,2.37,745.6400146484375,64,216,0.15963059616088865,0.04,0.013
SPY,2026-05-25,2027-09-17,479,call,1040.0,2.2,2.17,2.23,745.6400146484375,249,526,0.15970688934326172,0.04,0.013
SPY,2026-05-25,2027-09-17,479,call,1045.0,2.0700000000000003,2.04,2.1,745.6400146484375,0,466,0.15982895843505857,0.04,0.013
SPY,2026-05-25,2027-09-17,479,call,1050.0,1.955,1.93,1.98,745.6400146484375,1,76,0.15996628616333008,0.04,0.013
SPY,2026-05-25,2027-09-17,479,call,1055.0,1.8450000000000002,1.82,1.87,745.6400146484375,0,821,0.1601646484375,0.04,0.013
SPY,2026-05-25,2027-09-17,479,call,1060.0,1.745,1.72,1.77,745.6400146484375,1,886,0.16040878662109376,0.04,0.013
SPY,2026-05-25,2027-09-17,479,call,1070.0,1.56,1.54,1.58,745.6400146484375,41,897,0.1608055111694336,0.04,0.013
SPY,2026-05-25,2027-09-17,479,call,1075.0,1.48,1.46,1.5,745.6400146484375,20,0,0.161141201171875,0.04,0.013
SPY,2026-05-25,2027-09-17,479,call,1080.0,1.4,1.38,1.42,745.6400146484375,1,232,0.16138533935546873,0.04,0.013
SPY,2026-05-25,2027-09-17,479,call,1085.0,1.33,1.31,1.35,745.6400146484375,0,5,0.16175154663085936,0.04,0.013
SPY,2026-05-25,2027-09-17,479,call,1090.0,1.27,1.25,1.29,745.6400146484375,1,369,0.16220930572509767,0.04,0.013
SPY,2026-05-25,2027-09-17,479,call,1100.0,1.15,1.13,1.17,745.6400146484375,5,48,0.16297223754882814,0.04,0.013
SPY,2026-05-25,2027-09-17,479,call,1110.0,1.045,1.03,1.06,745.6400146484375,5,5197,0.1637046520996094,0.04,0.013
SPY,2026-05-25,2027-09-17,479,call,1120.0,0.95,0.93,0.97,745.6400146484375,1,376,0.16462017028808595,0.04,0.013
SPY,2026-05-25,2027-09-17,479,call,1140.0,0.795,0.78,0.81,745.6400146484375,200,202,0.16632913757324225,0.04,0.013
SPY,2026-05-25,2027-09-17,479,call,1150.0,0.725,0.71,0.74,745.6400146484375,10,47,0.16718362121582034,0.04,0.013
SPY,2026-05-25,2027-09-17,479,call,1160.0,0.665,0.65,0.68,745.6400146484375,2,11,0.1680991394042969,0.04,0.013
SPY,2026-05-25,2027-09-17,479,call,1170.0,0.615,0.6,0.63,745.6400146484375,1,1,0.16913672668457033,0.04,0.013
SPY,2026-05-25,2027-09-17,479,call,1180.0,0.565,0.55,0.58,745.6400146484375,193,194,0.1700522448730469,0.04,0.013
SPY,2026-05-25,2027-09-17,479,call,1200.0,0.48,0.46,0.5,745.6400146484375,152,40,0.17212741943359378,0.04,0.013
SPY,2026-05-25,2027-09-17,479,call,1220.0,0.41500000000000004,0.4,0.43,745.6400146484375,1,1,0.17408052490234377,0.04,0.013
SPY,2026-05-25,2027-09-17,479,call,1230.0,0.385,0.37,0.4,745.6400146484375,95,97,0.17505707763671874,0.04,0.013
SPY,2026-05-25,2027-09-17,479,call,1240.0,0.355,0.34,0.37,745.6400146484375,0,1,0.17591156127929689,0.04,0.013
SPY,2026-05-25,2027-09-17,479,call,1250.0,0.32999999999999996,0.31,0.35,745.6400146484375,0,1,0.1772543212890625,0.04,0.013
SPY,2026-05-25,2027-09-17,479,call,1270.0,0.28500000000000003,0.27,0.3,745.6400146484375,1,1,0.17884121948242188,0.04,0.013
SPY,2026-05-25,2027-09-17,479,call,1280.0,0.265,0.25,0.28,745.6400146484375,1,21,0.179695703125,0.04,0.013
SPY,2026-05-25,2027-09-17,479,call,1290.0,0.255,0.24,0.27,745.6400146484375,0,0,0.18128260131835935,0.04,0.013
SPY,2026-05-25,2027-09-17,479,call,1300.0,0.235,0.22,0.25,745.6400146484375,33,187,0.18201501586914062,0.04,0.013
SPY,2026-05-25,2027-09-17,479,call,1480.0,0.095,0.08,0.11,745.6400146484375,130,0,0.20215641601562498,0.04,0.013
SPY,2026-05-25,2027-12-17,570,call,50.0,696.25,694.0,698.5,745.6400146484375,1,2,0.9157723266601563,0.04,0.013
SPY,2026-05-25,2027-12-17,570,call,55.0,636.735,634.5,638.97,745.6400146484375,2,0,1.0000000000000003e-05,0.04,0.013
SPY,2026-05-25,2027-12-17,570,call,85.0,653.25,651.0,655.5,745.6400146484375,2,2,1.0000000000000003e-05,0.04,0.013
SPY,2026-05-25,2027-12-17,570,call,95.0,562.9,0.0,0.0,745.6400146484375,0,0,1.0000000000000003e-05,0.04,0.013
SPY,2026-05-25,2027-12-17,570,call,100.0,611.25,609.0,613.5,745.6400146484375,50,1,1.0000000000000003e-05,0.04,0.013
SPY,2026-05-25,2027-12-17,570,call,125.0,556.3,0.0,0.0,745.6400146484375,1,0,1.0000000000000003e-05,0.04,0.013
SPY,2026-05-25,2027-12-17,570,call,200.0,551.335,549.67,553.0,745.6400146484375,1,327,0.6293372027587891,0.04,0.013
SPY,2026-05-25,2027-12-17,570,call,205.0,475.95,473.5,478.4,745.6400146484375,2,8,1.0000000000000003e-05,0.04,0.013
SPY,2026-05-25,2027-12-17,570,call,210.0,471.405,469.0,473.81,745.6400146484375,1,109,1.0000000000000003e-05,0.04,0.013
SPY,2026-05-25,2027-12-17,570,call,215.0,458.1,456.0,460.2,745.6400146484375,1,3,1.0000000000000003e-05,0.04,0.013
SPY,2026-05-25,2027-12-17,570,call,220.0,525.075,523.65,526.5,745.6400146484375,3,20,0.4278621667480469,0.04,0.013
SPY,2026-05-25,2027-12-17,570,call,225.0,327.0,0.0,0.0,745.6400146484375,0,0,1.0000000000000003e-05,0.04,0.013
SPY,2026-05-25,2027-12-17,570,call,230.0,523.745,521.99,525.5,745.6400146484375,1,4,0.6104775280761721,0.04,0.013
SPY,2026-05-25,2027-12-17,570,call,235.0,467.19,0.0,0.0,745.6400146484375,1,0,1.0000000000000003e-05,0.04,0.013
SPY,2026-05-25,2027-12-17,570,call,240.0,443.945,441.5,446.39,745.6400146484375,2,7,1.0000000000000003e-05,0.04,0.013
SPY,2026-05-25,2027-12-17,570,call,250.0,505.28999999999996,503.58,507.0,745.6400146484375,1,23,0.5938150970458984,0.04,0.013
SPY,2026-05-25,2027-12-17,570,call,255.0,422.12,420.0,424.24,745.6400146484375,2,19,1.0000000000000003e-05,0.04,0.013
SPY,2026-05-25,2027-12-17,570,call,260.0,496.195,494.39,498.0,745.6400146484375,1,14,0.5868571588134766,0.04,0.013
SPY,2026-05-25,2027-12-17,570,call,265.0,401.16,0.0,0.0,745.6400146484375,2,0,1.0000000000000003e-05,0.04,0.013
SPY,2026-05-25,2027-12-17,570,call,270.0,487.03,485.21,488.85,745.6400146484375,1,12,0.5785869778442383,0.04,0.013
SPY,2026-05-25,2027-12-17,570,call,275.0,428.015,425.53,430.5,745.6400146484375,5,5,1.0000000000000003e-05,0.04,0.013
SPY,2026-05-25,2027-12-17,570,call,280.0,477.765,476.03,479.5,745.6400146484375,1,10,0.5688824850463867,0.04,0.013
SPY,2026-05-25,2027-12-17,570,call,285.0,418.98,416.5,421.46,745.6400146484375,1,5,1.0000000000000003e-05,0.04,0.013
SPY,2026-05-25,2027-12-17,570,call,290.0,377.24,0.0,0.0,745.6400146484375,1,0,1.0000000000000003e-05,0.04,0.013
SPY,2026-05-25,2027-12-17,570,call,295.0,394.0,391.53,396.47,745.6400146484375,3,2,1.0000000000000003e-05,0.04,0.013
SPY,2026-05-25,2027-12-17,570,call,300.0,459.55499999999995,457.71,461.4,745.6400146484375,1,266,0.5528303994750977,0.04,0.013
SPY,2026-05-25,2027-12-17,570,call,305.0,384.98,382.51,387.45,745.6400146484375,6,5,1.0000000000000003e-05,0.04,0.013
SPY,2026-05-25,2027-12-17,570,call,310.0,366.18,363.86,368.5,745.6400146484375,15,26,1.0000000000000003e-05,0.04,0.013
SPY,2026-05-25,2027-12-17,570,call,315.0,355.95,0.0,0.0,745.6400146484375,2,0,1.0000000000000003e-05,0.04,0.013
SPY,2026-05-25,2027-12-17,570,call,320.0,353.17,0.0,0.0,745.6400146484375,2,0,1.0000000000000003e-05,0.04,0.013
SPY,2026-05-25,2027-12-17,570,call,325.0,436.69,434.88,438.5,745.6400146484375,2,6,0.5309189974975587,0.04,0.013
SPY,2026-05-25,2027-12-17,570,call,330.0,327.0,0.0,0.0,745.6400146484375,10,0,1.0000000000000003e-05,0.04,0.013
SPY,2026-05-25,2027-12-17,570,call,335.0,392.12,389.74,394.5,745.6400146484375,3,8,1.0000000000000003e-05,0.04,0.013
SPY,2026-05-25,2027-12-17,570,call,340.0,339.28499999999997,337.07,341.5,745.6400146484375,14,10,1.0000000000000003e-05,0.04,0.013
SPY,2026-05-25,2027-12-17,570,call,345.0,383.095,380.69,385.5,745.6400146484375,2,11,1.0000000000000003e-05,0.04,0.013
SPY,2026-05-25,2027-12-17,570,call,350.0,413.99,412.12,415.86,745.6400146484375,105,366,0.5100299241638184,0.04,0.013
SPY,2026-05-25,2027-12-17,570,call,355.0,340.12,337.74,342.5,745.6400146484375,1,100,1.0000000000000003e-05,0.04,0.013
SPY,2026-05-25,2027-12-17,570,call,360.0,349.26,0.0,0.0,745.6400146484375,1,0,1.0000000000000003e-05,0.04,0.013
SPY,2026-05-25,2027-12-17,570,call,365.0,400.395,398.52,402.27,745.6400146484375,1,14,0.5117846673583983,0.04,0.013
SPY,2026-05-25,2027-12-17,570,call,370.0,395.745,393.99,397.5,745.6400146484375,1,78,0.5055133677673338,0.04,0.013
SPY,2026-05-25,2027-12-17,570,call,375.0,391.23,389.46,393.0,745.6400146484375,1,44,0.5012562081909181,0.04,0.013
SPY,2026-05-25,2027-12-17,570,call,380.0,386.72,384.94,388.5,745.6400146484375,2,34,0.496999048614502,0.04,0.013
SPY,2026-05-25,2027-12-17,570,call,385.0,382.21500000000003,380.43,384.0,745.6400146484375,1,16,0.4927266304016114,0.04,0.013
SPY,2026-05-25,2027-12-17,570,call,390.0,316.41,0.0,0.0,745.6400146484375,1,0,1.0000000000000003e-05,0.04,0.013
SPY,2026-05-25,2027-12-17,570,call,395.0,365.83500000000004,364.17,367.5,745.6400146484375,5,27,0.4308223422241212,0.04,0.013
SPY,2026-05-25,2027-12-17,570,call,400.0,368.71000000000004,366.92,370.5,745.6400146484375,10,328,0.47986359985351557,0.04,0.013
SPY,2026-05-25,2027-12-17,570,call,405.0,364.21500000000003,362.43,366.0,745.6400146484375,2,68,0.47556066436767575,0.04,0.013
SPY,2026-05-25,2027-12-17,570,call,410.0,359.83500000000004,357.94,361.73,745.6400146484375,25,107,0.47270729934692385,0.04,0.013
SPY,2026-05-25,2027-12-17,570,call,415.0,355.365,353.47,357.26,745.6400146484375,25,62,0.4685493209075927,0.04,0.013
SPY,2026-05-25,2027-12-17,570,call,420.0,343.16499999999996,341.83,344.5,745.6400146484375,1,45,0.41107766662597656,0.04,0.013
SPY,2026-05-25,2027-12-17,570,call,425.0,346.42999999999995,344.53,348.33,745.6400146484375,25,105,0.4602715106201172,0.04,0.013
SPY,2026-05-25,2027-12-17,570,call,430.0,245.0,0.0,0.0,745.6400146484375,2,0,1.0000000000000003e-05,0.04,0.013
SPY,2026-05-25,2027-12-17,570,call,435.0,337.53,335.63,339.43,745.6400146484375,3,15,0.4521233987426758,0.04,0.013
SPY,2026-05-25,2027-12-17,570,call,440.0,275.12,0.0,0.0,745.6400146484375,1,0,1.0000000000000003e-05,0.04,0.013
SPY,2026-05-25,2027-12-17,570,call,445.0,277.05,274.6,279.5,745.6400146484375,3,39,1.0000000000000003e-05,0.04,0.013
SPY,2026-05-25,2027-12-17,570,call,450.0,324.16499999999996,322.33,326.0,745.6400146484375,4,350,0.439382437286377,0.04,0.013
SPY,2026-05-25,2027-12-17,570,call,455.0,319.83500000000004,317.92,321.75,745.6400146484375,1,18,0.43633833930969235,0.04,0.013
SPY,2026-05-25,2027-12-17,570,call,460.0,307.755,306.51,309.0,745.6400146484375,10,35,0.3864807446289062,0.04,0.013
SPY,2026-05-25,2027-12-17,570,call,465.0,311.04,309.11,312.97,745.6400146484375,14,43,0.42866324516296384,0.04,0.013
SPY,2026-05-25,2027-12-17,570,call,470.0,306.61,304.72,308.5,745.6400146484375,5,40,0.42439082695007324,0.04,0.013
SPY,2026-05-25,2027-12-17,570,call,475.0,302.175,300.35,304.0,745.6400146484375,1,50,0.41995819305419924,0.04,0.013
SPY,2026-05-25,2027-12-17,570,call,480.0,297.92,295.98,299.86,745.6400146484375,4,100,0.41731081962585437,0.04,0.013
SPY,2026-05-25,2027-12-17,570,call,485.0,293.56,291.62,295.5,745.6400146484375,1,43,0.4135343070983886,0.04,0.013
SPY,2026-05-25,2027-12-17,570,call,490.0,289.135,287.27,291.0,745.6400146484375,1,75,0.40906352661132805,0.04,0.013
SPY,2026-05-25,2027-12-17,570,call,495.0,277.57,276.14,279.0,745.6400146484375,1,23,0.36817038085937503,0.04,0.013
SPY,2026-05-25,2027-12-17,570,call,500.0,280.53499999999997,278.62,282.45,745.6400146484375,2,869,0.4022123988342285,0.04,0.013
SPY,2026-05-25,2027-12-17,570,call,505.0,276.25,274.31,278.19,745.6400146484375,14,350,0.39880972290039063,0.04,0.013
SPY,2026-05-25,2027-12-17,570,call,510.0,271.96,270.02,273.9,745.6400146484375,1,535,0.39523157264709485,0.04,0.013
SPY,2026-05-25,2027-12-17,570,call,515.0,267.62,265.74,269.5,745.6400146484375,1,138,0.3911498873901367,0.04,0.013
SPY,2026-05-25,2027-12-17,570,call,520.0,263.41,261.47,265.35,745.6400146484375,14,275,0.3881363066864013,0.04,0.013
SPY,2026-05-25,2027-12-17,570,call,525.0,259.11,257.22,261.0,745.6400146484375,2,419,0.38422246643066404,0.04,0.013
SPY,2026-05-25,2027-12-17,570,call,530.0,254.92000000000002,252.98,256.86,745.6400146484375,3,590,0.38117836845397945,0.04,0.013
SPY,2026-05-25,2027-12-17,570,call,535.0,250.63,248.76,252.5,745.6400146484375,10,328,0.3771729763793945,0.04,0.013
SPY,2026-05-25,2027-12-17,570,call,540.0,246.48,244.54,248.42,745.6400146484375,8,1046,0.3743043527221679,0.04,0.013
SPY,2026-05-25,2027-12-17,570,call,545.0,242.29,240.35,244.23,745.6400146484375,1,277,0.37093219406127925,0.04,0.013
SPY,2026-05-25,2027-12-17,570,call,550.0,238.08499999999998,236.17,240.0,745.6400146484375,18,851,0.3673693024444581,0.04,0.013
SPY,2026-05-25,2027-12-17,570,call,555.0,233.94,232.0,235.88,745.6400146484375,6,588,0.3642107646942139,0.04,0.013
SPY,2026-05-25,2027-12-17,570,call,560.0,229.79,227.85,231.73,745.6400146484375,3,1201,0.3608920112609863,0.04,0.013
SPY,2026-05-25,2027-12-17,570,call,565.0,225.61,223.72,227.5,745.6400146484375,3,1366,0.35722993850708,0.04,0.013
SPY,2026-05-25,2027-12-17,570,call,570.0,221.6,219.72,223.48,745.6400146484375,1,714,0.35433079757690417,0.04,0.013
SPY,2026-05-25,2027-12-17,570,call,575.0,217.44,215.5,219.38,745.6400146484375,1,570,0.35108070800781244,0.04,0.013
SPY,2026-05-25,2027-12-17,570,call,580.0,213.455,211.61,215.3,745.6400146484375,9,812,0.34786876502990727,0.04,0.013
SPY,2026-05-25,2027-12-17,570,call,585.0,209.3,207.36,211.24,745.6400146484375,1,760,0.3446797100067138,0.04,0.013
SPY,2026-05-25,2027-12-17,570,call,590.0,205.25,203.31,207.19,745.6400146484375,3,1623,0.3414868403244018,0.04,0.013
SPY,2026-05-25,2027-12-17,570,call,595.0,201.22,199.28,203.16,745.6400146484375,1,2846,0.3383168585968017,0.04,0.013
SPY,2026-05-25,2027-12-17,570,call,600.0,197.21,195.27,199.15,745.6400146484375,49,3529,0.3351735794830323,0.04,0.013
SPY,2026-05-25,2027-12-17,570,call,605.0,193.22,191.28,195.16,745.6400146484375,10,2008,0.3320531883239746,0.04,0.013
SPY,2026-05-25,2027-12-17,570,call,610.0,189.25,187.31,191.19,745.6400146484375,4,1775,0.3289480558013915,0.04,0.013
SPY,2026-05-25,2027-12-17,570,call,615.0,185.3,183.36,187.24,745.6400146484375,2,296,0.32586581123352054,0.04,0.013
SPY,2026-05-25,2027-12-17,570,call,620.0,181.37,179.43,183.31,745.6400146484375,11,899,0.3227988253021239,0.04,0.013
SPY,2026-05-25,2027-12-17,570,call,625.0,177.47,175.53,179.41,745.6400146484375,2,721,0.31977761528015125,0.04,0.013
SPY,2026-05-25,2027-12-17,570,call,630.0,173.575,171.65,175.5,745.6400146484375,1,1111,0.31666485343933104,0.04,0.013
SPY,2026-05-25,2027-12-17,570,call,635.0,169.72,167.78,171.66,745.6400146484375,9,1042,0.31372756591796874,0.04,0.013
SPY,2026-05-25,2027-12-17,570,call,640.0,165.88,163.94,167.82,745.6400146484375,5,798,0.31073687316894527,0.04,0.013
SPY,2026-05-25,2027-12-17,570,call,645.0,162.06,160.12,164.0,745.6400146484375,13,2222,0.3077499950790405,0.04,0.013
SPY,2026-05-25,2027-12-17,570,call,650.0,158.27,156.33,160.21,745.6400146484375,16,2777,0.30479744892120364,0.04,0.013
SPY,2026-05-25,2027-12-17,570,call,655.0,154.5,152.56,156.44,745.6400146484375,9,2993,0.3018487174224854,0.04,0.013
SPY,2026-05-25,2027-12-17,570,call,660.0,147.935,146.0,149.87,745.6400146484375,1,1354,0.29025215370178226,0.04,0.013
SPY,2026-05-25,2027-12-17,570,call,665.0,147.04,145.1,148.98,745.6400146484375,3,1649,0.29600465965270994,0.04,0.013
SPY,2026-05-25,2027-12-17,570,call,670.0,143.35,141.41,145.29,745.6400146484375,3,1575,0.2931055187225341,0.04,0.013
SPY,2026-05-25,2027-12-17,570,call,675.0,139.62,137.74,141.5,745.6400146484375,4,1769,0.289847799835205,0.04,0.013
SPY,2026-05-25,2027-12-17,570,call,680.0,136.04,134.1,137.98,745.6400146484375,6,1181,0.2873224954986572,0.04,0.013
SPY,2026-05-25,2027-12-17,570,call,685.0,132.42000000000002,130.48,134.36,745.6400146484375,1,2225,0.28443098388671867,0.04,0.013
SPY,2026-05-25,2027-12-17,570,call,690.0,128.84,126.9,130.78,745.6400146484375,2,1153,0.28158524818420405,0.04,0.013
SPY,2026-05-25,2027-12-17,570,call,695.0,125.28,123.34,127.22,745.6400146484375,5,611,0.2787242538452148,0.04,0.013
SPY,2026-05-25,2027-12-17,570,call,700.0,121.735,119.82,123.65,745.6400146484375,10,5167,0.27576026371002194,0.04,0.013
SPY,2026-05-25,2027-12-17,570,call,705.0,118.25,116.31,120.19,745.6400146484375,1,392,0.27303659709930417,0.04,0.013
SPY,2026-05-25,2027-12-17,570,call,710.0,114.78999999999999,112.85,116.73,745.6400146484375,3,658,0.2702328226470948,0.04,0.013
SPY,2026-05-25,2027-12-17,570,call,715.0,111.37,109.43,113.31,745.6400146484375,1,1055,0.26746338012695314,0.04,0.013
SPY,2026-05-25,2027-12-17,570,call,720.0,107.64,106.03,109.25,745.6400146484375,38,2720,0.26282475463867194,0.04,0.013
SPY,2026-05-25,2027-12-17,570,call,725.0,104.58500000000001,102.67,106.5,745.6400146484375,1,379,0.26175665008544924,0.04,0.013
SPY,2026-05-25,2027-12-17,570,call,730.0,101.295,99.36,103.23,745.6400146484375,1,1773,0.25914742324829104,0.04,0.013
SPY,2026-05-25,2027-12-17,570,call,735.0,98.00999999999999,96.07,99.95,745.6400146484375,1,900,0.2564237566375732,0.04,0.013
SPY,2026-05-25,2027-12-17,570,call,740.0,94.75,92.83,96.67,745.6400146484375,2,888,0.2536123528671265,0.04,0.013
SPY,2026-05-25,2027-12-17,570,call,745.0,91.57,89.63,93.51,745.6400146484375,2,336,0.25103364330291744,0.04,0.013
SPY,2026-05-25,2027-12-17,570,call,750.0,88.41999999999999,86.52,90.32,745.6400146484375,12,2211,0.24827564476013184,0.04,0.013
SPY,2026-05-25,2027-12-17,570,call,755.0,85.31,83.37,87.25,745.6400146484375,3,667,0.24575034042358396,0.04,0.013
SPY,2026-05-25,2027-12-17,570,call,760.0,82.25,80.31,84.19,745.6400146484375,2,833,0.24314874290466307,0.04,0.013
SPY,2026-05-25,2027-12-17,570,call,765.0,79.23,77.29,81.17,745.6400146484375,3,625,0.24055096004486082,0.04,0.013
SPY,2026-05-25,2027-12-17,570,call,770.0,76.25999999999999,74.32,78.2,745.6400146484375,7,795,0.23798369445800777,0.04,0.013
SPY,2026-05-25,2027-12-17,570,call,775.0,73.35,71.41,75.29,745.6400146484375,4,1897,0.23546601943969725,0.04,0.013
SPY,2026-05-25,2027-12-17,570,call,780.0,70.675,69.0,72.35,745.6400146484375,3,2495,0.2327614261245728,0.04,0.013
SPY,2026-05-25,2027-12-17,570,call,785.0,67.66,65.72,69.6,745.6400146484375,3,919,0.23045355735778808,0.04,0.013
SPY,2026-05-25,2027-12-17,570,call,790.0,64.92,64.83,65.01,745.6400146484375,2,2343,0.22308363594055172,0.04,0.013
SPY,2026-05-25,2027-12-17,570,call,795.0,62.230000000000004,62.14,62.32,745.6400146484375,2,2010,0.22068803001403806,0.04,0.013
SPY,2026-05-25,2027-12-17,570,call,800.0,59.59,59.5,59.68,745.6400146484375,131,5015,0.218307682723999,0.04,0.013
SPY,2026-05-25,2027-12-17,570,call,805.0,57.025,56.94,57.11,745.6400146484375,6,599,0.21598455532073974,0.04,0.013
SPY,2026-05-25,2027-12-17,570,call,810.0,54.519999999999996,54.43,54.61,745.6400146484375,3,601,0.2137224624633789,0.04,0.013
SPY,2026-05-25,2027-12-17,570,call,815.0,52.06999999999999,51.98,52.16,745.6400146484375,2,813,0.21146036960601805,0.04,0.013
SPY,2026-05-25,2027-12-17,570,call,820.0,49.695,49.61,49.78,745.6400146484375,2,771,0.20925549663543697,0.04,0.013
SPY,2026-05-25,2027-12-17,570,call,825.0,47.385,47.3,47.47,745.6400146484375,1,986,0.20710402889251706,0.04,0.013
SPY,2026-05-25,2027-12-17,570,call,830.0,45.129999999999995,45.04,45.22,745.6400146484375,2,2534,0.20497926376342768,0.04,0.013
SPY,2026-05-25,2027-12-17,570,call,835.0,42.955,42.87,43.04,745.6400146484375,11,858,0.20290408920288083,0.04,0.013
SPY,2026-05-25,2027-12-17,570,call,840.0,40.855000000000004,40.77,40.94,745.6400146484375,4,433,0.200905207824707,0.04,0.013
SPY,2026-05-25,2027-12-17,570,call,845.0,38.805,38.72,38.89,745.6400146484375,7,560,0.19890632644653317,0.04,0.013
SPY,2026-05-25,2027-12-17,570,call,850.0,36.85,36.77,36.93,745.6400146484375,48,2323,0.19700662620544432,0.04,0.013
SPY,2026-05-25,2027-12-17,570,call,855.0,34.95,34.87,35.03,745.6400146484375,1,470,0.1951374432373047,0.04,0.013
SPY,2026-05-25,2027-12-17,570,call,860.0,33.120000000000005,33.04,33.2,745.6400146484375,1,438,0.19331403617858886,0.04,0.013
SPY,2026-05-25,2027-12-17,570,call,865.0,31.369999999999997,31.29,31.45,745.6400146484375,1,222,0.1915745516204834,0.04,0.013
SPY,2026-05-25,2027-12-17,570,call,870.0,29.68,29.6,29.76,745.6400146484375,151,1023,0.18985795501708985,0.04,0.013
SPY,2026-05-25,2027-12-17,570,call,875.0,28.064999999999998,27.99,28.14,745.6400146484375,14,1946,0.18819857830047604,0.04,0.013
SPY,2026-05-25,2027-12-17,570,call,880.0,26.53,26.46,26.6,745.6400146484375,84,1617,0.18663075340271,0.04,0.013
SPY,2026-05-25,2027-12-17,570,call,885.0,25.05,24.98,25.12,745.6400146484375,250,509,0.18508963111877438,0.04,0.013
SPY,2026-05-25,2027-12-17,570,call,890.0,23.65,23.58,23.72,745.6400146484375,378,443,0.18365150463104246,0.04,0.013
SPY,2026-05-25,2027-12-17,570,call,895.0,22.31,22.24,22.38,745.6400146484375,2,546,0.18225152473449707,0.04,0.013
SPY,2026-05-25,2027-12-17,570,call,900.0,21.03,20.96,21.1,745.6400146484375,96,7858,0.1808935060882568,0.04,0.013
SPY,2026-05-25,2027-12-17,570,call,905.0,19.825000000000003,19.76,19.89,745.6400146484375,20,428,0.17961178062438962,0.04,0.013
SPY,2026-05-25,2027-12-17,570,call,910.0,18.674999999999997,18.61,18.74,745.6400146484375,1,561,0.1783910897064209,0.04,0.013
SPY,2026-05-25,2027-12-17,570,call,915.0,17.585,17.52,17.65,745.6400146484375,1,2436,0.17721998935699462,0.04,0.013
SPY,2026-05-25,2027-12-17,570,call,920.0,16.555,16.49,16.62,745.6400146484375,6,94,0.17611755287170414,0.04,0.013
SPY,2026-05-25,2027-12-17,570,call,925.0,15.57,15.51,15.63,745.6400146484375,1,651,0.1750113017272949,0.04,0.013
SPY,2026-05-25,2027-12-17,570,call,930.0,14.65,14.59,14.71,745.6400146484375,1,150,0.17401949035644532,0.04,0.013
SPY,2026-05-25,2027-12-17,570,call,935.0,13.780000000000001,13.72,13.84,745.6400146484375,92,594,0.17307345489501952,0.04,0.013
SPY,2026-05-25,2027-12-17,570,call,940.0,12.95,12.89,13.01,745.6400146484375,3,211,0.1721426780700684,0.04,0.013
SPY,2026-05-25,2027-12-17,570,call,945.0,12.175,12.12,12.23,745.6400146484375,33,81,0.17127293579101563,0.04,0.013
SPY,2026-05-25,2027-12-17,570,call,950.0,11.440000000000001,11.38,11.5,745.6400146484375,5,885,0.17047185737609868,0.04,0.013
SPY,2026-05-25,2027-12-17,570,call,955.0,10.745000000000001,10.69,10.8,745.6400146484375,1,933,0.16965552032470704,0.04,0.013
SPY,2026-05-25,2027-12-17,570,call,960.0,10.1,10.04,10.16,745.6400146484375,2,29,0.16897651100158692,0.04,0.013
SPY,2026-05-25,2027-12-17,570,call,965.0,9.485,9.43,9.54,745.6400146484375,1,42,0.16825172576904301,0.04,0.013
SPY,2026-05-25,2027-12-17,570,call,970.0,8.91,8.86,8.96,745.6400146484375,25,1658,0.1675803457641602,0.04,0.013
SPY,2026-05-25,2027-12-17,570,call,975.0,8.375,8.32,8.43,745.6400146484375,293,1479,0.16703103485107423,0.04,0.013
SPY,2026-05-25,2027-12-17,570,call,980.0,7.859999999999999,7.81,7.91,745.6400146484375,1,530,0.16639780143737798,0.04,0.013
SPY,2026-05-25,2027-12-17,570,call,985.0,7.390000000000001,7.34,7.44,745.6400146484375,211,340,0.16590189575195316,0.04,0.013
SPY,2026-05-25,2027-12-17,570,call,990.0,6.9399999999999995,6.89,6.99,745.6400146484375,217,403,0.16539836074829106,0.04,0.013
SPY,2026-05-25,2027-12-17,570,call,995.0,6.52,6.47,6.57,745.6400146484375,1,906,0.16494060165405272,0.04,0.013
SPY,2026-05-25,2027-12-17,570,call,1000.0,6.13,6.08,6.18,745.6400146484375,31,6000,0.16453624778747558,0.04,0.013
SPY,2026-05-25,2027-12-17,570,call,1005.0,5.765,5.72,5.81,745.6400146484375,1,1571,0.16413189392089844,0.04,0.013
SPY,2026-05-25,2027-12-17,570,call,1010.0,5.415,5.37,5.46,745.6400146484375,23,30,0.16375042800903322,0.04,0.013
SPY,2026-05-25,2027-12-17,570,call,1015.0,5.105,5.06,5.15,745.6400146484375,147,114,0.16352154846191408,0.04,0.013
SPY,2026-05-25,2027-12-17,570,call,1020.0,4.805,4.76,4.85,745.6400146484375,3,33,0.1632468930053711,0.04,0.013
SPY,2026-05-25,2027-12-17,570,call,1025.0,4.52,4.48,4.56,745.6400146484375,127,160,0.16294172027587894,0.04,0.013
SPY,2026-05-25,2027-12-17,570,call,1030.0,4.26,4.22,4.3,745.6400146484375,1,147,0.16274335800170897,0.04,0.013
SPY,2026-05-25,2027-12-17,570,call,1035.0,4.02,3.98,4.06,745.6400146484375,4,43,0.1626060302734375,0.04,0.013
SPY,2026-05-25,2027-12-17,570,call,1040.0,1.2149999999999999,1.19,1.24,745.6400146484375,1,1,0.13272962005615235,0.04,0.013
SPY,2026-05-25,2027-12-17,570,call,1045.0,3.58,3.54,3.62,745.6400146484375,0,1,0.16239240936279298,0.04,0.013
SPY,2026-05-25,2027-12-17,570,call,1050.0,3.38,3.34,3.42,745.6400146484375,1,2599,0.1623008575439453,0.04,0.013
SPY,2026-05-25,2027-12-17,570,call,1055.0,3.2,3.16,3.24,745.6400146484375,3,757,0.1623161161804199,0.04,0.013
SPY,2026-05-25,2027-12-17,570,call,1060.0,3.0250000000000004,2.99,3.06,745.6400146484375,27,617,0.16223982299804687,0.04,0.013
SPY,2026-05-25,2027-12-17,570,call,1065.0,2.87,2.83,2.91,745.6400146484375,1,1,0.16237715072631836,0.04,0.013
SPY,2026-05-25,2027-12-17,570,call,1070.0,2.7199999999999998,2.68,2.76,745.6400146484375,1,1011,0.16243818527221682,0.04,0.013
SPY,2026-05-25,2027-12-17,570,call,1075.0,2.58,2.54,2.62,745.6400146484375,29,2448,0.16251447845458983,0.04,0.013
SPY,2026-05-25,2027-12-17,570,call,1080.0,2.455,2.42,2.49,745.6400146484375,16,3844,0.16265180618286135,0.04,0.013
SPY,2026-05-25,2027-12-17,570,call,1085.0,2.335,2.3,2.37,745.6400146484375,0,1609,0.16281965118408204,0.04,0.013
SPY,2026-05-25,2027-12-17,570,call,1090.0,2.2199999999999998,2.19,2.25,745.6400146484375,2,6612,0.16291120300292972,0.04,0.013
SPY,2026-05-25,2027-12-17,570,call,1095.0,2.125,2.1,2.15,745.6400146484375,34,11500,0.1631858584594727,0.04,0.013
SPY,2026-05-25,2027-12-17,570,call,1100.0,2.02,1.99,2.05,745.6400146484375,6,20148,0.16339947937011723,0.04,0.013
SPY,2026-05-25,2027-12-17,570,call,1105.0,1.93,1.9,1.96,745.6400146484375,330,1393,0.1637046520996094,0.04,0.013
SPY,2026-05-25,2027-12-17,570,call,1110.0,1.84,1.81,1.87,745.6400146484375,328,18486,0.1639182730102539,0.04,0.013
SPY,2026-05-25,2027-12-17,570,call,1115.0,1.76,1.73,1.79,745.6400146484375,328,1640,0.16422344573974612,0.04,0.013
SPY,2026-05-25,2027-12-17,570,call,1120.0,1.68,1.65,1.71,745.6400146484375,330,16902,0.16449810119628905,0.04,0.013
SPY,2026-05-25,2027-12-17,570,call,1130.0,1.545,1.52,1.57,745.6400146484375,30,16724,0.1651389639282227,0.04,0.013
SPY,2026-05-25,2027-12-17,570,call,1140.0,1.4249999999999998,1.4,1.45,745.6400146484375,1,11307,0.16593241302490236,0.04,0.013
SPY,2026-05-25,2027-12-17,570,call,1150.0,1.315,1.29,1.34,745.6400146484375,2461,13501,0.16672586212158208,0.04,0.013
SPY,2026-05-25,2027-12-17,570,call,1160.0,1.2149999999999999,1.19,1.24,745.6400146484375,4,15496,0.16751931121826175,0.04,0.013
SPY,2026-05-25,2027-12-17,570,call,1170.0,1.125,1.1,1.15,745.6400146484375,5,7,0.16834327758789067,0.04,0.013
SPY,2026-05-25,2027-12-17,570,call,1180.0,1.05,1.03,1.07,745.6400146484375,10,14,0.16919776123046876,0.04,0.013
SPY,2026-05-25,2027-12-17,570,call,1190.0,0.97,0.95,0.99,745.6400146484375,70,15,0.16993017578125003,0.04,0.013
SPY,2026-05-25,2027-12-17,570,call,1200.0,0.91,0.89,0.93,745.6400146484375,5,65,0.17096776306152345,0.04,0.013
SPY,2026-05-25,2027-12-17,570,call,1210.0,0.85,0.83,0.87,745.6400146484375,5,9,0.17191379852294925,0.04,0.013
SPY,2026-05-25,2027-12-17,570,call,1220.0,0.79,0.77,0.81,745.6400146484375,492,1894,0.17273776489257814,0.04,0.013
SPY,2026-05-25,2027-12-17,570,call,1230.0,0.74,0.72,0.76,745.6400146484375,179,743,0.1736532830810547,0.04,0.013
SPY,2026-05-25,2027-12-17,570,call,1240.0,0.32,0.3,0.34,745.6400146484375,1,2,0.15979844116210937,0.04,0.013
SPY,2026-05-25,2027-12-17,570,call,1250.0,0.65,0.63,0.67,745.6400146484375,97,749,0.17554535400390625,0.04,0.013
SPY,2026-05-25,2027-12-17,570,call,1260.0,0.61,0.59,0.63,745.6400146484375,1,575,0.17646087219238282,0.04,0.013
SPY,2026-05-25,2027-12-17,570,call,1270.0,0.5700000000000001,0.55,0.59,745.6400146484375,194,200,0.1772543212890625,0.04,0.013
SPY,2026-05-25,2027-12-17,570,call,1280.0,0.17,0.0,0.0,745.6400146484375,1,0,0.062509375,0.04,0.013
SPY,2026-05-25,2027-12-17,570,call,1290.0,0.51,0.49,0.53,745.6400146484375,168,667,0.17932949584960936,0.04,0.013
SPY,2026-05-25,2027-12-17,570,call,1300.0,0.48,0.46,0.5,745.6400146484375,21,144,0.18024501403808596,0.04,0.013
SPY,2026-05-25,2027-12-17,570,call,1310.0,0.44999999999999996,0.43,0.47,745.6400146484375,1,207,0.1810384631347656,0.04,0.013
SPY,2026-05-25,2027-12-17,570,call,1320.0,0.425,0.41,0.44,745.6400146484375,1,19,0.18177087768554687,0.04,0.013
SPY,2026-05-25,2027-12-17,570,call,1330.0,0.4,0.38,0.42,745.6400146484375,3,75,0.1828694995117187,0.04,0.013
SPY,2026-05-25,2027-12-17,570,call,1340.0,0.38,0.36,0.4,745.6400146484375,40,1009,0.18384605224609374,0.04,0.013
SPY,2026-05-25,2028-01-21,605,call,50.0,696.0699999999999,693.64,698.5,745.6400146484375,2,3,0.850587431640625,0.04,0.013
SPY,2026-05-25,2028-01-21,605,call,60.0,621.625,619.25,624.0,745.6400146484375,1,1,1.0000000000000003e-05,0.04,0.013
SPY,2026-05-25,2028-01-21,605,call,100.0,646.435,644.0,648.87,745.6400146484375,1,6,0.6735872485351564,0.04,0.013
SPY,2026-05-25,2028-01-21,605,call,105.0,588.115,585.73,590.5,745.6400146484375,0,0,1.0000000000000003e-05,0.04,0.013
SPY,2026-05-25,2028-01-21,605,call,110.0,583.155,580.81,585.5,745.6400146484375,0,0,1.0000000000000003e-05,0.04,0.013
SPY,2026-05-25,2028-01-21,605,call,115.0,577.5450000000001,576.09,579.0,745.6400146484375,0,0,1.0000000000000003e-05,0.04,0.013
SPY,2026-05-25,2028-01-21,605,call,120.0,572.0350000000001,569.57,574.5,745.6400146484375,2,1,1.0000000000000003e-05,0.04,0.013
SPY,2026-05-25,2028-01-21,605,call,130.0,562.6,561.2,564.0,745.6400146484375,0,0,1.0000000000000003e-05,0.04,0.013
SPY,2026-05-25,2028-01-21,605,call,135.0,558.3,556.1,560.5,745.6400146484375,0,0,1.0000000000000003e-05,0.04,0.013
SPY,2026-05-25,2028-01-21,605,call,140.0,553.5899999999999,551.18,556.0,745.6400146484375,30,0,1.0000000000000003e-05,0.04,0.013
SPY,2026-05-25,2028-01-21,605,call,150.0,597.03,594.56,599.5,745.6400146484375,2,4,0.5803264624023439,0.04,0.013
SPY,2026-05-25,2028-01-21,605,call,180.0,561.065,559.13,563.0,745.6400146484375,10,0,1.0000000000000003e-05,0.04,0.013
SPY,2026-05-25,2028-01-21,605,call,185.0,564.55,562.1,567.0,745.6400146484375,2,0,0.6001016552734376,0.04,0.013
SPY,2026-05-25,2028-01-21,605,call,195.0,485.25,483.0,487.5,745.6400146484375,1,0,1.0000000000000003e-05,0.04,0.013
SPY,2026-05-25,2028-01-21,605,call,200.0,550.885,548.5,553.27,745.6400146484375,1,291,0.6008340698242189,0.04,0.013
SPY,2026-05-25,2028-01-21,605,call,220.0,478.25,476.0,480.5,745.6400146484375,2,3,1.0000000000000003e-05,0.04,0.013
SPY,2026-05-25,2028-01-21,605,call,225.0,527.88,525.5,530.26,745.6400146484375,0,0,0.5880778497314454,0.04,0.013
SPY,2026-05-25,2028-01-21,605,call,240.0,438.82,436.5,441.14,745.6400146484375,4,9,1.0000000000000003e-05,0.04,0.013
SPY,2026-05-25,2028-01-21,605,call,245.0,455.565,453.63,457.5,745.6400146484375,0,1,1.0000000000000003e-05,0.04,0.013
SPY,2026-05-25,2028-01-21,605,call,250.0,398.23,0.0,0.0,745.6400146484375,4,0,1.0000000000000003e-05,0.04,0.013
SPY,2026-05-25,2028-01-21,605,call,255.0,434.75,432.5,437.0,745.6400146484375,0,1,1.0000000000000003e-05,0.04,0.013
SPY,2026-05-25,2028-01-21,605,call,260.0,441.75,439.5,444.0,745.6400146484375,1,3,1.0000000000000003e-05,0.04,0.013
SPY,2026-05-25,2028-01-21,605,call,270.0,417.24,0.0,0.0,745.6400146484375,0,0,1.0000000000000003e-05,0.04,0.013
SPY,2026-05-25,2028-01-21,605,call,280.0,423.96500000000003,421.93,426.0,745.6400146484375,0,1,1.0000000000000003e-05,0.04,0.013
SPY,2026-05-25,2028-01-21,605,call,295.0,409.695,408.39,411.0,745.6400146484375,0,5,1.0000000000000003e-05,0.04,0.013
SPY,2026-05-25,2028-01-21,605,call,300.0,459.03999999999996,456.58,461.5,745.6400146484375,1,37,0.5312852047729493,0.04,0.013
SPY,2026-05-25,2028-01-21,605,call,315.0,410.3,408.1,412.5,745.6400146484375,1,0,1.0000000000000003e-05,0.04,0.013
SPY,2026-05-25,2028-01-21,605,call,320.0,387.21500000000003,384.93,389.5,745.6400146484375,11,2,1.0000000000000003e-05,0.04,0.013
SPY,2026-05-25,2028-01-21,605,call,330.0,341.57,0.0,0.0,745.6400146484375,30,0,1.0000000000000003e-05,0.04,0.013
SPY,2026-05-25,2028-01-21,605,call,335.0,419.75,418.0,421.5,745.6400146484375,2,6,0.44957520645141597,0.04,0.013
SPY,2026-05-25,2028-01-21,605,call,340.0,422.6,420.2,425.0,745.6400146484375,6,16,0.5192461405944824,0.04,0.013
SPY,2026-05-25,2028-01-21,605,call,350.0,413.575,411.15,416.0,745.6400146484375,1,44,0.5109912182617188,0.04,0.013
SPY,2026-05-25,2028-01-21,605,call,355.0,351.03,0.0,0.0,745.6400146484375,2,0,1.0000000000000003e-05,0.04,0.013
SPY,2026-05-25,2028-01-21,605,call,360.0,351.96500000000003,349.5,354.43,745.6400146484375,0,9,1.0000000000000003e-05,0.04,0.013
SPY,2026-05-25,2028-01-21,605,call,365.0,400.07,397.64,402.5,745.6400146484375,5,0,0.4984867656707763,0.04,0.013
SPY,2026-05-25,2028-01-21,605,call,370.0,395.575,393.15,398.0,745.6400146484375,1,2,0.49429826995849613,0.04,0.013
SPY,2026-05-25,2028-01-21,605,call,375.0,338.57,336.14,341.0,745.6400146484375,6,7,1.0000000000000003e-05,0.04,0.013
SPY,2026-05-25,2028-01-21,605,call,380.0,333.77,331.54,336.0,745.6400146484375,1,2,1.0000000000000003e-05,0.04,0.013
SPY,2026-05-25,2028-01-21,605,call,385.0,330.105,328.21,332.0,745.6400146484375,1,1,1.0000000000000003e-05,0.04,0.013
SPY,2026-05-25,2028-01-21,605,call,390.0,377.615,375.23,380.0,745.6400146484375,1,6,0.47745273529052734,0.04,0.013
SPY,2026-05-25,2028-01-21,605,call,395.0,373.13,370.76,375.5,745.6400146484375,1,6,0.4732260929870606,0.04,0.013
SPY,2026-05-25,2028-01-21,605,call,400.0,368.65,366.3,371.0,745.6400146484375,60,119,0.4689994506835938,0.04,0.013
SPY,2026-05-25,2028-01-21,605,call,405.0,296.695,294.39,299.0,745.6400146484375,1,1,1.0000000000000003e-05,0.04,0.013
SPY,2026-05-25,2028-01-21,605,call,410.0,359.7,357.4,362.0,745.6400146484375,1,6,0.46052327812194827,0.04,0.013
SPY,2026-05-25,2028-01-21,605,call,415.0,271.37,0.0,0.0,745.6400146484375,1,0,1.0000000000000003e-05,0.04,0.013
SPY,2026-05-25,2028-01-21,605,call,420.0,261.0,0.0,0.0,745.6400146484375,20,0,1.0000000000000003e-05,0.04,0.013
SPY,2026-05-25,2028-01-21,605,call,425.0,282.91,0.0,0.0,745.6400146484375,1,0,1.0000000000000003e-05,0.04,0.013
SPY,2026-05-25,2028-01-21,605,call,430.0,342.09000000000003,339.68,344.5,745.6400146484375,5,70,0.4463708927917481,0.04,0.013
SPY,2026-05-25,2028-01-21,605,call,435.0,255.4,0.0,0.0,745.6400146484375,1,0,1.0000000000000003e-05,0.04,0.013
SPY,2026-05-25,2028-01-21,605,call,440.0,333.19,330.88,335.5,745.6400146484375,7,63,0.43778028045654294,0.04,0.013
SPY,2026-05-25,2028-01-21,605,call,445.0,277.72,275.44,280.0,745.6400146484375,1,1,1.0000000000000003e-05,0.04,0.013
SPY,2026-05-25,2028-01-21,605,call,450.0,324.555,322.11,327.0,745.6400146484375,3,42,0.4318141535949707,0.04,0.013
SPY,2026-05-25,2028-01-21,605,call,455.0,320.12,317.74,322.5,745.6400146484375,5,8,0.42746544219970706,0.04,0.013
SPY,2026-05-25,2028-01-21,605,call,460.0,315.69,313.38,318.0,745.6400146484375,2,135,0.4231319894409179,0.04,0.013
SPY,2026-05-25,2028-01-21,605,call,465.0,212.1,0.0,0.0,745.6400146484375,1,0,1.0000000000000003e-05,0.04,0.013
SPY,2026-05-25,2028-01-21,605,call,470.0,307.095,304.69,309.5,745.6400146484375,3,7,0.41691409507751453,0.04,0.013
SPY,2026-05-25,2028-01-21,605,call,475.0,302.68,300.36,305.0,745.6400146484375,1,40,0.4125348664093017,0.04,0.013
SPY,2026-05-25,2028-01-21,605,call,480.0,298.27,296.04,300.5,745.6400146484375,10,18,0.4081632670593262,0.04,0.013
SPY,2026-05-25,2028-01-21,605,call,485.0,294.115,291.73,296.5,745.6400146484375,2,41,0.4061338684082031,0.04,0.013
SPY,2026-05-25,2028-01-21,605,call,490.0,256.275,254.05,258.5,745.6400146484375,1,11,0.19229933685302736,0.04,0.013
SPY,2026-05-25,2028-01-21,605,call,495.0,285.575,283.15,288.0,745.6400146484375,9,11,0.3995879133605958,0.04,0.013
SPY,2026-05-25,2028-01-21,605,call,500.0,281.19,278.88,283.5,745.6400146484375,4,124,0.39515527946472173,0.04,0.013
SPY,2026-05-25,2028-01-21,605,call,505.0,210.43,0.0,0.0,745.6400146484375,2,0,1.0000000000000003e-05,0.04,0.013
SPY,2026-05-25,2028-01-21,605,call,510.0,272.69,270.38,275.0,745.6400146484375,1,23,0.38845673805236813,0.04,0.013
SPY,2026-05-25,2028-01-21,605,call,515.0,268.57,266.14,271.0,745.6400146484375,2,4,0.3861221666717528,0.04,0.013
SPY,2026-05-25,2028-01-21,605,call,520.0,264.21000000000004,261.92,266.5,745.6400146484375,3,97,0.38163612754821763,0.04,0.013
SPY,2026-05-25,2028-01-21,605,call,525.0,260.11,257.72,262.5,745.6400146484375,1,39,0.3792176336669921,0.04,0.013
SPY,2026-05-25,2028-01-21,605,call,530.0,255.76,253.52,258.0,745.6400146484375,1,24,0.37470107727050783,0.04,0.013
SPY,2026-05-25,2028-01-21,605,call,535.0,251.675,249.35,254.0,745.6400146484375,8,24,0.37219103157043465,0.04,0.013
SPY,2026-05-25,2028-01-21,605,call,540.0,247.59,245.18,250.0,745.6400146484375,1,25,0.36963520996093746,0.04,0.013
SPY,2026-05-25,2028-01-21,605,call,545.0,243.265,241.03,245.5,745.6400146484375,3,14,0.365065248336792,0.04,0.013
SPY,2026-05-25,2028-01-21,605,call,550.0,239.2,236.9,241.5,745.6400146484375,4,281,0.3624255042266846,0.04,0.013
SPY,2026-05-25,2028-01-21,605,call,555.0,235.14,232.78,237.5,745.6400146484375,1,25,0.359732354888916,0.04,0.013
SPY,2026-05-25,2028-01-21,605,call,560.0,231.09,228.68,233.5,745.6400146484375,4,37,0.3569858003234863,0.04,0.013
SPY,2026-05-25,2028-01-21,605,call,565.0,226.79500000000002,224.59,229.0,745.6400146484375,2,30,0.352347174835205,0.04,0.013
SPY,2026-05-25,2028-01-21,605,call,570.0,222.76,220.52,225.0,745.6400146484375,5,69,0.3495319564056396,0.04,0.013
SPY,2026-05-25,2028-01-21,605,call,575.0,218.735,216.47,221.0,745.6400146484375,1,23,0.346663332748413,0.04,0.013
SPY,2026-05-25,2028-01-21,605,call,580.0,214.715,212.43,217.0,745.6400146484375,2,87,0.3437489331817627,0.04,0.013
SPY,2026-05-25,2028-01-21,605,call,585.0,210.70499999999998,208.41,213.0,745.6400146484375,2,21,0.3407887577056885,0.04,0.013
SPY,2026-05-25,2028-01-21,605,call,590.0,206.70499999999998,204.41,209.0,745.6400146484375,3,216,0.3377828063201904,0.04,0.013
SPY,2026-05-25,2028-01-21,605,call,595.0,202.715,200.43,205.0,745.6400146484375,1,319,0.3347348936843872,0.04,0.013
SPY,2026-05-25,2028-01-21,605,call,600.0,198.73000000000002,196.46,201.0,745.6400146484375,5,1470,0.3316412051391602,0.04,0.013
SPY,2026-05-25,2028-01-21,605,call,605.0,195.065,193.13,197.0,745.6400146484375,1,86,0.3284979260253906,0.04,0.013
SPY,2026-05-25,2028-01-21,605,call,610.0,190.79500000000002,188.59,193.0,745.6400146484375,2,336,0.3253165003204346,0.04,0.013
SPY,2026-05-25,2028-01-21,605,call,615.0,186.845,184.69,189.0,745.6400146484375,1,46,0.3220892987060546,0.04,0.013
SPY,2026-05-25,2028-01-21,605,call,620.0,183.515,181.53,185.5,745.6400146484375,8,195,0.32042992198944087,0.04,0.013
SPY,2026-05-25,2028-01-21,605,call,625.0,179.22,176.94,181.5,745.6400146484375,1,72,0.31709972457885743,0.04,0.013
SPY,2026-05-25,2028-01-21,605,call,630.0,175.3,173.1,177.5,745.6400146484375,1,199,0.3137237512588501,0.04,0.013
SPY,2026-05-25,2028-01-21,605,call,635.0,171.64,169.28,174.0,745.6400146484375,3,135,0.3118660122680663,0.04,0.013
SPY,2026-05-25,2028-01-21,605,call,640.0,167.74,165.48,170.0,745.6400146484375,102,620,0.3083870431518554,0.04,0.013
SPY,2026-05-25,2028-01-21,605,call,645.0,164.29000000000002,162.58,166.0,745.6400146484375,1,143,0.30486992744445807,0.04,0.013
SPY,2026-05-25,2028-01-21,605,call,650.0,160.23000000000002,157.96,162.5,745.6400146484375,1,584,0.302817640838623,0.04,0.013
SPY,2026-05-25,2028-01-21,605,call,655.0,156.365,154.23,158.5,745.6400146484375,92,428,0.2991975293350219,0.04,0.013
SPY,2026-05-25,2028-01-21,605,call,660.0,152.76,150.52,155.0,745.6400146484375,547,692,0.2970117296600341,0.04,0.013
SPY,2026-05-25,2028-01-21,605,call,665.0,149.17000000000002,146.84,151.5,745.6400146484375,3,264,0.2947610807800292,0.04,0.013
SPY,2026-05-25,2028-01-21,605,call,670.0,145.345,143.19,147.5,745.6400146484375,2,441,0.29097693893432613,0.04,0.013
SPY,2026-05-25,2028-01-21,605,call,675.0,141.78,139.56,144.0,745.6400146484375,550,1398,0.2885927769851684,0.04,0.013
SPY,2026-05-25,2028-01-21,605,call,680.0,138.23000000000002,135.96,140.5,745.6400146484375,1,1306,0.28613995117187496,0.04,0.013
SPY,2026-05-25,2028-01-21,605,call,685.0,134.695,132.39,137.0,745.6400146484375,6,1016,0.28361083217620836,0.04,0.013
SPY,2026-05-25,2028-01-21,605,call,690.0,131.175,128.85,133.5,745.6400146484375,2,977,0.2810130493164062,0.04,0.013
SPY,2026-05-25,2028-01-21,605,call,695.0,127.66,125.32,130.0,745.6400146484375,16,645,0.2783427879333496,0.04,0.013
SPY,2026-05-25,2028-01-21,605,call,700.0,124.16499999999999,121.83,126.5,745.6400146484375,12,2515,0.2756038626861572,0.04,0.013
SPY,2026-05-25,2028-01-21,605,call,705.0,120.685,118.37,123.0,745.6400146484375,1,407,0.27279627357482905,0.04,0.013
SPY,2026-05-25,2028-01-21,605,call,710.0,117.235,114.97,119.5,745.6400146484375,35,274,0.2699123912811279,0.04,0.013
SPY,2026-05-25,2028-01-21,605,call,715.0,113.775,111.55,116.0,745.6400146484375,1,282,0.2669560304641724,0.04,0.013
SPY,2026-05-25,2028-01-21,605,call,720.0,110.35,108.2,112.5,745.6400146484375,1,588,0.2639271911239624,0.04,0.013
SPY,2026-05-25,2028-01-21,605,call,725.0,107.175,104.85,109.5,745.6400146484375,1,465,0.2621686332702637,0.04,0.013
SPY,2026-05-25,2028-01-21,605,call,730.0,103.78,101.56,106.0,745.6400146484375,44,1475,0.2589795782470704,0.04,0.013
SPY,2026-05-25,2028-01-21,605,call,735.0,100.655,98.31,103.0,745.6400146484375,3,96,0.2570455460739136,0.04,0.013
SPY,2026-05-25,2028-01-21,605,call,740.0,97.295,95.09,99.5,745.6400146484375,44,345,0.2536962753677368,0.04,0.013
SPY,2026-05-25,2028-01-21,605,call,745.0,94.205,91.91,96.5,745.6400146484375,122,810,0.2515867688751221,0.04,0.013
SPY,2026-05-25,2028-01-21,605,call,750.0,91.13,88.76,93.5,745.6400146484375,389,4464,0.24938189590454102,0.04,0.013
SPY,2026-05-25,2028-01-21,605,call,755.0,88.09,85.68,90.5,745.6400146484375,3,852,0.2470854711151123,0.04,0.013
SPY,2026-05-25,2028-01-21,605,call,760.0,85.06,82.62,87.5,745.6400146484375,5,1406,0.24469749450683598,0.04,0.013
SPY,2026-05-25,2028-01-21,605,call,765.0,82.065,79.63,84.5,745.6400146484375,2,330,0.24221033676147458,0.04,0.013
SPY,2026-05-25,2028-01-21,605,call,770.0,79.08,76.66,81.5,745.6400146484375,2,257,0.2396278125381469,0.04,0.013
SPY,2026-05-25,2028-01-21,605,call,775.0,76.13,73.76,78.5,745.6400146484375,8,422,0.23694610717773437,0.04,0.013
SPY,2026-05-25,2028-01-21,605,call,780.0,73.45,71.0,75.9,745.6400146484375,10,863,0.23520280796051024,0.04,0.013
SPY,2026-05-25,2028-01-21,605,call,785.0,70.56,68.12,73.0,745.6400146484375,5,994,0.23257450782775876,0.04,0.013
SPY,2026-05-25,2028-01-21,605,call,790.0,67.93,65.5,70.36,745.6400146484375,4,778,0.23051459190368653,0.04,0.013
SPY,2026-05-25,2028-01-21,605,call,795.0,65.16,65.05,65.27,745.6400146484375,2,955,0.22194686752319331,0.04,0.013
SPY,2026-05-25,2028-01-21,605,call,800.0,62.525000000000006,62.42,62.63,745.6400146484375,44,1850,0.2196542573928833,0.04,0.013
SPY,2026-05-25,2028-01-21,605,call,805.0,59.955,59.85,60.06,745.6400146484375,4,563,0.21742649646759032,0.04,0.013
SPY,2026-05-25,2028-01-21,605,call,810.0,57.435,57.33,57.54,745.6400146484375,2,505,0.21521017951965332,0.04,0.013
SPY,2026-05-25,2028-01-21,605,call,815.0,54.985,54.88,55.09,745.6400146484375,5,346,0.21305489711761472,0.04,0.013
SPY,2026-05-25,2028-01-21,605,call,820.0,52.595,52.49,52.7,745.6400146484375,9,1128,0.2109301319885254,0.04,0.013
SPY,2026-05-25,2028-01-21,605,call,825.0,50.265,50.16,50.37,745.6400146484375,4,662,0.20883969879150388,0.04,0.013
SPY,2026-05-25,2028-01-21,605,call,830.0,47.995000000000005,47.89,48.1,745.6400146484375,2,363,0.2067797828674316,0.04,0.013
SPY,2026-05-25,2028-01-21,605,call,835.0,45.8,45.7,45.9,745.6400146484375,5,111,0.20477708683013912,0.04,0.013
SPY,2026-05-25,2028-01-21,605,call,840.0,43.665000000000006,43.56,43.77,745.6400146484375,4,1640,0.20282779602050777,0.04,0.013
SPY,2026-05-25,2028-01-21,605,call,845.0,41.6,41.5,41.7,745.6400146484375,8,148,0.20090902248382564,0.04,0.013
SPY,2026-05-25,2028-01-21,605,call,850.0,39.595,39.49,39.7,745.6400146484375,10,656,0.19904365417480469,0.04,0.013
SPY,2026-05-25,2028-01-21,605,call,855.0,37.66,37.56,37.76,745.6400146484375,1,99,0.19720498847961423,0.04,0.013
SPY,2026-05-25,2028-01-21,605,call,860.0,35.795,35.7,35.89,745.6400146484375,3,136,0.1954273573303223,0.04,0.013
SPY,2026-05-25,2028-01-21,605,call,865.0,33.995000000000005,33.9,34.09,745.6400146484375,1,116,0.1936993167495728,0.04,0.013
SPY,2026-05-25,2028-01-21,605,call,870.0,32.265,32.17,32.36,745.6400146484375,1,222,0.1920323107147217,0.04,0.013
SPY,2026-05-25,2028-01-21,605,call,875.0,30.595,30.5,30.69,745.6400146484375,1,319,0.1903920072937012,0.04,0.013
SPY,2026-05-25,2028-01-21,605,call,880.0,28.994999999999997,28.9,29.09,745.6400146484375,6,317,0.18882036773681643,0.04,0.013
SPY,2026-05-25,2028-01-21,605,call,885.0,27.465,27.37,27.56,745.6400146484375,80,439,0.1873097627258301,0.04,0.013
SPY,2026-05-25,2028-01-21,605,call,890.0,26.0,25.91,26.09,745.6400146484375,18,273,0.18583730430603027,0.04,0.013
SPY,2026-05-25,2028-01-21,605,call,895.0,24.59,24.5,24.68,745.6400146484375,15,147,0.18440299247741698,0.04,0.013
SPY,2026-05-25,2028-01-21,605,call,900.0,23.25,23.16,23.34,745.6400146484375,224,1784,0.1830373445129394,0.04,0.013
SPY,2026-05-25,2028-01-21,605,call,905.0,21.975,21.89,22.06,745.6400146484375,1,279,0.18172510177612305,0.04,0.013
SPY,2026-05-25,2028-01-21,605,call,910.0,20.755000000000003,20.67,20.84,745.6400146484375,1,529,0.1804662642669678,0.04,0.013
SPY,2026-05-25,2028-01-21,605,call,915.0,19.595,19.51,19.68,745.6400146484375,9,154,0.17925320266723632,0.04,0.013
SPY,2026-05-25,2028-01-21,605,call,920.0,18.494999999999997,18.41,18.58,745.6400146484375,12,165,0.17810880493164064,0.04,0.013
SPY,2026-05-25,2028-01-21,605,call,925.0,17.445,17.36,17.53,745.6400146484375,40,190,0.17699492446899412,0.04,0.013
SPY,2026-05-25,2028-01-21,605,call,930.0,16.455,16.37,16.54,745.6400146484375,2,462,0.1759573371887207,0.04,0.013
SPY,2026-05-25,2028-01-21,605,call,935.0,15.51,15.43,15.59,745.6400146484375,1,437,0.17491974990844728,0.04,0.013
SPY,2026-05-25,2028-01-21,605,call,940.0,14.62,14.54,14.7,745.6400146484375,2,130,0.1739660851287842,0.04,0.013
SPY,2026-05-25,2028-01-21,605,call,945.0,13.774999999999999,13.69,13.86,745.6400146484375,2,25,0.17307345489501952,0.04,0.013
SPY,2026-05-25,2028-01-21,605,call,950.0,12.975000000000001,12.89,13.06,745.6400146484375,6,289,0.17219608329772954,0.04,0.013
SPY,2026-05-25,2028-01-21,605,call,955.0,12.22,12.14,12.3,745.6400146484375,2,276,0.17134922897338867,0.04,0.013
SPY,2026-05-25,2028-01-21,605,call,960.0,11.51,11.43,11.59,745.6400146484375,2,761,0.17057866783142092,0.04,0.013
SPY,2026-05-25,2028-01-21,605,call,965.0,10.835,10.76,10.91,745.6400146484375,1,1159,0.16980810668945315,0.04,0.013
SPY,2026-05-25,2028-01-21,605,call,970.0,10.2,10.12,10.28,745.6400146484375,1,1077,0.16912909736633303,0.04,0.013
SPY,2026-05-25,2028-01-21,605,call,975.0,9.605,9.53,9.68,745.6400146484375,1,75,0.16845771736145024,0.04,0.013
SPY,2026-05-25,2028-01-21,605,call,980.0,9.045,8.97,9.12,745.6400146484375,4,371,0.16784737190246585,0.04,0.013
SPY,2026-05-25,2028-01-21,605,call,985.0,8.515,8.44,8.59,745.6400146484375,3,25,0.16726754371643068,0.04,0.013
SPY,2026-05-25,2028-01-21,605,call,990.0,8.02,7.95,8.09,745.6400146484375,101,627,0.16671060348510747,0.04,0.013
SPY,2026-05-25,2028-01-21,605,call,995.0,7.550000000000001,7.48,7.62,745.6400146484375,22,356,0.16619180984497073,0.04,0.013
SPY,2026-05-25,2028-01-21,605,call,1000.0,7.109999999999999,7.04,7.18,745.6400146484375,107,10654,0.16572642143249514,0.04,0.013
SPY,2026-05-25,2028-01-21,605,call,1005.0,6.699999999999999,6.63,6.77,745.6400146484375,3,510,0.16530680892944338,0.04,0.013
SPY,2026-05-25,2028-01-21,605,call,1010.0,6.3149999999999995,6.25,6.38,745.6400146484375,3,5011,0.16489482574462894,0.04,0.013
SPY,2026-05-25,2028-01-21,605,call,1015.0,5.955,5.89,6.02,745.6400146484375,2,60,0.1645591357421875,0.04,0.013
SPY,2026-05-25,2028-01-21,605,call,1020.0,5.615,5.55,5.68,745.6400146484375,2,174,0.16423870437622073,0.04,0.013
SPY,2026-05-25,2028-01-21,605,call,1025.0,5.295,5.23,5.36,745.6400146484375,1,743,0.16393353164672853,0.04,0.013
SPY,2026-05-25,2028-01-21,605,call,1030.0,5.0,4.94,5.06,745.6400146484375,2,179,0.1636741348266602,0.04,0.013
SPY,2026-05-25,2028-01-21,605,call,1035.0,4.720000000000001,4.66,4.78,745.6400146484375,1,3,0.16344525527954107,0.04,0.013
SPY,2026-05-25,2028-01-21,605,call,1040.0,4.46,4.4,4.52,745.6400146484375,1,61,0.1632621516418457,0.04,0.013
SPY,2026-05-25,2028-01-21,605,call,1045.0,4.215,4.16,4.27,745.6400146484375,0,2,0.1630637893676758,0.04,0.013
SPY,2026-05-25,2028-01-21,605,call,1050.0,3.9850000000000003,3.93,4.04,745.6400146484375,5,203,0.16292646163940433,0.04,0.013
SPY,2026-05-25,2028-01-21,605,call,1055.0,3.7750000000000004,3.72,3.83,745.6400146484375,0,1,0.1628806857299805,0.04,0.013
SPY,2026-05-25,2028-01-21,605,call,1060.0,3.575,3.52,3.63,745.6400146484375,1,600,0.16281965118408204,0.04,0.013
SPY,2026-05-25,2028-01-21,605,call,1070.0,3.215,3.16,3.27,745.6400146484375,2,43,0.16280439254760742,0.04,0.013
SPY,2026-05-25,2028-01-21,605,call,1075.0,3.05,3.0,3.1,745.6400146484375,403,421,0.16275861663818358,0.04,0.013
SPY,2026-05-25,2028-01-21,605,call,1080.0,2.895,2.84,2.95,745.6400146484375,1,38,0.16285016845703126,0.04,0.013
SPY,2026-05-25,2028-01-21,605,call,1085.0,2.755,2.7,2.81,745.6400146484375,1,1,0.16297223754882814,0.04,0.013
SPY,2026-05-25,2028-01-21,605,call,1090.0,2.62,2.57,2.67,745.6400146484375,9,312,0.16301801345825195,0.04,0.013
SPY,2026-05-25,2028-01-21,605,call,1095.0,2.5,2.45,2.55,745.6400146484375,10,0,0.1632163757324219,0.04,0.013
SPY,2026-05-25,2028-01-21,605,call,1100.0,2.38,2.33,2.43,745.6400146484375,50,740,0.16333844482421878,0.04,0.013
SPY,2026-05-25,2028-01-21,605,call,1105.0,2.275,2.23,2.32,745.6400146484375,0,3,0.16352154846191408,0.04,0.013
SPY,2026-05-25,2028-01-21,605,call,1110.0,2.165,2.12,2.21,745.6400146484375,7,36,0.16364361755371098,0.04,0.013
SPY,2026-05-25,2028-01-21,605,call,1120.0,1.98,1.94,2.02,745.6400146484375,9,6,0.16407085937500002,0.04,0.013
SPY,2026-05-25,2028-01-21,605,call,1130.0,1.82,1.78,1.86,745.6400146484375,3,75,0.16471172210693358,0.04,0.013
SPY,2026-05-25,2028-01-21,605,call,1140.0,1.6749999999999998,1.64,1.71,745.6400146484375,5,158,0.16529155029296877,0.04,0.013
SPY,2026-05-25,2028-01-21,605,call,1150.0,1.545,1.51,1.58,745.6400146484375,2,328,0.16596293029785159,0.04,0.013
SPY,2026-05-25,2028-01-21,605,call,1160.0,1.4249999999999998,1.39,1.46,745.6400146484375,1,26,0.16663431030273443,0.04,0.013
SPY,2026-05-25,2028-01-21,605,call,1170.0,1.3250000000000002,1.29,1.36,745.6400146484375,5,59,0.16748879394531252,0.04,0.013
SPY,2026-05-25,2028-01-21,605,call,1180.0,1.23,1.2,1.26,745.6400146484375,2,476,0.16816017395019534,0.04,0.013
SPY,2026-05-25,2028-01-21,605,call,1190.0,1.145,1.12,1.17,745.6400146484375,4,26,0.1688925885009766,0.04,0.013
SPY,2026-05-25,2028-01-21,605,call,1200.0,1.07,1.04,1.1,745.6400146484375,1,1462,0.16986914123535157,0.04,0.013
SPY,2026-05-25,2028-01-21,605,call,1210.0,0.995,0.97,1.02,745.6400146484375,6,21,0.17054052124023442,0.04,0.013
SPY,2026-05-25,2028-01-21,605,call,1220.0,0.935,0.91,0.96,745.6400146484375,6,16,0.17151707397460939,0.04,0.013
SPY,2026-05-25,2028-01-21,605,call,1230.0,0.875,0.85,0.9,745.6400146484375,8,45,0.17237155761718753,0.04,0.013
SPY,2026-05-25,2028-01-21,605,call,1240.0,0.815,0.79,0.84,745.6400146484375,1,158,0.17310397216796874,0.04,0.013
SPY,2026-05-25,2028-01-21,605,call,1250.0,0.765,0.74,0.79,745.6400146484375,145,259,0.17401949035644532,0.04,0.013
SPY,2026-05-25,2028-01-21,605,call,1260.0,0.72,0.69,0.75,745.6400146484375,1,156,0.17505707763671874,0.04,0.013
SPY,2026-05-25,2028-01-21,605,call,1270.0,0.675,0.65,0.7,745.6400146484375,2,143,0.17572845764160155,0.04,0.013
SPY,2026-05-25,2028-01-21,605,call,1280.0,0.635,0.61,0.66,745.6400146484375,1,203,0.17664397583007813,0.04,0.013
SPY,2026-05-25,2028-01-21,605,call,1290.0,0.6,0.57,0.63,745.6400146484375,2,194,0.17774259765625,0.04,0.013
SPY,2026-05-25,2028-01-21,605,call,1300.0,0.565,0.54,0.59,745.6400146484375,60,654,0.17847501220703127,0.04,0.013
SPY,2026-05-25,2028-01-21,605,call,1310.0,0.535,0.51,0.56,745.6400146484375,120,194,0.17939053039550779,0.04,0.013
SPY,2026-05-25,2028-01-21,605,call,1320.0,0.505,0.48,0.53,745.6400146484375,15,247,0.18030604858398439,0.04,0.013
SPY,2026-05-25,2028-01-21,605,call,1330.0,0.475,0.45,0.5,745.6400146484375,9,1460,0.1810384631347656,0.04,0.013
SPY,2026-05-25,2028-01-21,605,call,1340.0,0.45999999999999996,0.45,0.47,745.6400146484375,375,5688,0.18177087768554687,0.04,0.013
SPY,2026-05-25,2028-01-21,605,call,1480.0,0.225,0.2,0.25,745.6400146484375,30,0,0.194343994140625,0.04,0.013
SPY,2026-05-25,2028-06-16,752,call,50.0,688.995,687.5,690.49,745.6400146484375,2,3,1.0000000000000003e-05,0.04,0.013
SPY,2026-05-25,2028-06-16,752,call,55.0,683.5,681.5,685.5,745.6400146484375,1,1,1.0000000000000003e-05,0.04,0.013
SPY,2026-05-25,2028-06-16,752,call,60.0,679.48,676.0,682.96,745.6400146484375,1,0,1.0000000000000003e-05,0.04,0.013
SPY,2026-05-25,2028-06-16,752,call,65.0,646.025,643.55,648.5,745.6400146484375,2,0,1.0000000000000003e-05,0.04,0.013
SPY,2026-05-25,2028-06-16,752,call,70.0,567.09,0.0,0.0,745.6400146484375,1,0,1.0000000000000003e-05,0.04,0.013
SPY,2026-05-25,2028-06-16,752,call,75.0,559.61,0.0,0.0,745.6400146484375,1,0,1.0000000000000003e-05,0.04,0.013
SPY,2026-05-25,2028-06-16,752,call,80.0,554.63,0.0,0.0,745.6400146484375,0,0,1.0000000000000003e-05,0.04,0.013
SPY,2026-05-25,2028-06-16,752,call,135.0,553.94,0.0,0.0,745.6400146484375,44,0,1.0000000000000003e-05,0.04,0.013
SPY,2026-05-25,2028-06-16,752,call,140.0,551.5,0.0,0.0,745.6400146484375,132,0,1.0000000000000003e-05,0.04,0.013
SPY,2026-05-25,2028-06-16,752,call,155.0,537.78,535.56,540.0,745.6400146484375,0,1,1.0000000000000003e-05,0.04,0.013
SPY,2026-05-25,2028-06-16,752,call,160.0,533.25,531.0,535.5,745.6400146484375,21,41,1.0000000000000003e-05,0.04,0.013
SPY,2026-05-25,2028-06-16,752,call,165.0,529.25,527.0,531.5,745.6400146484375,20,10,1.0000000000000003e-05,0.04,0.013
SPY,2026-05-25,2028-06-16,752,call,180.0,570.75,568.5,573.0,745.6400146484375,6,6,0.5775188732910157,0.04,0.013
SPY,2026-05-25,2028-06-16,752,call,190.0,561.75,559.5,564.0,745.6400146484375,1,2,0.5768474932861327,0.04,0.013
SPY,2026-05-25,2028-06-16,752,call,195.0,557.25,555.0,559.5,745.6400146484375,1,1,0.5757488714599608,0.04,0.013
SPY,2026-05-25,2028-06-16,752,call,200.0,552.75,550.5,555.0,745.6400146484375,7,19,0.5742535250854492,0.04,0.013
SPY,2026-05-25,2028-06-16,752,call,210.0,543.75,541.5,546.0,745.6400146484375,1,1,0.570316796875,0.04,0.013
SPY,2026-05-25,2028-06-16,752,call,225.0,475.0,473.0,477.0,745.6400146484375,0,11,1.0000000000000003e-05,0.04,0.013
SPY,2026-05-25,2028-06-16,752,call,250.0,452.91999999999996,450.84,455.0,745.6400146484375,4,4,1.0000000000000003e-05,0.04,0.013
SPY,2026-05-25,2028-06-16,752,call,300.0,427.805,425.61,430.0,745.6400146484375,2,18,1.0000000000000003e-05,0.04,0.013
SPY,2026-05-25,2028-06-16,752,call,320.0,356.17,0.0,0.0,745.6400146484375,2,0,1.0000000000000003e-05,0.04,0.013
SPY,2026-05-25,2028-06-16,752,call,340.0,373.88,371.76,376.0,745.6400146484375,0,1,1.0000000000000003e-05,0.04,0.013
SPY,2026-05-25,2028-06-16,752,call,350.0,419.25,417.0,421.5,745.6400146484375,9,15,0.4950764604187012,0.04,0.013
SPY,2026-05-25,2028-06-16,752,call,360.0,307.48,0.0,0.0,745.6400146484375,2,0,1.0000000000000003e-05,0.04,0.013
SPY,2026-05-25,2028-06-16,752,call,365.0,303.43,0.0,0.0,745.6400146484375,1,0,1.0000000000000003e-05,0.04,0.013
SPY,2026-05-25,2028-06-16,752,call,370.0,401.65,399.3,404.0,745.6400146484375,1,7,0.48023743644714356,0.04,0.013
SPY,2026-05-25,2028-06-16,752,call,375.0,294.22,0.0,0.0,745.6400146484375,3,0,1.0000000000000003e-05,0.04,0.013
SPY,2026-05-25,2028-06-16,752,call,380.0,339.70500000000004,337.41,342.0,745.6400146484375,0,1,1.0000000000000003e-05,0.04,0.013
SPY,2026-05-25,2028-06-16,752,call,385.0,335.325,333.15,337.5,745.6400146484375,0,66,1.0000000000000003e-05,0.04,0.013
SPY,2026-05-25,2028-06-16,752,call,390.0,376.555,374.61,378.5,745.6400146484375,0,0,0.4194546580505371,0.04,0.013
SPY,2026-05-25,2028-06-16,752,call,395.0,326.775,324.55,329.0,745.6400146484375,0,9,1.0000000000000003e-05,0.04,0.013
SPY,2026-05-25,2028-06-16,752,call,400.0,375.575,373.15,378.0,745.6400146484375,9,383,0.45897452651977544,0.04,0.013
SPY,2026-05-25,2028-06-16,752,call,405.0,363.57,361.64,365.5,745.6400146484375,2,8,0.4113980979919434,0.04,0.013
SPY,2026-05-25,2028-06-16,752,call,410.0,359.16499999999996,357.33,361.0,745.6400146484375,13,18,0.4076902493286133,0.04,0.013
SPY,2026-05-25,2028-06-16,752,call,415.0,310.075,307.65,312.5,745.6400146484375,0,1,1.0000000000000003e-05,0.04,0.013
SPY,2026-05-25,2028-06-16,752,call,420.0,358.18,355.86,360.5,745.6400146484375,1,6,0.4436853727722168,0.04,0.013
SPY,2026-05-25,2028-06-16,752,call,425.0,301.64,299.28,304.0,745.6400146484375,1,29,1.0000000000000003e-05,0.04,0.013
SPY,2026-05-25,2028-06-16,752,call,430.0,349.63,347.26,352.0,745.6400146484375,2,4,0.43721571090698247,0.04,0.013
SPY,2026-05-25,2028-06-16,752,call,435.0,338.225,335.95,340.5,745.6400146484375,1,25,0.3991301542663575,0.04,0.013
SPY,2026-05-25,2028-06-16,752,call,440.0,341.105,338.71,343.5,745.6400146484375,1,15,0.4306468679046631,0.04,0.013
SPY,2026-05-25,2028-06-16,752,call,445.0,302.18,299.86,304.5,745.6400146484375,0,0,0.21857470886230468,0.04,0.013
SPY,2026-05-25,2028-06-16,752,call,450.0,332.6,330.2,335.0,745.6400146484375,2,33,0.42400173171997074,0.04,0.013
SPY,2026-05-25,2028-06-16,752,call,455.0,293.745,291.49,296.0,745.6400146484375,1,3,0.2261887684631348,0.04,0.013
SPY,2026-05-25,2028-06-16,752,call,460.0,324.115,321.73,326.5,745.6400146484375,1,3,0.41728030235290514,0.04,0.013
SPY,2026-05-25,2028-06-16,752,call,465.0,320.005,317.51,322.5,745.6400146484375,2,4,0.4149533602905273,0.04,0.013
SPY,2026-05-25,2028-06-16,752,call,470.0,220.89,0.0,0.0,745.6400146484375,1,0,1.0000000000000003e-05,0.04,0.013
SPY,2026-05-25,2028-06-16,752,call,475.0,311.55,309.1,314.0,745.6400146484375,1,35,0.40810223251342775,0.04,0.013
SPY,2026-05-25,2028-06-16,752,call,480.0,307.21000000000004,304.92,309.5,745.6400146484375,1,1,0.4036467106628418,0.04,0.013
SPY,2026-05-25,2028-06-16,752,call,485.0,303.125,300.75,305.5,745.6400146484375,1,26,0.4011976995086669,0.04,0.013
SPY,2026-05-25,2028-06-16,752,call,490.0,299.04499999999996,296.59,301.5,745.6400146484375,1,8,0.3987029124450684,0.04,0.013
SPY,2026-05-25,2028-06-16,752,call,495.0,294.72,292.44,297.0,745.6400146484375,1,1,0.3942321319580079,0.04,0.013
SPY,2026-05-25,2028-06-16,752,call,500.0,290.65,288.3,293.0,745.6400146484375,1,73,0.391683939666748,0.04,0.013
SPY,2026-05-25,2028-06-16,752,call,505.0,286.59000000000003,284.18,289.0,745.6400146484375,2,3,0.38908997146606444,0.04,0.013
SPY,2026-05-25,2028-06-16,752,call,510.0,282.53499999999997,280.07,285.0,745.6400146484375,1,4,0.3864654859924316,0.04,0.013
SPY,2026-05-25,2028-06-16,752,call,515.0,278.24,275.98,280.5,745.6400146484375,1,5,0.3819718175506591,0.04,0.013
SPY,2026-05-25,2028-06-16,752,call,520.0,274.195,271.89,276.5,745.6400146484375,1,10,0.3792939268493652,0.04,0.013
SPY,2026-05-25,2028-06-16,752,call,525.0,270.16499999999996,267.83,272.5,745.6400146484375,1,1,0.37658551887512204,0.04,0.013
SPY,2026-05-25,2028-06-16,752,call,530.0,266.135,263.77,268.5,745.6400146484375,2,42,0.3738389643096923,0.04,0.013
SPY,2026-05-25,2028-06-16,752,call,535.0,262.12,259.74,264.5,745.6400146484375,10,11,0.37105426315307616,0.04,0.013
SPY,2026-05-25,2028-06-16,752,call,540.0,258.105,255.71,260.5,745.6400146484375,1,13,0.36823904472351077,0.04,0.013
SPY,2026-05-25,2028-06-16,752,call,545.0,254.1,251.7,256.5,745.6400146484375,11,12,0.3653933090209961,0.04,0.013
SPY,2026-05-25,2028-06-16,752,call,550.0,250.10500000000002,247.71,252.5,745.6400146484375,7,346,0.3625170560455323,0.04,0.013
SPY,2026-05-25,2028-06-16,752,call,555.0,169.17,0.0,0.0,745.6400146484375,1,0,1.0000000000000003e-05,0.04,0.013
SPY,2026-05-25,2028-06-16,752,call,560.0,242.135,239.77,244.5,745.6400146484375,1,5,0.35666536895751955,0.04,0.013
SPY,2026-05-25,2028-06-16,752,call,565.0,238.16500000000002,235.83,240.5,745.6400146484375,1,7,0.35369756416320797,0.04,0.013
SPY,2026-05-25,2028-06-16,752,call,570.0,234.2,231.9,236.5,745.6400146484375,1,8,0.3506954274368286,0.04,0.013
SPY,2026-05-25,2028-06-16,752,call,575.0,230.245,227.99,232.5,745.6400146484375,1,12,0.34766277343749996,0.04,0.013
SPY,2026-05-25,2028-06-16,752,call,580.0,226.29500000000002,224.09,228.5,745.6400146484375,1,11,0.3446034168243408,0.04,0.013
SPY,2026-05-25,2028-06-16,752,call,585.0,222.61,220.22,225.0,745.6400146484375,6,16,0.3430546652221679,0.04,0.013
SPY,2026-05-25,2028-06-16,752,call,590.0,218.68,216.36,221.0,745.6400146484375,1,28,0.3399190154266357,0.04,0.013
SPY,2026-05-25,2028-06-16,752,call,595.0,209.06,207.62,210.5,745.6400146484375,2,16,0.3171302418518066,0.04,0.013
SPY,2026-05-25,2028-06-16,752,call,600.0,210.86,208.72,213.0,745.6400146484375,6,356,0.3335714226531983,0.04,0.013
SPY,2026-05-25,2028-06-16,752,call,605.0,207.2,204.9,209.5,745.6400146484375,1,14,0.3318204941177368,0.04,0.013
SPY,2026-05-25,2028-06-16,752,call,610.0,203.31,201.12,205.5,745.6400146484375,13,52,0.32855896057128897,0.04,0.013
SPY,2026-05-25,2028-06-16,752,call,615.0,199.675,197.35,202.0,745.6400146484375,1,7,0.3267126655578613,0.04,0.013
SPY,2026-05-25,2028-06-16,752,call,620.0,195.805,193.61,198.0,745.6400146484375,2,141,0.3233786534881591,0.04,0.013
SPY,2026-05-25,2028-06-16,752,call,625.0,192.195,189.89,194.5,745.6400146484375,1,72,0.3214331773376465,0.04,0.013
SPY,2026-05-25,2028-06-16,752,call,630.0,188.34,186.18,190.5,745.6400146484375,1,26,0.3180305014038085,0.04,0.013
SPY,2026-05-25,2028-06-16,752,call,635.0,184.75,182.5,187.0,745.6400146484375,13,345,0.3159858441162109,0.04,0.013
SPY,2026-05-25,2028-06-16,752,call,640.0,181.175,178.85,183.5,745.6400146484375,1,57,0.3138877816009521,0.04,0.013
SPY,2026-05-25,2028-06-16,752,call,645.0,177.35,175.2,179.5,745.6400146484375,12,46,0.31037829521179194,0.04,0.013
SPY,2026-05-25,2028-06-16,752,call,650.0,173.79000000000002,171.58,176.0,745.6400146484375,3,227,0.3081848662185669,0.04,0.013
SPY,2026-05-25,2028-06-16,752,call,655.0,170.24,167.98,172.5,745.6400146484375,1,41,0.30593803199768066,0.04,0.013
SPY,2026-05-25,2028-06-16,752,call,660.0,166.7,164.4,169.0,745.6400146484375,1,219,0.3036416072082519,0.04,0.013
SPY,2026-05-25,2028-06-16,752,call,665.0,163.17000000000002,160.84,165.5,745.6400146484375,4,106,0.3012917771911621,0.04,0.013
SPY,2026-05-25,2028-06-16,752,call,670.0,159.405,157.31,161.5,745.6400146484375,7,67,0.2975915578460693,0.04,0.013
SPY,2026-05-25,2028-06-16,752,call,675.0,155.91,153.82,158.0,745.6400146484375,1,56,0.2951501760101318,0.04,0.013
SPY,2026-05-25,2028-06-16,752,call,680.0,152.41500000000002,150.33,154.5,745.6400146484375,1,267,0.29265538894653315,0.04,0.013
SPY,2026-05-25,2028-06-16,752,call,685.0,149.175,146.85,151.5,745.6400146484375,1,231,0.2913851074600219,0.04,0.013
SPY,2026-05-25,2028-06-16,752,call,690.0,145.70499999999998,143.41,148.0,745.6400146484375,34,126,0.2887796952819824,0.04,0.013
SPY,2026-05-25,2028-06-16,752,call,695.0,142.245,139.99,144.5,745.6400146484375,1,153,0.2861208778762817,0.04,0.013
SPY,2026-05-25,2028-06-16,752,call,700.0,138.8,136.6,141.0,745.6400146484375,3,256,0.2834124699020385,0.04,0.013
SPY,2026-05-25,2028-06-16,752,call,705.0,135.365,133.23,137.5,745.6400146484375,3,265,0.28065065670013417,0.04,0.013
SPY,2026-05-25,2028-06-16,752,call,710.0,132.195,129.89,134.5,745.6400146484375,1,105,0.2790675731658935,0.04,0.013
SPY,2026-05-25,2028-06-16,752,call,715.0,128.785,126.57,131.0,745.6400146484375,1,245,0.2761951348495482,0.04,0.013
SPY,2026-05-25,2028-06-16,752,call,720.0,125.39,123.28,127.5,745.6400146484375,5,74,0.2732692913055419,0.04,0.013
SPY,2026-05-25,2028-06-16,752,call,725.0,122.255,120.01,124.5,745.6400146484375,24,89,0.2714992894744873,0.04,0.013
SPY,2026-05-25,2028-06-16,752,call,730.0,118.89,116.78,121.0,745.6400146484375,3,203,0.26845519149780267,0.04,0.013
SPY,2026-05-25,2028-06-16,752,call,735.0,115.795,113.59,118.0,745.6400146484375,14,325,0.26655549125671385,0.04,0.013
SPY,2026-05-25,2028-06-16,752,call,740.0,112.695,110.39,115.0,745.6400146484375,4,43,0.26458712715148924,0.04,0.013
SPY,2026-05-25,2028-06-16,752,call,745.0,109.375,107.25,111.5,745.6400146484375,1,110,0.2613599255371094,0.04,0.013
SPY,2026-05-25,2028-06-16,752,call,750.0,106.315,104.13,108.5,745.6400146484375,3,299,0.2592618630218506,0.04,0.013
SPY,2026-05-25,2028-06-16,752,call,755.0,104.31,103.12,105.5,745.6400146484375,3,239,0.2570913219833374,0.04,0.013
SPY,2026-05-25,2028-06-16,752,call,760.0,100.25,98.0,102.5,745.6400146484375,5,516,0.25485211708068856,0.04,0.013
SPY,2026-05-25,2028-06-16,752,call,765.0,97.245,94.99,99.5,745.6400146484375,1,229,0.2525442483139038,0.04,0.013
SPY,2026-05-25,2028-06-16,752,call,770.0,94.265,92.03,96.5,745.6400146484375,2,90,0.2501639010238647,0.04,0.013
SPY,2026-05-25,2028-06-16,752,call,775.0,91.55,89.1,94.0,745.6400146484375,1,59,0.2488783609008789,0.04,0.013
SPY,2026-05-25,2028-06-16,752,call,780.0,88.6,86.2,91.0,745.6400146484375,2,405,0.2463492419052124,0.04,0.013
SPY,2026-05-25,2028-06-16,752,call,785.0,85.68,83.36,88.0,745.6400146484375,1,186,0.24374382972717287,0.04,0.013
SPY,2026-05-25,2028-06-16,752,call,790.0,83.03,80.56,85.5,745.6400146484375,2,37,0.24222941005706783,0.04,0.013
SPY,2026-05-25,2028-06-16,752,call,795.0,80.15,77.8,82.5,745.6400146484375,189,193,0.2394675968551635,0.04,0.013
SPY,2026-05-25,2028-06-16,752,call,800.0,77.53999999999999,75.08,80.0,745.6400146484375,28,2051,0.23779296150207516,0.04,0.013
SPY,2026-05-25,2028-06-16,752,call,805.0,74.91,74.79,75.03,745.6400146484375,25,221,0.23025519508361816,0.04,0.013
SPY,2026-05-25,2028-06-16,752,call,810.0,72.28999999999999,72.17,72.41,745.6400146484375,3,166,0.22812280063629153,0.04,0.013
SPY,2026-05-25,2028-06-16,752,call,815.0,69.715,69.6,69.83,745.6400146484375,3,358,0.22599803550720213,0.04,0.013
SPY,2026-05-25,2028-06-16,752,call,820.0,67.195,67.08,67.31,745.6400146484375,6,183,0.2239266756057739,0.04,0.013
SPY,2026-05-25,2028-06-16,752,call,825.0,64.72999999999999,64.61,64.85,745.6400146484375,1,43,0.22190109161376947,0.04,0.013
SPY,2026-05-25,2028-06-16,752,call,830.0,62.31,62.19,62.43,745.6400146484375,6,23,0.21987932228088378,0.04,0.013
SPY,2026-05-25,2028-06-16,752,call,835.0,59.94,59.82,60.06,745.6400146484375,4,3202,0.21788044090270994,0.04,0.013
SPY,2026-05-25,2028-06-16,752,call,840.0,57.635000000000005,57.52,57.75,745.6400146484375,4,304,0.21592733543395995,0.04,0.013
SPY,2026-05-25,2028-06-16,752,call,845.0,55.385000000000005,55.27,55.5,745.6400146484375,1,157,0.2140200058746338,0.04,0.013
SPY,2026-05-25,2028-06-16,752,call,850.0,53.175,53.06,53.29,745.6400146484375,24,5553,0.21211267631530759,0.04,0.013
SPY,2026-05-25,2028-06-16,752,call,855.0,51.03,50.92,51.14,745.6400146484375,8,88,0.21024349334716796,0.04,0.013
SPY,2026-05-25,2028-06-16,752,call,860.0,48.945,48.83,49.06,745.6400146484375,2,75,0.20844678890228263,0.04,0.013
SPY,2026-05-25,2028-06-16,752,call,865.0,46.905,46.79,47.02,745.6400146484375,2,96,0.20664245513916013,0.04,0.013
SPY,2026-05-25,2028-06-16,752,call,870.0,44.93,44.82,45.04,745.6400146484375,1,73,0.2048838972854614,0.04,0.013
SPY,2026-05-25,2028-06-16,752,call,875.0,43.019999999999996,42.91,43.13,745.6400146484375,4,928,0.2031901886367798,0.04,0.013
SPY,2026-05-25,2028-06-16,752,call,880.0,41.15,41.04,41.26,745.6400146484375,8,150,0.2014926653289795,0.04,0.013
SPY,2026-05-25,2028-06-16,752,call,885.0,39.35,39.24,39.46,745.6400146484375,3,4,0.19986380588531494,0.04,0.013
SPY,2026-05-25,2028-06-16,752,call,890.0,37.614999999999995,37.51,37.72,745.6400146484375,4,334,0.1982807223510742,0.04,0.013
SPY,2026-05-25,2028-06-16,752,call,895.0,35.915000000000006,35.81,36.02,745.6400146484375,8,36,0.19669000949859616,0.04,0.013
SPY,2026-05-25,2028-06-16,752,call,900.0,34.285,34.18,34.39,745.6400146484375,3,1561,0.19517558982849123,0.04,0.013
SPY,2026-05-25,2028-06-16,752,call,905.0,32.72,32.62,32.82,745.6400146484375,3,159,0.19370313140869144,0.04,0.013
SPY,2026-05-25,2028-06-16,752,call,910.0,31.200000000000003,31.1,31.3,745.6400146484375,3,24,0.19226119026184083,0.04,0.013
SPY,2026-05-25,2028-06-16,752,call,915.0,29.740000000000002,29.64,29.84,745.6400146484375,1,124,0.19086502502441405,0.04,0.013
SPY,2026-05-25,2028-06-16,752,call,920.0,28.34,28.24,28.44,745.6400146484375,3,40,0.18952989433288578,0.04,0.013
SPY,2026-05-25,2028-06-16,752,call,925.0,26.985,26.89,27.08,745.6400146484375,181,184,0.18819094898223876,0.04,0.013
SPY,2026-05-25,2028-06-16,752,call,930.0,25.685000000000002,25.59,25.78,745.6400146484375,14,44,0.18691303817749022,0.04,0.013
SPY,2026-05-25,2028-06-16,752,call,935.0,24.455,24.36,24.55,745.6400146484375,2,75,0.18572286453247067,0.04,0.013
SPY,2026-05-25,2028-06-16,752,call,940.0,23.26,23.17,23.35,745.6400146484375,1,11,0.18451743225097655,0.04,0.013
SPY,2026-05-25,2028-06-16,752,call,945.0,22.115000000000002,22.02,22.21,745.6400146484375,2,234,0.18337303451538084,0.04,0.013
SPY,2026-05-25,2028-06-16,752,call,950.0,21.03,20.94,21.12,745.6400146484375,9,93,0.1822782273483276,0.04,0.013
SPY,2026-05-25,2028-06-16,752,call,955.0,19.99,19.9,20.08,745.6400146484375,15,20,0.18122919609069824,0.04,0.013
SPY,2026-05-25,2028-06-16,752,call,960.0,17.884999999999998,17.77,18.0,745.6400146484375,1,22,0.17655623867034914,0.04,0.013
SPY,2026-05-25,2028-06-16,752,call,965.0,18.04,17.95,18.13,745.6400146484375,1,87,0.1792226853942871,0.04,0.013
SPY,2026-05-25,2028-06-16,752,call,970.0,17.134999999999998,17.05,17.22,745.6400146484375,1,247,0.17826902061462405,0.04,0.013
SPY,2026-05-25,2028-06-16,752,call,975.0,16.265,16.18,16.35,745.6400146484375,40,46,0.17734587310791017,0.04,0.013
SPY,2026-05-25,2028-06-16,752,call,980.0,15.445,15.36,15.53,745.6400146484375,61,62,0.17649138946533205,0.04,0.013
SPY,2026-05-25,2028-06-16,752,call,985.0,14.66,14.58,14.74,745.6400146484375,2,10,0.17564453514099124,0.04,0.013
SPY,2026-05-25,2028-06-16,752,call,990.0,13.91,13.83,13.99,745.6400146484375,1,73,0.1748358274078369,0.04,0.013
SPY,2026-05-25,2028-06-16,752,call,995.0,13.21,13.13,13.29,745.6400146484375,1,153,0.174111042175293,0.04,0.013
SPY,2026-05-25,2028-06-16,752,call,1000.0,12.535,12.45,12.62,745.6400146484375,22,2584,0.17340914489746095,0.04,0.013
SPY,2026-05-25,2028-06-16,752,call,1005.0,11.89,11.81,11.97,745.6400146484375,2,34,0.1726767303466797,0.04,0.013
SPY,2026-05-25,2028-06-16,752,call,1010.0,11.29,11.21,11.37,745.6400146484375,1,3,0.1720511262512207,0.04,0.013
SPY,2026-05-25,2028-06-16,752,call,1015.0,10.715,10.64,10.79,745.6400146484375,382,241,0.17141789283752443,0.04,0.013
SPY,2026-05-25,2028-06-16,752,call,1020.0,10.165,10.09,10.24,745.6400146484375,5,40,0.17081517669677737,0.04,0.013
SPY,2026-05-25,2028-06-16,752,call,1025.0,9.655000000000001,9.58,9.73,745.6400146484375,7,2,0.17028875373840335,0.04,0.013
SPY,2026-05-25,2028-06-16,752,call,1030.0,9.165,9.09,9.24,745.6400146484375,1,6,0.16976996009826664,0.04,0.013
SPY,2026-05-25,2028-06-16,752,call,1040.0,7.859999999999999,7.76,7.96,745.6400146484375,1,14,0.16687844848632816,0.04,0.013
SPY,2026-05-25,2028-06-16,752,call,1045.0,7.85,7.78,7.92,745.6400146484375,40,36,0.16838142417907717,0.04,0.013
SPY,2026-05-25,2028-06-16,752,call,1050.0,7.46,7.39,7.53,745.6400146484375,1,137,0.16799995826721195,0.04,0.013
SPY,2026-05-25,2028-06-16,752,call,1060.0,6.744999999999999,6.68,6.81,745.6400146484375,1,52,0.16730569030761722,0.04,0.013
SPY,2026-05-25,2028-06-16,752,call,1070.0,6.1,6.04,6.16,745.6400146484375,1,40,0.16668008621215824,0.04,0.013
SPY,2026-05-25,2028-06-16,752,call,1080.0,5.529999999999999,5.47,5.59,745.6400146484375,1,2,0.16622232711791995,0.04,0.013
SPY,2026-05-25,2028-06-16,752,call,1090.0,5.02,4.96,5.08,745.6400146484375,1,2,0.16585611984252935,0.04,0.013
SPY,2026-05-25,2028-06-16,752,call,1100.0,4.5649999999999995,4.51,4.62,745.6400146484375,30,2375,0.16555094711303714,0.04,0.013
SPY,2026-05-25,2028-06-16,752,call,1105.0,4.355,4.3,4.41,745.6400146484375,1,3,0.16544413665771485,0.04,0.013
SPY,2026-05-25,2028-06-16,752,call,1110.0,4.16,4.1,4.22,745.6400146484375,3,40,0.16542887802124023,0.04,0.013
SPY,2026-05-25,2028-06-16,752,call,1120.0,3.8049999999999997,3.75,3.86,745.6400146484375,1,6,0.16536784347534184,0.04,0.013
SPY,2026-05-25,2028-06-16,752,call,1130.0,3.48,3.43,3.53,745.6400146484375,2,7,0.16530680892944338,0.04,0.013
SPY,2026-05-25,2028-06-16,752,call,1140.0,3.1950000000000003,3.14,3.25,745.6400146484375,1,4,0.16545939529418946,0.04,0.013
SPY,2026-05-25,2028-06-16,752,call,1150.0,2.9400000000000004,2.89,2.99,745.6400146484375,26,666,0.16559672302246098,0.04,0.013
SPY,2026-05-25,2028-06-16,752,call,1160.0,2.715,2.67,2.76,745.6400146484375,1,22,0.16584086120605473,0.04,0.013
SPY,2026-05-25,2028-06-16,752,call,1170.0,2.515,2.47,2.56,745.6400146484375,1,34,0.16620706848144534,0.04,0.013
SPY,2026-05-25,2028-06-16,752,call,1180.0,2.33,2.29,2.37,745.6400146484375,1,22,0.16651224121093755,0.04,0.013
SPY,2026-05-25,2028-06-16,752,call,1190.0,2.17,2.13,2.21,745.6400146484375,2,202,0.16703103485107423,0.04,0.013
SPY,2026-05-25,2028-06-16,752,call,1200.0,2.02,1.98,2.06,745.6400146484375,14,722,0.16748879394531252,0.04,0.013
SPY,2026-05-25,2028-06-16,752,call,1210.0,1.8900000000000001,1.85,1.93,745.6400146484375,1,4,0.1680991394042969,0.04,0.013
SPY,2026-05-25,2028-06-16,752,call,1220.0,1.77,1.73,1.81,745.6400146484375,372,377,0.1687094848632813,0.04,0.013
SPY,2026-05-25,2028-06-16,752,call,1230.0,1.665,1.63,1.7,745.6400146484375,1,4,0.16935034759521483,0.04,0.013
SPY,2026-05-25,2028-06-16,752,call,1240.0,1.565,1.53,1.6,745.6400146484375,1,204,0.16999121032714848,0.04,0.013
SPY,2026-05-25,2028-06-16,752,call,1250.0,1.47,1.44,1.5,745.6400146484375,32,245,0.17054052124023442,0.04,0.013
SPY,2026-05-25,2028-06-16,752,call,1260.0,1.3900000000000001,1.36,1.42,745.6400146484375,1,7,0.17133397033691405,0.04,0.013
SPY,2026-05-25,2028-06-16,752,call,1270.0,1.31,1.28,1.34,745.6400146484375,2,158,0.1720053503417969,0.04,0.013
SPY,2026-05-25,2028-06-16,752,call,1280.0,1.24,1.21,1.27,745.6400146484375,400,437,0.17276828216552736,0.04,0.013
SPY,2026-05-25,2028-06-16,752,call,1290.0,1.18,1.15,1.21,745.6400146484375,200,273,0.1736532830810547,0.04,0.013
SPY,2026-05-25,2028-06-16,752,call,1300.0,1.115,1.09,1.14,745.6400146484375,11,915,0.17423311126708985,0.04,0.013
SPY,2026-05-25,2028-06-16,752,call,1310.0,1.065,1.04,1.09,745.6400146484375,1,20,0.17517914672851562,0.04,0.013
SPY,2026-05-25,2028-06-16,752,call,1320.0,0.375,0.33,0.42,745.6400146484375,1,2,0.15747912841796874,0.04,0.013
SPY,2026-05-25,2028-06-16,752,call,1330.0,0.965,0.94,0.99,745.6400146484375,1,48,0.176766044921875,0.04,0.013
SPY,2026-05-25,2028-06-16,752,call,1340.0,0.915,0.89,0.94,745.6400146484375,1,355,0.17749845947265624,0.04,0.013
SPY,2026-05-25,2028-06-16,752,call,1350.0,0.875,0.85,0.9,745.6400146484375,3,161,0.1783529431152344,0.04,0.013
SPY,2026-05-25,2028-06-16,752,call,1360.0,0.835,0.81,0.86,745.6400146484375,25,1996,0.17914639221191403,0.04,0.013
SPY,2026-05-25,2028-06-16,752,call,1470.0,0.53,0.5,0.56,745.6400146484375,4,0,0.18854571228027345,0.04,0.013
SPY,2026-05-25,2028-12-15,934,call,50.0,696.25,694.0,698.5,745.6400146484375,2,48,0.7153348779296875,0.04,0.013
SPY,2026-05-25,2028-12-15,934,call,60.0,686.25,684.0,688.5,745.6400146484375,0,3,0.6635775830078127,0.04,0.013
SPY,2026-05-25,2028-12-15,934,call,70.0,619.49,0.0,0.0,745.6400146484375,0,0,1.0000000000000003e-05,0.04,0.013
SPY,2026-05-25,2028-12-15,934,call,90.0,648.75,647.5,650.0,745.6400146484375,1,0,1.0000000000000003e-05,0.04,0.013
SPY,2026-05-25,2028-12-15,934,call,100.0,646.73,644.5,648.96,745.6400146484375,5,6,0.5659223095703125,0.04,0.013
SPY,2026-05-25,2028-12-15,934,call,120.0,568.5,0.0,0.0,745.6400146484375,10,0,1.0000000000000003e-05,0.04,0.013
SPY,2026-05-25,2028-12-15,934,call,130.0,616.6600000000001,614.5,618.82,745.6400146484375,1,0,0.5815471533203125,0.04,0.013
SPY,2026-05-25,2028-12-15,934,call,140.0,607.675,605.5,609.85,745.6400146484375,1,1,0.5163622583007812,0.04,0.013
SPY,2026-05-25,2028-12-15,934,call,150.0,599.025,597.0,601.05,745.6400146484375,0,0,0.5397995239257813,0.04,0.013
SPY,2026-05-25,2028-12-15,934,call,160.0,590.13,588.0,592.26,745.6400146484375,2,0,0.5462691857910158,0.04,0.013
SPY,2026-05-25,2028-12-15,934,call,170.0,581.24,579.0,583.48,745.6400146484375,2,2,0.5485579812622071,0.04,0.013
SPY,2026-05-25,2028-12-15,934,call,180.0,572.605,570.5,574.71,745.6400146484375,2,3,0.5525557440185547,0.04,0.013
SPY,2026-05-25,2028-12-15,934,call,190.0,563.725,561.5,565.95,745.6400146484375,2,1,0.5499617758178713,0.04,0.013
SPY,2026-05-25,2028-12-15,934,call,200.0,555.1,553.0,557.2,745.6400146484375,1,27,0.5496260858154298,0.04,0.013
SPY,2026-05-25,2028-12-15,934,call,210.0,546.23,544.0,548.46,745.6400146484375,0,1,0.5447433221435547,0.04,0.013
SPY,2026-05-25,2028-12-15,934,call,220.0,537.615,535.5,539.73,745.6400146484375,1,2,0.5421188366699221,0.04,0.013
SPY,2026-05-25,2028-12-15,934,call,230.0,528.75,526.5,531.0,745.6400146484375,2,3,0.5359238302612305,0.04,0.013
SPY,2026-05-25,2028-12-15,934,call,250.0,511.25,509.0,513.5,745.6400146484375,1,4,0.5247545083618165,0.04,0.013
SPY,2026-05-25,2028-12-15,934,call,260.0,502.72,500.5,504.94,745.6400146484375,2,2,0.5205431246948241,0.04,0.013
SPY,2026-05-25,2028-12-15,934,call,270.0,438.75,436.5,441.0,745.6400146484375,0,1,1.0000000000000003e-05,0.04,0.013
SPY,2026-05-25,2028-12-15,934,call,280.0,430.25,428.0,432.5,745.6400146484375,0,1,1.0000000000000003e-05,0.04,0.013
SPY,2026-05-25,2028-12-15,934,call,290.0,421.615,419.23,424.0,745.6400146484375,0,2,1.0000000000000003e-05,0.04,0.013
SPY,2026-05-25,2028-12-15,934,call,300.0,468.0,466.0,470.0,745.6400146484375,1,44,0.5092746216583253,0.04,0.013
SPY,2026-05-25,2028-12-15,934,call,310.0,459.25,457.0,461.5,745.6400146484375,1,9,0.5031787963867188,0.04,0.013
SPY,2026-05-25,2028-12-15,934,call,320.0,345.98,0.0,0.0,745.6400146484375,1,0,1.0000000000000003e-05,0.04,0.013
SPY,2026-05-25,2028-12-15,934,call,330.0,353.87,0.0,0.0,745.6400146484375,2,0,1.0000000000000003e-05,0.04,0.013
SPY,2026-05-25,2028-12-15,934,call,335.0,437.75,435.5,440.0,745.6400146484375,2,9,0.4859365371704102,0.04,0.013
SPY,2026-05-25,2028-12-15,934,call,340.0,397.64,395.28,400.0,745.6400146484375,3,22,1.0000000000000003e-05,0.04,0.013
SPY,2026-05-25,2028-12-15,934,call,345.0,393.515,391.03,396.0,745.6400146484375,3,3,1.0000000000000003e-05,0.04,0.013
SPY,2026-05-25,2028-12-15,934,call,350.0,425.24,423.0,427.48,745.6400146484375,1,24,0.47748325256347657,0.04,0.013
SPY,2026-05-25,2028-12-15,934,call,355.0,420.75,418.5,423.0,745.6400146484375,1,7,0.47297432548522944,0.04,0.013
SPY,2026-05-25,2028-12-15,934,call,360.0,416.48,414.0,418.96,745.6400146484375,1,8,0.4707694525146484,0.04,0.013
SPY,2026-05-25,2028-12-15,934,call,365.0,412.25,410.0,414.5,745.6400146484375,1,1,0.46639022384643564,0.04,0.013
SPY,2026-05-25,2028-12-15,934,call,370.0,407.99,405.5,410.48,745.6400146484375,1,6,0.46421586814880367,0.04,0.013
SPY,2026-05-25,2028-12-15,934,call,375.0,403.75,401.5,406.0,745.6400146484375,1,11,0.45974508766174316,0.04,0.013
SPY,2026-05-25,2028-12-15,934,call,380.0,399.51,397.02,402.0,745.6400146484375,1,7,0.45760124923706064,0.04,0.013
SPY,2026-05-25,2028-12-15,934,call,385.0,395.25,393.0,397.5,745.6400146484375,1,6,0.453054175567627,0.04,0.013
SPY,2026-05-25,2028-12-15,934,call,390.0,339.84,0.0,0.0,745.6400146484375,2,0,1.0000000000000003e-05,0.04,0.013
SPY,2026-05-25,2028-12-15,934,call,395.0,386.94,384.5,389.38,745.6400146484375,0,2,0.4480646014404296,0.04,0.013
SPY,2026-05-25,2028-12-15,934,call,400.0,382.75,380.5,385.0,745.6400146484375,3,91,0.4440744680023193,0.04,0.013
SPY,2026-05-25,2028-12-15,934,call,405.0,378.495,376.0,380.99,745.6400146484375,4,6,0.44173226730346676,0.04,0.013
SPY,2026-05-25,2028-12-15,934,call,410.0,374.40999999999997,372.0,376.82,745.6400146484375,6,29,0.4386500227355958,0.04,0.013
SPY,2026-05-25,2028-12-15,934,call,415.0,301.14,298.78,303.5,745.6400146484375,0,12,1.0000000000000003e-05,0.04,0.013
SPY,2026-05-25,2028-12-15,934,call,420.0,365.995,363.5,368.49,745.6400146484375,12,28,0.4324855335998535,0.04,0.013
SPY,2026-05-25,2028-12-15,934,call,425.0,361.91999999999996,359.5,364.34,745.6400146484375,1,9,0.4294490649414063,0.04,0.013
SPY,2026-05-25,2028-12-15,934,call,430.0,271.8,0.0,0.0,745.6400146484375,1,0,1.0000000000000003e-05,0.04,0.013
SPY,2026-05-25,2028-12-15,934,call,435.0,270.36,0.0,0.0,745.6400146484375,1,0,1.0000000000000003e-05,0.04,0.013
SPY,2026-05-25,2028-12-15,934,call,440.0,349.48,347.0,351.96,745.6400146484375,2,5,0.4204998746490479,0.04,0.013
SPY,2026-05-25,2028-12-15,934,call,445.0,337.765,336.03,339.5,745.6400146484375,1,1,0.3845428977966308,0.04,0.013
SPY,2026-05-25,2028-12-15,934,call,450.0,341.375,339.0,343.75,745.6400146484375,1,29,0.41461004096984866,0.04,0.013
SPY,2026-05-25,2028-12-15,934,call,455.0,337.08500000000004,334.67,339.5,745.6400146484375,9,17,0.4111005545806885,0.04,0.013
SPY,2026-05-25,2028-12-15,934,call,460.0,333.05,330.6,335.5,745.6400146484375,2,13,0.4085065863800049,0.04,0.013
SPY,2026-05-25,2028-12-15,934,call,465.0,329.015,326.53,331.5,745.6400146484375,2,16,0.4058897302246094,0.04,0.013
SPY,2026-05-25,2028-12-15,934,call,470.0,324.99,322.5,327.48,745.6400146484375,2,3,0.4031736929321289,0.04,0.013
SPY,2026-05-25,2028-12-15,934,call,475.0,320.97,318.5,323.44,745.6400146484375,1,35,0.40036610382080084,0.04,0.013
SPY,2026-05-25,2028-12-15,934,call,480.0,316.96000000000004,314.5,319.42,745.6400146484375,1,4,0.3976042906188965,0.04,0.013
SPY,2026-05-25,2028-12-15,934,call,485.0,312.95500000000004,310.5,315.41,745.6400146484375,4,18,0.3948577360534668,0.04,0.013
SPY,2026-05-25,2028-12-15,934,call,490.0,308.95,306.5,311.4,745.6400146484375,1,7,0.3920844788742065,0.04,0.013
SPY,2026-05-25,2028-12-15,934,call,495.0,304.95500000000004,302.5,307.41,745.6400146484375,1,7,0.38935699760437015,0.04,0.013
SPY,2026-05-25,2028-12-15,934,call,500.0,300.97,298.5,303.44,745.6400146484375,2,126,0.3866791069030761,0.04,0.013
SPY,2026-05-25,2028-12-15,934,call,505.0,296.99,294.5,299.48,745.6400146484375,2,8,0.3840012162017823,0.04,0.013
SPY,2026-05-25,2028-12-15,934,call,510.0,293.02,290.54,295.5,745.6400146484375,6,5,0.38124321765899655,0.04,0.013
SPY,2026-05-25,2028-12-15,934,call,515.0,289.05,286.6,291.5,745.6400146484375,4,11,0.37839366729736323,0.04,0.013
SPY,2026-05-25,2028-12-15,934,call,520.0,285.09000000000003,282.68,287.5,745.6400146484375,1,55,0.375532672958374,0.04,0.013
SPY,2026-05-25,2028-12-15,934,call,525.0,281.135,278.77,283.5,745.6400146484375,2,20,0.37264497600555424,0.04,0.013
SPY,2026-05-25,2028-12-15,934,call,530.0,277.19,274.88,279.5,745.6400146484375,5,17,0.36974202041625975,0.04,0.013
SPY,2026-05-25,2028-12-15,934,call,535.0,273.505,271.01,276.0,745.6400146484375,3,31,0.3683382258605958,0.04,0.013
SPY,2026-05-25,2028-12-15,934,call,540.0,269.57,267.14,272.0,745.6400146484375,14,7,0.3653780503845215,0.04,0.013
SPY,2026-05-25,2028-12-15,934,call,545.0,265.645,263.29,268.0,745.6400146484375,2,10,0.3624026162719727,0.04,0.013
SPY,2026-05-25,2028-12-15,934,call,550.0,261.73,259.46,264.0,745.6400146484375,9,92,0.35941192352294915,0.04,0.013
SPY,2026-05-25,2028-12-15,934,call,555.0,258.075,255.65,260.5,745.6400146484375,4,111,0.35784791328430177,0.04,0.013
SPY,2026-05-25,2028-12-15,934,call,560.0,254.175,251.85,256.5,745.6400146484375,1,58,0.35480381530761707,0.04,0.013
SPY,2026-05-25,2028-12-15,934,call,565.0,217.24,214.98,219.5,745.6400146484375,2,4,0.25487500503540045,0.04,0.013
SPY,2026-05-25,2028-12-15,934,call,570.0,246.65,244.3,249.0,745.6400146484375,5,12,0.35006982334136955,0.04,0.013
SPY,2026-05-25,2028-12-15,934,call,575.0,242.775,240.55,245.0,745.6400146484375,5,31,0.3469646908187865,0.04,0.013
SPY,2026-05-25,2028-12-15,934,call,580.0,239.16,236.82,241.5,745.6400146484375,1,32,0.34521376228332523,0.04,0.013
SPY,2026-05-25,2028-12-15,934,call,585.0,235.305,233.11,237.5,745.6400146484375,1,16,0.3420590391921997,0.04,0.013
SPY,2026-05-25,2028-12-15,934,call,590.0,231.7,229.4,234.0,745.6400146484375,2,46,0.3402318174743652,0.04,0.013
SPY,2026-05-25,2028-12-15,934,call,595.0,228.11,225.72,230.5,745.6400146484375,1,15,0.3383626345062255,0.04,0.013
SPY,2026-05-25,2028-12-15,934,call,600.0,224.28,222.06,226.5,745.6400146484375,2,150,0.3351354328918457,0.04,0.013
SPY,2026-05-25,2028-12-15,934,call,605.0,220.70999999999998,218.42,223.0,745.6400146484375,1,19,0.3331975860595704,0.04,0.013
SPY,2026-05-25,2028-12-15,934,call,610.0,217.15,214.8,219.5,745.6400146484375,1,25,0.3312139633178711,0.04,0.013
SPY,2026-05-25,2028-12-15,934,call,615.0,213.35,211.2,215.5,745.6400146484375,20,69,0.32791809783935544,0.04,0.013
SPY,2026-05-25,2028-12-15,934,call,620.0,209.8,207.6,212.0,745.6400146484375,1,73,0.3258696258926392,0.04,0.013
SPY,2026-05-25,2028-12-15,934,call,625.0,206.265,204.03,208.5,745.6400146484375,2,222,0.32378300735473625,0.04,0.013
SPY,2026-05-25,2028-12-15,934,call,630.0,202.74,200.48,205.0,745.6400146484375,5,934,0.3216544275665283,0.04,0.013
SPY,2026-05-25,2028-12-15,934,call,635.0,199.225,196.95,201.5,745.6400146484375,2,347,0.3194915158462524,0.04,0.013
SPY,2026-05-25,2028-12-15,934,call,640.0,195.715,193.43,198.0,745.6400146484375,3,2754,0.31729045753479,0.04,0.013
SPY,2026-05-25,2028-12-15,934,call,645.0,192.215,189.93,194.5,745.6400146484375,1,993,0.31505125263214107,0.04,0.013
SPY,2026-05-25,2028-12-15,934,call,650.0,188.95499999999998,186.91,191.0,745.6400146484375,1,882,0.3127739011383056,0.04,0.013
SPY,2026-05-25,2028-12-15,934,call,655.0,185.255,183.01,187.5,745.6400146484375,10,1497,0.3104584030532837,0.04,0.013
SPY,2026-05-25,2028-12-15,934,call,660.0,181.785,179.57,184.0,745.6400146484375,13,790,0.3081085730361938,0.04,0.013
SPY,2026-05-25,2028-12-15,934,call,665.0,178.325,176.15,180.5,745.6400146484375,4,778,0.3057244110870362,0.04,0.013
SPY,2026-05-25,2028-12-15,934,call,670.0,174.875,172.75,177.0,745.6400146484375,1,512,0.3032982878875732,0.04,0.013
SPY,2026-05-25,2028-12-15,934,call,675.0,171.44,169.38,173.5,745.6400146484375,96,631,0.3008378327560425,0.04,0.013
SPY,2026-05-25,2028-12-15,934,call,680.0,168.265,166.03,170.5,745.6400146484375,1,684,0.29949507274627685,0.04,0.013
SPY,2026-05-25,2028-12-15,934,call,685.0,164.845,162.69,167.0,745.6400146484375,1,1475,0.2969545097732543,0.04,0.013
SPY,2026-05-25,2028-12-15,934,call,690.0,161.435,159.37,163.5,745.6400146484375,358,2386,0.29437580020904536,0.04,0.013
SPY,2026-05-25,2028-12-15,934,call,695.0,158.285,156.07,160.5,745.6400146484375,1,2463,0.2928918978118895,0.04,0.013
SPY,2026-05-25,2028-12-15,934,call,700.0,154.9,152.8,157.0,745.6400146484375,4,733,0.29023308040618895,0.04,0.013
SPY,2026-05-25,2028-12-15,934,call,705.0,151.775,149.55,154.0,745.6400146484375,6,158,0.28865381153106684,0.04,0.013
SPY,2026-05-25,2028-12-15,934,call,710.0,148.405,146.31,150.5,745.6400146484375,16,1955,0.2859110716247558,0.04,0.013
SPY,2026-05-25,2028-12-15,934,call,715.0,145.3,143.1,147.5,745.6400146484375,136,594,0.2842402509307861,0.04,0.013
SPY,2026-05-25,2028-12-15,934,call,720.0,141.95499999999998,139.91,144.0,745.6400146484375,4,1117,0.28141740318298336,0.04,0.013
SPY,2026-05-25,2028-12-15,934,call,725.0,138.875,136.75,141.0,745.6400146484375,3,214,0.27964740135192867,0.04,0.013
SPY,2026-05-25,2028-12-15,934,call,730.0,135.8,133.6,138.0,745.6400146484375,32,943,0.2778316236114502,0.04,0.013
SPY,2026-05-25,2028-12-15,934,call,735.0,132.74,130.48,135.0,745.6400146484375,2,796,0.2759624406433105,0.04,0.013
SPY,2026-05-25,2028-12-15,934,call,740.0,129.44,127.38,131.5,745.6400146484375,5,463,0.27296793323516844,0.04,0.013
SPY,2026-05-25,2028-12-15,934,call,745.0,126.41,124.32,128.5,745.6400146484375,191,499,0.2710033837890625,0.04,0.013
SPY,2026-05-25,2028-12-15,934,call,750.0,124.265,123.03,125.5,745.6400146484375,42,540,0.268989243774414,0.04,0.013
SPY,2026-05-25,2028-12-15,934,call,755.0,120.36500000000001,118.23,122.5,745.6400146484375,1,60,0.26692551319122315,0.04,0.013
SPY,2026-05-25,2028-12-15,934,call,760.0,117.37,115.24,119.5,745.6400146484375,16,1811,0.2648083773803711,0.04,0.013
SPY,2026-05-25,2028-12-15,934,call,765.0,114.64,112.28,117.0,745.6400146484375,1,142,0.2637021262359619,0.04,0.013
SPY,2026-05-25,2028-12-15,934,call,770.0,111.68,109.36,114.0,745.6400146484375,3,136,0.2614781799697876,0.04,0.013
SPY,2026-05-25,2028-12-15,934,call,775.0,108.715,106.43,111.0,745.6400146484375,1,164,0.25920464313507086,0.04,0.013
SPY,2026-05-25,2028-12-15,934,call,780.0,106.03999999999999,103.58,108.5,745.6400146484375,5,108,0.2579267323303223,0.04,0.013
SPY,2026-05-25,2028-12-15,934,call,785.0,103.11,100.72,105.5,745.6400146484375,1,136,0.25554257038116457,0.04,0.013
SPY,2026-05-25,2028-12-15,934,call,790.0,100.21000000000001,97.92,102.5,745.6400146484375,4,111,0.2531011885452271,0.04,0.013
SPY,2026-05-25,2028-12-15,934,call,795.0,97.565,95.13,100.0,745.6400146484375,1,45,0.25165543273925783,0.04,0.013
SPY,2026-05-25,2028-12-15,934,call,800.0,94.75,92.5,97.0,745.6400146484375,2,4551,0.24909961112976073,0.04,0.013
SPY,2026-05-25,2028-12-15,934,call,805.0,91.925,89.85,94.0,745.6400146484375,1,247,0.24648275497436523,0.04,0.013
SPY,2026-05-25,2028-12-15,934,call,810.0,89.50999999999999,87.03,91.99,745.6400146484375,1,1138,0.24588385349273684,0.04,0.013
SPY,2026-05-25,2028-12-15,934,call,815.0,86.925,84.5,89.35,745.6400146484375,2,212,0.24390404541015626,0.04,0.013
SPY,2026-05-25,2028-12-15,934,call,820.0,84.375,82.0,86.75,745.6400146484375,1,730,0.24194331062316896,0.04,0.013
SPY,2026-05-25,2028-12-15,934,call,825.0,81.745,81.59,81.9,745.6400146484375,1,105,0.23518754932403563,0.04,0.013
SPY,2026-05-25,2028-12-15,934,call,830.0,79.24000000000001,79.08,79.4,745.6400146484375,2,1192,0.23330310771942137,0.04,0.013
SPY,2026-05-25,2028-12-15,934,call,835.0,76.75,76.59,76.91,745.6400146484375,2,43,0.23137289020538332,0.04,0.013
SPY,2026-05-25,2028-12-15,934,call,840.0,74.32,74.16,74.48,745.6400146484375,2,189,0.229499892578125,0.04,0.013
SPY,2026-05-25,2028-12-15,934,call,845.0,71.945,71.79,72.1,745.6400146484375,2,423,0.22766122688293455,0.04,0.013
SPY,2026-05-25,2028-12-15,934,call,850.0,69.605,69.45,69.76,745.6400146484375,2,287,0.22584163448333738,0.04,0.013
SPY,2026-05-25,2028-12-15,934,call,855.0,67.28,67.13,67.43,745.6400146484375,1,117,0.22396863685607907,0.04,0.013
SPY,2026-05-25,2028-12-15,934,call,860.0,65.035,64.88,65.19,745.6400146484375,1,137,0.222213893661499,0.04,0.013
SPY,2026-05-25,2028-12-15,934,call,865.0,62.835,62.68,62.99,745.6400146484375,11,135,0.22047440910339353,0.04,0.013
SPY,2026-05-25,2028-12-15,934,call,870.0,60.66,60.51,60.81,745.6400146484375,6,58,0.21870059261322017,0.04,0.013
SPY,2026-05-25,2028-12-15,934,call,875.0,58.525,58.37,58.68,745.6400146484375,1,39,0.2169611080551147,0.04,0.013
SPY,2026-05-25,2028-12-15,934,call,880.0,56.465,56.31,56.62,745.6400146484375,2,87,0.21529410202026367,0.04,0.013
SPY,2026-05-25,2028-12-15,934,call,885.0,54.45,54.3,54.6,745.6400146484375,1,51,0.21364235462188724,0.04,0.013
SPY,2026-05-25,2028-12-15,934,call,890.0,52.45,52.3,52.6,745.6400146484375,1,204,0.2119524606323242,0.04,0.013
SPY,2026-05-25,2028-12-15,934,call,895.0,50.519999999999996,50.37,50.67,745.6400146484375,34,75,0.21033885982513428,0.04,0.013
SPY,2026-05-25,2028-12-15,934,call,900.0,48.655,48.51,48.8,745.6400146484375,19,2601,0.20877866424560543,0.04,0.013
SPY,2026-05-25,2028-12-15,934,call,905.0,46.815,46.67,46.96,745.6400146484375,31,71,0.20720702468872065,0.04,0.013
SPY,2026-05-25,2028-12-15,934,call,910.0,45.015,44.87,45.16,745.6400146484375,6,307,0.20564301445007324,0.04,0.013
SPY,2026-05-25,2028-12-15,934,call,915.0,43.295,43.15,43.44,745.6400146484375,6,20,0.20418200000762937,0.04,0.013
SPY,2026-05-25,2028-12-15,934,call,920.0,41.614999999999995,41.47,41.76,745.6400146484375,2,58,0.2027324295425415,0.04,0.013
SPY,2026-05-25,2028-12-15,934,call,925.0,39.96,39.82,40.1,745.6400146484375,1,41,0.20124089782714843,0.04,0.013
SPY,2026-05-25,2028-12-15,934,call,930.0,38.38,38.24,38.52,745.6400146484375,2,38,0.19985999122619627,0.04,0.013
SPY,2026-05-25,2028-12-15,934,call,935.0,36.85,36.71,36.99,745.6400146484375,1,41,0.19850960189819333,0.04,0.013
SPY,2026-05-25,2028-12-15,934,call,940.0,35.35,35.21,35.49,745.6400146484375,1,43,0.19715158325195312,0.04,0.013
SPY,2026-05-25,2028-12-15,934,call,945.0,33.905,33.77,34.04,745.6400146484375,1,140,0.19582789653778077,0.04,0.013
SPY,2026-05-25,2028-12-15,934,call,950.0,32.519999999999996,32.39,32.65,745.6400146484375,2,285,0.19456905902862548,0.04,0.013
SPY,2026-05-25,2028-12-15,934,call,955.0,31.17,31.04,31.3,745.6400146484375,2,35,0.1933254801559448,0.04,0.013
SPY,2026-05-25,2028-12-15,934,call,960.0,29.86,29.73,29.99,745.6400146484375,2,19,0.19210097457885744,0.04,0.013
SPY,2026-05-25,2028-12-15,934,call,965.0,28.619999999999997,28.49,28.75,745.6400146484375,3,71,0.19097183547973634,0.04,0.013
SPY,2026-05-25,2028-12-15,934,call,970.0,27.415,27.29,27.54,745.6400146484375,1,27,0.18983506706237796,0.04,0.013
SPY,2026-05-25,2028-12-15,934,call,975.0,26.240000000000002,26.11,26.37,745.6400146484375,8,40,0.18872118659973144,0.04,0.013
SPY,2026-05-25,2028-12-15,934,call,980.0,25.125,25.0,25.25,745.6400146484375,7,60,0.18765689670562746,0.04,0.013
SPY,2026-05-25,2028-12-15,934,call,985.0,24.055,23.93,24.18,745.6400146484375,10,6,0.18664601203918457,0.04,0.013
SPY,2026-05-25,2028-12-15,934,call,990.0,23.015,22.89,23.14,745.6400146484375,19,49,0.18563894203186035,0.04,0.013
SPY,2026-05-25,2028-12-15,934,call,995.0,22.015,21.89,22.14,745.6400146484375,1,68,0.18466238929748532,0.04,0.013
SPY,2026-05-25,2028-12-15,934,call,1000.0,21.07,20.95,21.19,745.6400146484375,515,4828,0.18374687110900875,0.04,0.013
SPY,2026-05-25,2028-12-15,934,call,1005.0,20.15,20.03,20.27,745.6400146484375,1,22,0.1828389822387695,0.04,0.013
SPY,2026-05-25,2028-12-15,934,call,1010.0,19.265,19.15,19.38,745.6400146484375,1,34,0.18193872268676758,0.04,0.013
SPY,2026-05-25,2028-12-15,934,call,1015.0,18.424999999999997,18.31,18.54,745.6400146484375,7,20,0.18111475631713864,0.04,0.013
SPY,2026-05-25,2028-12-15,934,call,1020.0,17.619999999999997,17.5,17.74,745.6400146484375,1,23,0.18033656585693358,0.04,0.013
SPY,2026-05-25,2028-12-15,934,call,1025.0,16.845,16.73,16.96,745.6400146484375,2,23,0.17954311676025392,0.04,0.013
SPY,2026-05-25,2028-12-15,934,call,1030.0,16.105,15.99,16.22,745.6400146484375,10,283,0.17879544357299804,0.04,0.013
SPY,2026-05-25,2028-12-15,934,call,1035.0,15.395,15.28,15.51,745.6400146484375,2,12,0.17807828765869144,0.04,0.013
SPY,2026-05-25,2028-12-15,934,call,1040.0,14.719999999999999,14.61,14.83,745.6400146484375,1,138,0.17738401969909667,0.04,0.013
SPY,2026-05-25,2028-12-15,934,call,1045.0,14.07,13.96,14.18,745.6400146484375,1,0,0.1767202690124512,0.04,0.013
SPY,2026-05-25,2028-12-15,934,call,1050.0,13.45,13.34,13.56,745.6400146484375,1,238,0.1760870355987549,0.04,0.013
SPY,2026-05-25,2028-12-15,934,call,1055.0,12.86,12.75,12.97,745.6400146484375,1,2,0.1754919487762451,0.04,0.013
SPY,2026-05-25,2028-12-15,934,call,1060.0,12.295,12.19,12.4,745.6400146484375,1,26,0.17488923263549805,0.04,0.013
SPY,2026-05-25,2028-12-15,934,call,1065.0,11.754999999999999,11.65,11.86,745.6400146484375,1,5,0.17433992172241214,0.04,0.013
SPY,2026-05-25,2028-12-15,934,call,1070.0,11.245000000000001,11.14,11.35,745.6400146484375,3,659,0.17383638671875,0.04,0.013
SPY,2026-05-25,2028-12-15,934,call,1075.0,10.754999999999999,10.65,10.86,745.6400146484375,2,13,0.1733404810333252,0.04,0.013
SPY,2026-05-25,2028-12-15,934,call,1080.0,10.285,10.18,10.39,745.6400146484375,1,72,0.17285983398437502,0.04,0.013
SPY,2026-05-25,2028-12-15,934,call,1085.0,9.84,9.74,9.94,745.6400146484375,7,7,0.17240207489013676,0.04,0.013
SPY,2026-05-25,2028-12-15,934,call,1090.0,9.42,9.32,9.52,745.6400146484375,1,25,0.1720053503417969,0.04,0.013
SPY,2026-05-25,2028-12-15,934,call,1095.0,9.015,8.92,9.11,745.6400146484375,1,351,0.1715781085205078,0.04,0.013
SPY,2026-05-25,2028-12-15,934,call,1100.0,8.625,8.53,8.72,745.6400146484375,308,698,0.17118901329040528,0.04,0.013
SPY,2026-05-25,2028-12-15,934,call,1105.0,8.265,8.17,8.36,745.6400146484375,1,3,0.17087621124267582,0.04,0.013
SPY,2026-05-25,2028-12-15,934,call,1110.0,7.915,7.82,8.01,745.6400146484375,1,212,0.17054815055847172,0.04,0.013
SPY,2026-05-25,2028-12-15,934,call,1120.0,7.26,7.17,7.35,745.6400146484375,1,254,0.1699149171447754,0.04,0.013
SPY,2026-05-25,2028-12-15,934,call,1130.0,6.675,6.59,6.76,745.6400146484375,1,276,0.1694113821411133,0.04,0.013
SPY,2026-05-25,2028-12-15,934,call,1140.0,6.140000000000001,6.05,6.23,745.6400146484375,1,36,0.16901465759277345,0.04,0.013
SPY,2026-05-25,2028-12-15,934,call,1150.0,5.66,5.58,5.74,745.6400146484375,4,739,0.16863319168090823,0.04,0.013
SPY,2026-05-25,2028-12-15,934,call,1160.0,5.22,5.14,5.3,745.6400146484375,20,9,0.16835853622436525,0.04,0.013
SPY,2026-05-25,2028-12-15,934,call,1170.0,4.83,4.75,4.91,745.6400146484375,1,540,0.1682212084960938,0.04,0.013
SPY,2026-05-25,2028-12-15,934,call,1180.0,4.47,4.39,4.55,745.6400146484375,3,23,0.1680991394042969,0.04,0.013
SPY,2026-05-25,2028-12-15,934,call,1190.0,4.145,4.07,4.22,745.6400146484375,3,98,0.16800758758544926,0.04,0.013
SPY,2026-05-25,2028-12-15,934,call,1200.0,3.885,3.85,3.92,745.6400146484375,13,1168,0.16797707031250003,0.04,0.013
SPY,2026-05-25,2028-12-15,934,call,1210.0,3.585,3.51,3.66,745.6400146484375,2,71,0.1681143980407715,0.04,0.013
SPY,2026-05-25,2028-12-15,934,call,1220.0,3.34,3.27,3.41,745.6400146484375,1,86,0.16819069122314456,0.04,0.013
SPY,2026-05-25,2028-12-15,934,call,1230.0,3.12,3.05,3.19,745.6400146484375,2,156,0.16837379486083986,0.04,0.013
SPY,2026-05-25,2028-12-15,934,call,1240.0,2.925,2.86,2.99,745.6400146484375,2,312,0.16861793304443362,0.04,0.013
SPY,2026-05-25,2028-12-15,934,call,1250.0,2.745,2.68,2.81,745.6400146484375,1,146,0.16893836441040044,0.04,0.013
SPY,2026-05-25,2028-12-15,934,call,1260.0,2.58,2.52,2.64,745.6400146484375,9,350,0.16922827850341798,0.04,0.013
SPY,2026-05-25,2028-12-15,934,call,1270.0,2.43,2.37,2.49,745.6400146484375,2,95,0.16962500305175782,0.04,0.013
SPY,2026-05-25,2028-12-15,934,call,1280.0,2.295,2.24,2.35,745.6400146484375,2,49,0.1700217276000977,0.04,0.013
SPY,2026-05-25,2028-12-15,934,call,1290.0,2.165,2.11,2.22,745.6400146484375,1,118,0.17044896942138676,0.04,0.013
SPY,2026-05-25,2028-12-15,934,call,1300.0,2.05,2.0,2.1,745.6400146484375,34,356,0.17089146987915044,0.04,0.013
SPY,2026-05-25,2028-12-15,934,call,1310.0,1.9449999999999998,1.89,2.0,745.6400146484375,2,82,0.1715018153381348,0.04,0.013
SPY,2026-05-25,2028-12-15,934,call,1320.0,1.875,1.85,1.9,745.6400146484375,1,997,0.1720358676147461,0.04,0.013
SPY,2026-05-25,2028-12-15,934,call,1330.0,1.755,1.71,1.8,745.6400146484375,1,283,0.1724631094360352,0.04,0.013
SPY,2026-05-25,2028-12-15,934,call,1340.0,1.6749999999999998,1.63,1.72,745.6400146484375,5,668,0.17313448944091797,0.04,0.013
SPY,2026-05-25,2028-12-15,934,call,1350.0,1.595,1.55,1.64,745.6400146484375,102,6985,0.17371431762695314,0.04,0.013
SPY,2026-05-25,2028-12-15,934,call,1360.0,1.525,1.48,1.57,745.6400146484375,1,0,0.17438569763183598,0.04,0.013
SPY,2026-05-25,2028-12-15,934,call,1380.0,1.4,1.36,1.44,745.6400146484375,1,0,0.17566742309570313,0.04,0.013
SPY,2026-05-25,2028-12-15,934,call,1400.0,1.29,1.25,1.33,745.6400146484375,20,0,0.1771017349243164,0.04,0.013
SPY,2026-05-25,2028-12-15,934,call,1480.0,0.985,0.95,1.02,745.6400146484375,27,0,0.18341881042480468,0.04,0.013
